category,gender,ratio_hw,ratio_jf,ratio_fw,ratio_fj
Heart,Female,1.1665877599303698,0.873482554271309,0.8826131733895903,1.0104531213286776
Heart,Female,1.1798669237186317,0.8843455016072546,0.9148087881844136,1.0344472680889918
Heart,Male,1.2586475564291395,0.8348422623514712,0.8974558115116406,1.075000454557497
Heart,Female,1.1840783635068717,0.8809185404791785,0.8912066284694928,1.011678818775591
Heart,Female,1.2186122251033547,0.9028846280501452,0.8916631134381018,0.9875714855880565
Heart,Male,1.2009135244777758,0.8552254480918486,0.9141985874109264,1.068956249431839
Heart,Female,1.194368286206331,0.891044452708409,0.8791549597050908,0.9866566780510456
Heart,Female,1.2000435188643492,0.8701420042821149,0.8712483142115568,1.0012714130842983
Heart,Female,1.1918607126873322,0.8816766999238403,0.8938183911925651,1.0137711377308414
Heart,Female,1.2449087814426738,0.8833239561768731,0.8986140228267139,1.017309693168538
Heart,Female,1.2394900183930124,0.859575759000304,0.9137245664599671,1.0629948051613727
Heart,Male,1.1427865576489709,0.8636743135505387,0.8976230588712554,1.039307346285609
Heart,Female,1.2203396449767723,0.8730630041235427,0.9014928939833526,1.0325633885819618
Heart,Female,1.1690656831555428,0.8663831808084943,0.9243886680418283,1.0669513080565625
Heart,Male,1.2073399560369718,0.8611036381357166,0.90737971960478,1.0537404319522456
Heart,Female,1.227676996865439,0.8860275220434912,0.8982942950816512,1.0138446862348796
Heart,Female,1.2540120641375754,0.8892975331512709,0.9012765655764934,1.0134702188847575
Heart,Male,1.1315102453625405,0.849592722674695,0.9234769619273668,1.0869643033429817
Heart,Female,1.1879223345801797,0.8825725196586001,0.8861968894968161,1.0041065972002141
Heart,Female,1.1975833862030778,0.887728328232177,0.883380888858084,0.9951027366866274
Heart,Female,1.195249421309253,0.8633419919272811,0.9052626555642238,1.0485562662640342
Heart,Female,1.156116494269726,0.8716986830968206,0.894803275935161,1.0265052515122064
Heart,Male,1.164806023472831,0.8528460617974088,0.936219047245314,1.0977585395331406
Heart,Female,1.2775898602516849,0.8539126174052344,0.9294830447541066,1.0884990171225088
Heart,Female,1.1928672820510255,0.9069091324163955,0.899656249654168,0.9920026356522591
Heart,Female,1.2247389908449957,0.8956238996515148,0.9065670438164111,1.0122184592987684
Heart,Female,1.1819696098815726,0.8772150790414959,0.885411176265612,1.009343315476373
Heart,Female,1.1690127651392332,0.8623657706418181,0.9061101172813569,1.050725977454998
Heart,Female,1.2000219994072063,0.8634032394549297,0.9088967874924775,1.052690962876475
Heart,Female,1.2155607252048186,0.8864603345971652,0.885486369845843,0.9989012878373571
Heart,Female,1.1513034096728303,0.8838459084931096,0.8919974220503863,1.0092227768199713
Heart,Female,1.2118437108970517,0.8560227010626531,0.8931083621787653,1.0433232215338153
Heart,Female,1.2027216622127954,0.8529060296298291,0.913527812881214,1.0710767436803037
Heart,Female,1.180583518403177,0.9006823468533949,0.8813917082544898,0.9785821953030406
Heart,Female,1.2644031100330888,0.8826238805434197,0.875714482210991,0.9921717523344432
Heart,Male,1.1453179853428224,0.8562001618686949,0.9320220702845893,1.0885562883454842
Heart,Female,1.1746356315999866,0.8787391848731987,0.8865736412264432,1.0089155650369397
Heart,Female,1.1961830513933775,0.8931141007357846,0.8779847227864076,0.9830599719152202
Heart,Female,1.1799514610107962,0.8936723375053564,0.8592016487035988,0.9614280454310796
Heart,Female,1.1482493085227117,0.8473292454263247,0.9450648817181537,1.1153455245636592
Heart,Female,1.2392600186744516,0.8417281850922116,0.9031941954530537,1.073023585819582
Heart,Male,1.1926951273846849,0.898678624501074,0.8671656651739817,0.9649341171939106
Heart,Female,1.1843791081650943,0.8768267667518368,0.8798000939392198,1.0033910086919422
Heart,Female,1.2152355472646037,0.8723856647227817,0.9058482269208228,1.0383575333148953
Heart,Female,1.2096563987907423,0.858948537279869,0.9069959955961339,1.0559375285374166
Heart,Female,1.2094327906102877,0.8764289672119416,0.8907090547401524,1.0162934910442747
Heart,Female,1.177184424405411,0.8858604695812735,0.8882292493650819,1.0026739874564308
Heart,Female,1.200898393799244,0.8953653432956319,0.8713273919343971,0.9731529128961407
Heart,Male,1.1638392391755936,0.886576102714414,0.8850655574560867,0.9982962035027761
Heart,Female,1.2390529638156556,0.8881849025432009,0.8861907728343835,0.9977548259342087
Heart,Female,1.2525525724502142,0.8868024887784105,0.905354028526159,1.0209195846679497
Heart,Female,1.2270215986667923,0.8806301857913034,0.8925405683069907,1.0135248401745223
Heart,Female,1.2406416291378177,0.9061750556735866,0.8773669961080559,0.9682091673290247
Heart,Female,1.1873829637651923,0.863803767042486,0.8943882294121034,1.035406724925886
Heart,Female,1.1686000840331705,0.8920845248554888,0.8639490977783361,0.9684610299884863
Heart,Female,1.2355913473484215,0.8699141272396798,0.9158971022006253,1.0528592116406408
Heart,Female,1.1654939916155929,0.8859550598800869,0.8958680423926028,1.01118903538274
Heart,Female,1.1653505174377108,0.8782719858291366,0.8954293912241114,1.0195354123458433
Heart,Female,1.2292696924973785,0.8636042303090175,0.8965590719507432,1.0381596574972007
Heart,Female,1.232452856847205,0.8885208894099947,0.866464580534243,0.9751763755488092
Heart,Female,1.193064855530017,0.8862626498127523,0.8700019786611861,0.9816525370272552
Heart,Female,1.2215705141836195,0.8600740953127102,0.9083061822690497,1.05607899042559
Heart,Female,1.1678575103621769,0.8785775506855642,0.8932966962809344,1.0167533823097172
Heart,Female,1.218134262219224,0.8624219343798876,0.9360975506145425,1.0854287365587825
Heart,Female,1.1478800064897206,0.8559602140740872,0.8979778697677977,1.0490883279419267
Heart,Male,1.1756459611318888,0.8780446380461453,0.9023706106107701,1.027704710570018
Heart,Female,1.245932329141081,0.88511169976779,0.8823825852533281,0.9969166439499356
Heart,Female,1.2120919761319806,0.8774427329271864,0.8924452569967397,1.0170980093703714
Heart,Female,1.1651680756336564,0.8645916903876736,0.9067805450501448,1.0487962758970701
Heart,Female,1.1929022088600099,0.891159930325114,0.8880400822803631,0.9964991154353039
Heart,Female,1.195085989874177,0.8614569076714806,0.9383455547497932,1.0892541999415186
Heart,Male,1.2136319529279718,0.8945465961110405,0.8946352807553295,1.0000991392116125
Heart,Female,1.1634385064951567,0.8861219637816169,0.8840229485627948,0.9976312344072091
Heart,Female,1.140978008373486,0.8895629093699831,0.8783828436389665,0.987431956061506
Heart,Female,1.157105904197241,0.8670755930570689,0.9061572931168745,1.0450730021381578
Heart,Female,1.2745470573652282,0.8944671901208343,0.9236395899986832,1.0326142760741264
Heart,Female,1.2006421986800375,0.8334586135564954,0.9527226205191122,1.1430952959424092
Heart,Female,1.2182678739308517,0.877807631482085,0.8949548308078963,1.0195341196759249
Heart,Male,1.1853310096014387,0.8737680786592225,0.8969124703085953,1.0264880260731055
Heart,Female,1.1660513956786598,0.8626191179690669,0.9181931597054533,1.0644247740152444
Heart,Male,1.1995161440075583,0.8383891787410991,0.9418930213850348,1.1234556042330535
Heart,Male,1.1547846629640635,0.8689548099031829,0.9100007691494303,1.0472360113304635
Heart,Female,1.2295090565226396,0.8757445616759664,0.9068200377588744,1.0354846349527276
Heart,Male,1.1870136565243572,0.8689760111023765,0.9216591118979184,1.0606266457559725
Heart,Female,1.252341438875172,0.8636465157797477,0.9197445770707311,1.064954886363821
Heart,Male,1.1866416945478027,0.8646152219388715,0.9387148322127566,1.0857024123490668
Heart,Male,1.1892783826532813,0.8654291848210702,0.9199456884153602,1.062993604272268
Heart,Male,1.1989507658555505,0.8734305581964643,0.9289740715980833,1.063592363331448
Heart,Male,1.2229992317651384,0.8675873889686224,0.9139509056140842,1.0534395926392823
Heart,Female,1.2066380847146279,0.8918642286549011,0.8938196000293223,1.00219245408841
Heart,Male,1.2058142168021895,0.8779020254266546,0.9161653501472706,1.0435849600666092
Heart,Female,1.1774824270683293,0.8615738997470438,0.9282459066294236,1.0773839677617376
Heart,Female,1.2495343631012112,0.8875920892259016,0.9024900941854606,1.0167847428344614
Heart,Female,1.299530183333559,0.8584748420989659,0.9145387822210949,1.0653064450730472
Heart,Male,1.1839152511071453,0.8401108804469385,0.93579924482653,1.1138996846805334
Heart,Female,1.1582184514078164,0.840733117887444,0.932579742362166,1.1092458742502138
Heart,Female,1.1835736374407086,0.862947964192584,0.9368025003575712,1.0855839972159724
Heart,Female,1.1623472913324502,0.8736577444576912,0.889203597883655,1.0177939857164702
Heart,Male,1.1954750233691604,0.9004862985832213,0.8949845092223252,0.9938902020280017
Heart,Male,1.1784287746330402,0.8682935380953911,0.8978386950252284,1.0340266921652381
Heart,Female,1.3506367412687665,0.8930583198397118,0.8802692671680492,0.9856794876800901
Heart,Female,1.2240336420156512,0.8860310787526301,0.8922041781908943,1.0069671364654103
Heart,Female,1.1882814083754787,0.8561530916757638,0.9093991268904512,1.0621921893787336
Heart,Female,1.2230343789302263,0.8990246156812525,0.8916322217138114,0.9917773175077755
Heart,Female,1.1631697835366335,0.8831714609730819,0.8717460581324452,0.9870632110008989
Heart,Female,1.2283709750868608,0.8684389607389777,0.8899025983148847,1.024715194211972
Heart,Female,1.244877843840384,0.8846175394268146,0.905037178961915,1.023083014551499
Heart,Female,1.2082169496770294,0.876212940732975,0.9015048597889852,1.0288650371162664
Heart,Female,1.1853229914424244,0.8620501797268709,0.9177638157945659,1.0646292262073966
Heart,Female,1.3050316098551362,0.8726265103392857,0.9120368570600009,1.045162903319763
Heart,Female,1.2271729701373904,0.8524938436389772,0.9134221781451595,1.0714707032324151
Heart,Male,1.181624065115782,0.8776283621273063,0.9113732937300196,1.038450137961492
Heart,Female,1.2647691230205254,0.8995862936182023,0.9009363657679796,1.0015007700310188
Heart,Female,1.150191454211451,0.8562862964653599,0.9110489855963722,1.0639537142624675
Heart,Female,1.2020525212629625,0.8552937957595285,0.9218814623825382,1.0778535597395251
Heart,Female,1.2210742678888002,0.8840351858803646,0.8914069402864752,1.0083387567868913
Heart,Female,1.1358861456072806,0.8668630074284116,0.9115599903620255,1.05156176068259
Heart,Female,1.2447330412307258,0.847407347912543,0.9289289374011337,1.0962011831610932
Heart,Female,1.2724204751548298,0.869883687748378,0.910900660943439,1.0471522500913082
Heart,Female,1.219274292373743,0.8942375380687264,0.8854194634971403,0.9901390020031697
Heart,Female,1.2723816216136121,0.8726464336917268,0.9222166638689343,1.0568044837672697
Heart,Male,1.1684633689475925,0.8594538686897001,0.9026595789992391,1.050271122027072
Heart,Female,1.1771048806550635,0.8721422141696124,0.895337274720694,1.0265955026304583
Heart,Female,1.1915856591752114,0.8589659492677905,0.9203099237225283,1.0714160724380628
Heart,Female,1.1430157030431511,0.8693325234532269,0.9154263245784301,1.0530220598926934
Heart,Female,1.1976960527447267,0.8813360501158966,0.8822714732566879,1.0010613694295931
Heart,Female,1.1699580207863542,0.887651864017485,0.8914700584188913,1.0043014548340217
Heart,Female,1.207455349138987,0.8616501676080282,0.9144602687568886,1.0612894921096148
Heart,Female,1.1330048291269292,0.8734321027560285,0.9046058494483722,1.0356910933248022
Heart,Female,1.155936322025316,0.8484285541929735,0.9107592185154464,1.073466014332535
Heart,Male,1.2283715354001337,0.8663418337421636,0.8992290885623869,1.0379610605644736
Heart,Male,1.1998773878849909,0.8756347330390509,0.9121158866016393,1.0416625245505895
Heart,Male,1.1544040246815312,0.8684143485286477,0.918615484715039,1.0578078152110764
Heart,Female,1.2047432484008145,0.8765314183829804,0.9156356403159989,1.0446124589637158
Heart,Female,1.2002698641375835,0.8709259500432013,0.9021836460418335,1.0358901879052769
Heart,Male,1.2133226669383863,0.862102083419089,0.908526376719917,1.0538501114818208
Heart,Female,1.189510547419546,0.8870232703297328,0.9145375130059994,1.031018625549743
Heart,Female,1.2885675903058327,0.8706797072874776,0.9195608885379613,1.0561414040563417
Heart,Female,1.1575569096412575,0.8453680698134165,0.9309294766157293,1.1012120162300396
Heart,Female,1.1973568578388922,0.8874712110989403,0.8821168717024965,0.9939667458172377
Heart,Female,1.2317072509557088,0.877605807296667,0.8958352691520098,1.0207718108788453
Heart,Female,1.1992655108824888,0.8559018414505184,0.9166009871278163,1.0709183492051257
Heart,Female,1.1550352127926575,0.8911946013676009,0.8673486761749488,0.973242740523721
Heart,Female,1.1618100554696464,0.8766224827920251,0.8971816030041324,1.0234526499327588
Heart,Female,1.2023790956512281,0.876307657588089,0.9058497202143235,1.0337119758916005
Heart,Female,1.2430301768321192,0.8754262170900801,0.9120108143972511,1.0417906119247584
Heart,Female,1.2049306650820417,0.8861071857854869,0.8763060793793578,0.9889391412649013
Heart,Female,1.2171850773571717,0.8966649649379662,0.8720867089004204,0.9725892535131601
Heart,Female,1.182094473435044,0.8847804628374198,0.9065382624798853,1.0245911845438924
Heart,Female,1.1869553239473745,0.8784320733934601,0.8911012162364668,1.014422450211847
Heart,Female,1.1899393566811356,0.8702262675816771,0.912745482446693,1.0488599533810614
Heart,Female,1.1934926693148487,0.8725023771092973,0.9016238932183166,1.0333770048919548
Heart,Female,1.2258909752442249,0.8825180166095823,0.9093810104074764,1.0304390316031113
Heart,Female,1.18584413187439,0.8723645407588089,0.9003081571939853,1.0320320406545527
Heart,Female,1.157078861808615,0.8640842880203008,0.939643256321322,1.0874439789596613
Heart,Male,1.2066800417213113,0.9204021123656885,0.863821396767207,0.9385260911091856
Heart,Male,1.1444546609007158,0.8722844956518283,0.9258137938854534,1.0613667885884233
Heart,Female,1.1947300290310965,0.8837788610721524,0.8953237114354647,1.01306305329515
Heart,Female,1.263764185204745,0.887837295565776,0.9052230522252708,1.0195821427488196
Heart,Female,1.1757542659036433,0.8748162631708407,0.9006353660582513,1.029513743598944
Heart,Female,1.1913588774811015,0.8861357552206972,0.9123583391404452,1.0295920616736847
Heart,Female,1.1799979400401295,0.8765565994787363,0.8955119517609481,1.0216247898806352
Heart,Male,1.2239914243242829,0.8543940579460715,0.9224739100352505,1.0796820289841906
Heart,Female,1.1900212984129594,0.8754053758539464,0.8899642149539039,1.0166309683508117
Heart,Female,1.1729996293203346,0.8709414745144372,0.9095606153184607,1.0443418322976918
Heart,Male,1.1818689061309762,0.8812085062664464,0.8981398587126344,1.0192137868912814
Heart,Female,1.1819020101584863,0.9161315088226691,0.8687345074277423,0.9482639763631345
Heart,Female,1.2190198459116757,0.8617975134055624,0.9201813280718951,1.067746557350366
Heart,Female,1.1732444216253795,0.8634799257982262,0.9084739446901272,1.0521077763913356
Heart,Male,1.1921259745044297,0.8787725015471796,0.9110499691738767,1.0367301748403244
Heart,Female,1.2751781788688292,0.8828452705075204,0.8914005887394857,1.0096906202227793
Heart,Male,1.1440590125206556,0.8483860931817198,0.9322629613466044,1.0988663874136826
Heart,Female,1.2069106083627772,0.8509051406189883,0.9165382831995922,1.0771333247944175
Heart,Female,1.2236608812296612,0.8845532794253919,0.8983929349515871,1.0156459264219624
Heart,Female,1.1455008287309008,0.8549253178740133,0.9052155354386527,1.0588241060513903
Heart,Female,1.1901353412390583,0.8755994780848734,0.8861214532848192,1.0120168815346482
Heart,Female,1.1768878652694608,0.8651899070803858,0.9137505275853893,1.0561271231987357
Heart,Female,1.2260913051319409,0.8753476363933733,0.9047070270799714,1.0335402638517028
Heart,Female,1.244615607667166,0.9093883797167726,0.8888072735752442,0.9773681887732739
Heart,Female,1.1950927498779607,0.8705375708159759,0.9067247093331868,1.041568726876764
Heart,Male,1.2210520418370163,0.8600060998645572,0.9088730455959094,1.056821626892005
Heart,Female,1.2273941002093307,0.8754394848404684,0.8864826099020112,1.0126143785524537
Heart,Female,1.2056981673008298,0.8877654673624735,0.8963592726295673,1.0096802653212291
Heart,Female,1.2015693122581501,0.8830850056852879,0.9277373229877791,1.0505640080117091
Heart,Female,1.2291616225537598,0.8768333909623983,0.9145611404538787,1.043027272775357
Heart,Female,1.182803630320769,0.8737896117668624,0.8839610265169796,1.011640576419248
Heart,Female,1.1865906246719764,0.8876301065653898,0.8691217273516846,0.9791485450112527
Heart,Female,1.18533863726306,0.8493370035097804,0.943853892419169,1.111283140283314
Heart,Female,1.1547214126942653,0.85754900561297,0.93231564965231,1.0871864389672952
Heart,Female,1.164094530666619,0.8602527098895553,0.9262782078125447,1.0767512815291986
Heart,Female,1.189021530425974,0.8842260705367562,0.9051414615786443,1.0236538954672438
Heart,Female,1.1603724719195816,0.8762342239692426,0.8986341861049161,1.0255638977831798
Heart,Female,1.1529978389519921,0.8528940627028181,0.9432449930057585,1.1059345283945565
Heart,Male,1.1790189037041328,0.8628689686174099,0.9187716395937864,1.0647869757860806
Heart,Female,1.224536520212089,0.8564079707698234,0.9080136991261388,1.0602583466264648
Heart,Female,1.1786504628738113,0.8713110184808496,0.893777759222008,1.0257849840810342
Heart,Male,1.191792351405302,0.8747410880787984,0.8989521122073428,1.027677931742888
Heart,Female,1.2558370552997085,0.8791197617571486,0.8831373245006175,1.0045699834291506
Heart,Female,1.170026226484342,0.8485957467770271,0.9211161053861742,1.085459252988929
Heart,Female,1.2321703433963465,0.8942884405417374,0.883872536192944,0.9883528581198212
Heart,Female,1.1573267562022929,0.8576732560268711,0.9012828398416342,1.0508463841076057
Heart,Female,1.2179012292866807,0.8937864087874358,0.8714404112921534,0.9749985038085348
Heart,Male,1.2417993945720904,0.8487717836066189,0.9190553933885012,1.0828062515028853
Heart,Female,1.2215419881764928,0.8676143534266251,0.9093772038673122,1.0481352691731594
Heart,Female,1.1684704168397542,0.8811028420993028,0.896139664817694,1.017065911037768
Heart,Female,1.2053004681898747,0.900238868865825,0.8905563979479076,0.9892445535815223
Heart,Male,1.1904240242496753,0.8839268130325285,0.896671760453055,1.0144185550575187
Heart,Female,1.2597641488344966,0.8541586765432724,0.915319529724696,1.0716036198671397
Heart,Male,1.1577454825401063,0.8657095976804083,0.889579799167298,1.0275729893151788
Heart,Female,1.2239150493274904,0.850627528814014,0.9177047281146143,1.0788561350631605
Heart,Female,1.1610203429589094,0.8580344673864759,0.9301904537439287,1.0840945079714988
Heart,Female,1.1715208889636086,0.8551547386635348,0.9271558264323321,1.0841965605912716
Heart,Female,1.1410739216032733,0.8551921455600998,0.9317266601062991,1.0894939399800891
Heart,Female,1.2159005750008371,0.8527234071335934,0.931550969167708,1.0924421229377195
Heart,Female,1.1800722026213184,0.8686871617206924,0.9084254938955081,1.0457452739327957
Heart,Female,1.1847200310617916,0.860916931609545,0.927857157016862,1.0777545695171398
Heart,Female,1.1663595535050586,0.8622556180266424,0.8987718503633809,1.0423496600930355
Heart,Female,1.186451164786352,0.8805931451959597,0.9080477686730904,1.0311774212948492
Heart,Female,1.2026375789482682,0.8840221904120391,0.8861938620364246,1.0024565804432728
Heart,Female,1.1656800358238435,0.8572242053137249,0.9107791569613478,1.0624748476718795
Heart,Female,1.1985397346238484,0.8625229051449946,0.9089339181203354,1.0538084411422546
Heart,Female,1.1745057887836603,0.8822333032552909,0.8949993407537122,1.0144701378323815
Heart,Female,1.2252353771002609,0.8673728495985839,0.9045771261711871,1.0428930610288543
Heart,Male,1.228058717705559,0.8488920411203227,0.9206614892647775,1.0845448474811208
Heart,Female,1.1090685260643995,0.8940664542476395,0.8647765512036093,0.9672396801100452
Heart,Female,1.2255926694223085,0.8986024028681879,0.8943926061450509,0.9953151730846701
Heart,Female,1.2157294516648574,0.8743125794218642,0.8879454981060556,1.0155927285104442
Heart,Female,1.1502883869009397,0.8898697351921915,0.8688966526916148,0.9764312891301477
Heart,Female,1.2048704810980186,0.8717577696561929,0.9016659057234641,1.0343078514563357
Heart,Female,1.2096106965098017,0.8792456522980181,0.8960716385563691,1.0191368432864856
Heart,Female,1.211835508045433,0.8759512927200584,0.9087450056478453,1.0374378269663302
Heart,Female,1.1957566550801926,0.8681101842333531,0.8891690899063105,1.0242583327041084
Heart,Female,1.1818722654447507,0.8803651613918124,0.9055672383292501,1.02862684490785
Heart,Female,1.1664705424715647,0.9042521134345473,0.8910304184812805,0.9853783090392261
Heart,Male,1.161668633895006,0.8608482962709879,0.9111952506781437,1.0584852808854337
Heart,Female,1.123876574122109,0.8646620718026451,0.9163653360815475,1.0597959202386564
Heart,Female,1.1890705544909252,0.8826861891325875,0.8863054357419475,1.0041002642319765
Heart,Female,1.2001190741143029,0.8658984049677164,0.9050785457603464,1.0452479650821054
Heart,Male,1.2148222482893056,0.877468223238409,0.8908678578755108,1.015270791901328
Heart,Female,1.192145883508115,0.8807152081229284,0.8941020636310901,1.0151999822243256
Heart,Male,1.2017223304316262,0.8750635674301502,0.8941849468060167,1.0218514175284674
Heart,Female,1.2372208045523119,0.8948716751804966,0.8777170106513065,0.9808300284778485
Heart,Female,1.2398753685377732,0.8698233925926862,0.8882501066638518,1.0211844314927436
Heart,Female,1.1071491326089495,0.8608608385833775,0.90220492395696,1.0480264446012177
Heart,Female,1.2242119932518023,0.8783503551128516,0.8779417095851508,0.9995347579410401
Heart,Female,1.1915642988243171,0.8710924289326801,0.895109027553863,1.0275706662387247
Heart,Female,1.266904132849112,0.8893239650507321,0.8686097099538581,0.9767078636009856
Heart,Female,1.17707979972788,0.8753014486757046,0.9114620178586179,1.0413121322232732
Heart,Female,1.2171335840895083,0.871927696942993,0.9139076572300496,1.048146148395377
Heart,Female,1.1976488292844334,0.8947011548809792,0.8869665464306077,0.9913550928059319
Heart,Female,1.2108519955407122,0.8857307230057501,0.8882126876499353,1.0028021661434106
Heart,Female,1.1585692547938329,0.8769380278882609,0.9045302644122911,1.031464294678239
Heart,Male,1.1975933006448343,0.8464172445608585,0.9209893454335166,1.0881032390961598
Heart,Female,1.1995127239221886,0.8626926982382571,0.9195218308929015,1.0658741319715557
Heart,Female,1.194710244225716,0.879694922273487,0.8972193696326533,1.0199210509410195
Heart,Female,1.2587979747803457,0.8428853955993283,0.9085768635884732,1.0779364173731298
Heart,Female,1.1903264204138175,0.8708527871536278,0.9098018506256204,1.0447251981581147
Heart,Female,1.3046396745824544,0.8504553170232468,0.9208605682468456,1.082785361928279
Heart,Female,1.2456866287201045,0.8687192841134576,0.9226783537453594,1.0621133553941629
Heart,Female,1.2024659204118229,0.8568745586898019,0.9125394138629189,1.0649626653150153
Heart,Male,1.1861353247454232,0.8750196966624113,0.9083577998899076,1.0380998317576826
Heart,Female,1.1630782171729743,0.8945387272717588,0.8823949526488856,0.9864245400979895
Heart,Female,1.2142351183945597,0.9086638232644025,0.8701469880157526,0.9576115673778263
Heart,Female,1.1982411526463734,0.8660140772642627,0.9070586728194724,1.0473948364498527
Heart,Female,1.1537941795521507,0.8657271333673204,0.9066893755569052,1.0473154191555238
Heart,Female,1.2081351823233972,0.8641223985723677,0.9055762801416546,1.0479722336069215
Heart,Female,1.1981381035093714,0.8675223680337435,0.8988442921931553,1.0361050334994861
Heart,Female,1.1705774824831512,0.876690156993295,0.8931642989213608,1.018791293362487
Heart,Female,1.215377649214832,0.8535776470390207,0.9080002920644475,1.0637582828161138
Heart,Female,1.1803678976238214,0.8840511356388815,0.8856983229532609,1.0018632262863267
Heart,Female,1.166466701610579,0.8661247379589956,0.910594134133901,1.051342946605701
Heart,Female,1.1859366837511522,0.8716520635468512,0.9166439330066,1.051616776167169
Heart,Female,1.191924953029127,0.8720060800002872,0.8895149933362387,1.0200788890553902
Heart,Female,1.207150017087241,0.8940763809018718,0.8776989463959292,0.9816822870441757
Heart,Female,1.1773969063271061,0.8860650468651478,0.8910641301272906,1.0056418919579655
Heart,Female,1.2368595922395516,0.8833905871983796,0.8699264632466415,0.9847585834093627
Heart,Female,1.153846739632917,0.8455899491843707,0.9237471082284523,1.0924291485719166
Heart,Female,1.1990138231602818,0.9020179988677237,0.8779770939381786,0.9733476438832451
Heart,Female,1.1724302728072995,0.8616086981689627,0.9022402138692457,1.0471577362051132
Heart,Female,1.1916382758470458,0.8937406403552385,0.8751469905677327,0.9791956984521647
Heart,Female,1.179620505921156,0.8650010227884483,0.89629908083432,1.036182683281666
Heart,Female,1.1626586913901258,0.8825707842383282,0.9106044303893591,1.0317636235548227
Heart,Female,1.194542104245505,0.8951767737690219,0.8675397248656636,0.9691267136132271
Heart,Female,1.160096534291646,0.8670466037561126,0.89300037166063,1.0299335327444725
Heart,Male,1.1834842983205263,0.8702733032148823,0.9146397558392716,1.050979907645673
Heart,Female,1.1565904609227882,0.8693702734495745,0.9060736386160161,1.0422183346812703
Heart,Female,1.2174245374867052,0.8666863242688997,0.8913985493747716,1.0285134591534233
Heart,Female,1.190080854824157,0.8777298221199374,0.8802679370595645,1.002891681330249
Heart,Female,1.1353673006040934,0.863506808969811,0.9331863572301142,1.080693687109929
Heart,Female,1.1752819224577986,0.89573665151473,0.8789048980943015,0.9812090379555584
Heart,Female,1.1855649167277957,0.8711450308519618,0.8939710937665574,1.0262023682695776
Heart,Female,1.2574525007978463,0.8524221830336363,0.9121682142576806,1.0700897189364755
Heart,Female,1.1727027426137737,0.891176273239282,0.8899689754411184,0.9986452760980999
Heart,Male,1.1921397004933438,0.859574842023081,0.9008132616419254,1.0479753682899633
Heart,Female,1.2043031965116373,0.883692601976356,0.8930861241833322,1.010629852717979
Heart,Female,1.1697492902852522,0.8758886593314771,0.8859456489494055,1.0114820411370602
Heart,Female,1.1616224573336988,0.8541393287823562,0.8906932425139823,1.042796195538422
Heart,Female,1.16604544165857,0.8578329128176013,0.8961000673336957,1.0446091003787716
Heart,Female,1.1780660542784012,0.8855685495178155,0.8686962078384738,0.9809474470513564
Heart,Male,1.1976341552110872,0.869033165800728,0.9109253056520237,1.0482054557868299
Heart,Female,1.1948436296683513,0.8975147810718638,0.8618646052195387,0.9602790097676723
Heart,Female,1.2825356101241008,0.8723296501254679,0.9109197511628613,1.0442379793371037
Heart,Female,1.2137192092889326,0.8699206466851709,0.8736308093949633,1.004264943847384
Heart,Female,1.1612721151653058,0.8906687580314411,0.8859271358797095,0.9946763349348736
Heart,Female,1.2522773795388513,0.8915641240604596,0.8778056764743869,0.9845681906496949
Heart,Female,1.2123203528640565,0.8838992151156494,0.8955780066599422,1.013212809044937
Heart,Female,1.2438278045920874,0.8990051508495452,0.8860707731134021,0.985612565485392
Heart,Female,1.2138394671733301,0.8942005252288779,0.883643040058338,0.9881933807097265
Heart,Female,1.2280654366810366,0.8816439252659246,0.8862399311366776,1.005212995563222
Heart,Female,1.207463796266835,0.8758200086422332,0.9146369868095499,1.0443207254735982
Heart,Female,1.1778240330352336,0.8693286636887657,0.9123868976800293,1.0495304431911372
Heart,Female,1.1966816065707633,0.8695257003662138,0.8867669102654074,1.0198282924724735
Heart,Female,1.264232690760205,0.877108621222103,0.9130118346480691,1.040933599963869
Heart,Female,1.1487337414986163,0.8775354155282145,0.8722378703519313,0.9939631551245206
Heart,Female,1.2384683131317504,0.8853786650247488,0.8871020819343527,1.0019465308773345
Heart,Female,1.211634401813316,0.8737703363661798,0.8997431101080323,1.0297249433413678
Heart,Male,1.1599857870279755,0.8635827303316239,0.9076172817896677,1.050990541972897
Heart,Female,1.2100532714486527,0.8866932720239866,0.9020720656526577,1.0173439836681824
Heart,Male,1.1920230351304828,0.8704766851584377,0.9209998129209208,1.0580407593033778
Heart,Female,1.2304310460813335,0.9001475158437985,0.8981348506872708,0.9977640718647754
Heart,Female,1.1944971283442878,0.8744213010028374,0.9111826348217317,1.0420407574435049
Heart,Female,1.2087766532700865,0.8685391387201018,0.9080812821947046,1.0455271866422429
Heart,Male,1.2023818631992957,0.8649994516088308,0.8911238212941652,1.0302016025984122
Heart,Female,1.2641624436902308,0.8585287140364299,0.9223005895435066,1.074280422383602
Heart,Female,1.1873515368715024,0.8874151714757511,0.8871578788122038,0.99971006506107
Heart,Female,1.1889199442784828,0.8648881295024632,0.905079754426281,1.0464703162788678
Heart,Male,1.1727473032097515,0.8432076810905521,0.9485253132156479,1.1249011773574982
Heart,Female,1.1820172857548004,0.9155128627433264,0.8746119403333651,0.9553245791791477
Heart,Female,1.2117003307095635,0.8763425592330303,0.9015257239626832,1.0287366674873042
Heart,Female,1.2134122617229237,0.8662573090673215,0.8904141485449765,1.0278864480851124
Heart,Female,1.2354111543788688,0.8911739599770653,0.8839569585127444,0.9919016917140323
Heart,Female,1.1918196945837285,0.8641554370049664,0.9018699766492602,1.0436432359611214
Heart,Male,1.2096758348267773,0.8618436650446218,0.9016050234351909,1.046135233109256
Heart,Female,1.187575986212383,0.8746153670080766,0.8857980373506414,1.012785815072995
Heart,Female,1.187341488969122,0.8751939165048106,0.9173526625824858,1.0481707485422673
Heart,Male,1.2144227681962765,0.8423744742865402,0.9247467953704487,1.0977858702967878
Heart,Male,1.2095836744684545,0.875396549668031,0.9164183151625745,1.046860780420142
Heart,Female,1.1367168398174392,0.8793213749505181,0.9062494254635206,1.0306236733009222
Heart,Female,1.217754730941887,0.8709689247528789,0.8804491589035559,1.0108846985021502
Heart,Female,1.2245154935063112,0.8765292836482708,0.8787822122959918,1.0025702833775776
Heart,Female,1.177980057237367,0.8722196140929454,0.887970455991504,1.0180583440730562
Heart,Female,1.150633803006951,0.8732796398090726,0.9112704357452609,1.043503586027145
Heart,Female,1.1698413040304725,0.8849482507574284,0.8878805940887402,1.0033135760523872
Heart,Female,1.1804439377546225,0.9109531942128941,0.8691522735294119,0.9541129874190737
Heart,Female,1.193189376135576,0.8779511520376492,0.9113264621583773,1.038014996669538
Heart,Female,1.1883952979441927,0.8563033104668757,0.8910744249483805,1.040606072704013
Heart,Female,1.2644859976626004,0.8619125093710006,0.9189136090277841,1.0661332780729464
Heart,Female,1.2591811066652074,0.8744475033011894,0.9054964666428926,1.0355069495018148
Heart,Female,1.1704801311652662,0.892735817819624,0.8929724043357326,1.0002650129090669
Heart,Female,1.2128036711209398,0.8645807101768046,0.8971754134428384,1.037700012135788
Heart,Female,1.2395730274930572,0.8672880264637696,0.9070430579965211,1.045838326276504
Heart,Female,1.2105482613788436,0.8473052727878947,0.9001603099025947,1.0623801583823391
Heart,Male,1.2298462293444894,0.8702123869526871,0.8994582430712542,1.0336077221573234
Heart,Male,1.1244599010568732,0.8825817145790521,0.9174825810888612,1.0395440625307482
Heart,Female,1.1893862247925173,0.8942919649623642,0.8800351201580104,0.9840579527012148
Heart,Female,1.1930136664691997,0.8986807536238479,0.8827001328650468,0.9822176888796598
Heart,Female,1.2031993215566075,0.8611969656204638,0.9107049546516593,1.057487416941288
Heart,Female,1.2770385668174988,0.8948797197826367,0.885936665087214,0.9900064170662009
Heart,Female,1.1945196201600345,0.8731958827816416,0.9111248784399488,1.0434369840790831
Heart,Male,1.1642280331446724,0.8745296646411017,0.8825748927338832,1.0091994913586873
Heart,Female,1.1917998288256366,0.9125878519544199,0.8657203502300279,0.9486432986982902
Heart,Male,1.1446522362677982,0.8582547312709752,0.9212447499068109,1.0733931504724183
Heart,Female,1.25085983927766,0.8582397347474942,0.9228326120437476,1.0752620447190755
Heart,Female,1.2204202022078945,0.8874905637827964,0.8801516920009298,0.9917307607749815
Heart,Male,1.1592775039511507,0.8674496348531351,0.8940229199343268,1.0306338074436918
Heart,Female,1.1731424305329508,0.8980868430601275,0.887832642484099,0.9885821725869086
Heart,Female,1.2010547210966944,0.8564819456338126,0.9273821445319309,1.0827807279062382
Heart,Female,1.2391290818834755,0.8807877303034316,0.9104514883561087,1.0336786685737072
Heart,Female,1.2229688797151728,0.8227399320603452,0.9358570290936512,1.137488278647218
Heart,Female,1.153220649631653,0.868784111657031,0.9199003659204287,1.0588365435987357
Heart,Female,1.198735829742955,0.8965695002644656,0.8801048634203292,0.9816359614739518
Heart,Female,1.1886341212762088,0.8529161275569068,0.908544986484799,1.0652219569200028
Heart,Female,1.1851250502887705,0.8768236846187548,0.9027835899413758,1.0296067564984954
Heart,Female,1.214294697749835,0.8706938769592505,0.9143192199974796,1.0501041114364824
Heart,Female,1.21592412269538,0.8867944121575715,0.8931992352497816,1.007222444125045
Heart,Female,1.1840599496954427,0.8773097781972901,0.8945918308271227,1.0196989171434336
Heart,Female,1.1523473554494112,0.8428383424937315,0.9113764311642263,1.0813181902329088
Heart,Female,1.2134539931214015,0.8711331829038491,0.8856271383646815,1.0166380477121972
Heart,Female,1.1556726943735294,0.853298601150983,0.9189164253924372,1.0768990177095623
Heart,Female,1.2806863159680026,0.8746969887299728,0.8958447625679251,1.0241772569363228
Heart,Female,1.146730034653103,0.8590246406997738,0.9109134752715871,1.0604043610780989
Heart,Female,1.2386732556449715,0.8674394282369309,0.9044557156672718,1.0426730515415656
Heart,Female,1.142432158508092,0.8732580885533666,0.9144183806099021,1.0471341664005898
Heart,Male,1.2059077383221417,0.8796004150496582,0.8907475449527523,1.0126729475252292
Heart,Female,1.1979444016129996,0.8709534856208191,0.9059365573469059,1.040166406477093
Heart,Male,1.1950235428842184,0.8776177452650176,0.9146232759211992,1.042165886977373
Heart,Female,1.1526739438578015,0.8782458670451511,0.8915545763306681,1.0151537397270016
Heart,Female,1.2124002600587231,0.8483659689563566,0.9152735099968166,1.078866366036309
Heart,Female,1.1585093386051704,0.883479566035034,0.895472151155131,1.0135742642853853
Heart,Female,1.209203191732328,0.8925635909938388,0.8812815463658061,0.9873599542465422
Heart,Female,1.2680432263411816,0.85354177562981,0.9156581010848448,1.072774792316639
Heart,Female,1.2033606263863936,0.8785972660257686,0.8989355609068601,1.0231485979612587
Heart,Female,1.2389026514844994,0.8790721410275251,0.9139416525038293,1.0396662683856026
Heart,Female,1.1767213990726504,0.9045434997757014,0.8735466084080399,0.9657320058401306
Heart,Male,1.140753613362116,0.8604191149969982,0.9222335409975133,1.0718422277272754
Heart,Female,1.247148401412773,0.872849382683206,0.9251616833261462,1.0599327921641284
Heart,Female,1.2510460300395254,0.8877794754051362,0.8901897934673404,1.0027149963802713
Heart,Female,1.1581088754940185,0.87239724163706,0.9045105963835132,1.036810472584934
Heart,Female,1.1429831489743576,0.8381805521109816,0.9159057432284078,1.0927308453073423
Heart,Female,1.1881895714709645,0.8540004920291805,0.9190267474538755,1.076143112365412
Heart,Male,1.2163343088610052,0.8578053970344903,0.9215228536269039,1.0742796172799687
Heart,Female,1.2840137917831498,0.8564042565001238,0.8853833450269504,1.0338380949264028
Heart,Female,1.2022218920134375,0.8603706749046337,0.918588611016708,1.0676661092831032
Heart,Female,1.181336527811846,0.8627110241112342,0.8965851184691067,1.0392647055748125
Heart,Male,1.1831680494159025,0.8800539678553808,0.8941661176229297,1.0160355504128218
Heart,Female,1.2139732418110545,0.8817767859052431,0.8883344973314086,1.007436929085668
Heart,Female,1.2091999977681165,0.8781634045624533,0.9067779931525596,1.0325845832807887
Heart,Female,1.1485896901041448,0.8690362417707486,0.8954313894490831,1.0303728963300214
Heart,Male,1.1346842473647,0.8734735929220661,0.9048910609464919,1.0359684234062803
Heart,Female,1.2716115849520209,0.8747694864272091,0.9078997431564692,1.037873127999209
Heart,Female,1.1769384591011145,0.8585921023778674,0.8985329052489089,1.0465189497555656
Heart,Female,1.2346179025984572,0.8616270882054317,0.8970414669121711,1.0411017471380797
Heart,Female,1.2926500967065455,0.8480834420937028,0.9352862845443133,1.1028234229350462
Heart,Female,1.1586395919130568,0.861977935471182,0.9214780867565312,1.0690274644359947
Heart,Female,1.172674245777107,0.8762440483672644,0.9115126105032242,1.040249702353673
Heart,Female,1.1455720113459555,0.878856882366426,0.9087200152685666,1.0339795175998743
Heart,Male,1.207400206758664,0.8637732397077844,0.9136615151419529,1.0577562178831168
Heart,Female,1.1814451934959886,0.8693865475781889,0.9057989404424139,1.0418828574765246
Heart,Female,1.212992789056121,0.859821261349208,0.9211312440036744,1.071305497328899
Heart,Female,1.249523534138827,0.8589600356869976,0.9048060783637183,1.053373894910085
Heart,Male,1.201382187789435,0.873671674121127,0.8962690222164086,1.0258648056983346
Heart,Female,1.198544200607591,0.8589776586999864,0.8974661211741121,1.0448072916499083
Heart,Female,1.1788136909772977,0.8868533285140061,0.8888779699469709,1.0022829495789987
Heart,Female,1.2916292696558176,0.8477686411878529,0.9294196948199882,1.0963128967801046
Heart,Female,1.1765798419590785,0.8913369908925348,0.8729884863481255,0.9794146268674027
Heart,Female,1.1926261176908382,0.8728632729199608,0.8844766999049452,1.0133049783915575
Heart,Male,1.1689693124921605,0.8660879628084278,0.9180567544319794,1.0600040571572367
Heart,Female,1.1990282229172398,0.8724257059134066,0.9080096426652585,1.040787354740535
Heart,Male,1.1847701355668117,0.8569701892746641,0.9113702381282144,1.0634795113463567
Heart,Female,1.1592536223248113,0.8756545221434695,0.9012671954568857,1.0292497470928605
Heart,Male,1.1583778207591342,0.8573810823135892,0.905645180642949,1.0562924693872673
Heart,Male,1.1539863714810594,0.8933580489492454,0.8898913617499751,0.9961194873619286
Heart,Male,1.2905226079084786,0.8667296772356368,0.8954376993302158,1.033122232742902
Heart,Female,1.181881560873527,0.8715910743783795,0.893754010956076,1.0254281362317796
Heart,Female,1.2808649727888248,0.8686668408477715,0.9116384360813949,1.0494684419997953
Heart,Female,1.2224482799190526,0.8826914854260148,0.8755371581498742,0.9918948722240277
Heart,Female,1.1458368828232532,0.8682535644855819,0.897706418463225,1.0339219499721755
Heart,Female,1.21553258768105,0.8679020603934905,0.9172475996279238,1.0568561148616942
Heart,Female,1.18577953867726,0.8727782366624416,0.9008140645079139,1.0321225102411846
Heart,Female,1.26910180591047,0.8834342211551691,0.8876599368147798,1.0047832827373215
Heart,Male,1.1874958271579295,0.8662000640467133,0.9095506954177951,1.0500469039087301
Heart,Female,1.2345352092110315,0.8598432197320744,0.8950266390338903,1.0409184122109831
Heart,Female,1.2653020458259832,0.865661439471906,0.9017694203891055,1.041711435060833
Heart,Female,1.2007200719786393,0.8661076308610686,0.8796158929405856,1.0155965166431882
Heart,Female,1.1661779570627515,0.8656703209460802,0.8999527744507667,1.0396022049909481
Heart,Male,1.126717220895804,0.8896479643642174,0.8857555194378256,0.9956247357580663
Heart,Female,1.296274310013507,0.8494925162239171,0.9228865188209942,1.0863974681299384
Heart,Male,1.1044449665867522,0.8337675254939014,0.9785678750754518,1.1736699321501813
Heart,Male,1.1593881659411622,0.8468227278124989,0.9153005233925489,1.0808643808568303
Heart,Female,1.1679484778141027,0.8887208021219742,0.9041338972846298,1.0173430115800757
Heart,Female,1.1574784680863017,0.884183588485745,0.8843860738301773,1.0002290082592227
Heart,Female,1.1598356100240534,0.857598936777933,0.8948817295715018,1.0434734596729367
Heart,Female,1.152601623032364,0.8456864701679383,0.9009737082267363,1.0653755735832204
Heart,Female,1.097918647567104,0.8947281364090817,0.8639253254603219,0.9655729939684423
Heart,Female,1.1833127871352418,0.9017772569130074,0.8779247968168853,0.9735494991548417
Heart,Female,1.1965334007216646,0.8626413427555314,0.9130689920653781,1.0584572600575413
Heart,Male,1.20632491898328,0.8603829167969343,0.9253258643139932,1.0754814469804106
Heart,Female,1.2377728155511527,0.8791640480302056,0.9008223994385496,1.0246351650262202
Heart,Female,1.1819648426118117,0.840381237777024,0.9172808496746833,1.0915056267808572
Heart,Female,1.255411641230571,0.8982079343957727,0.8819331336455907,0.9818808094128781
Heart,Male,1.2317602267402434,0.8801968010519459,0.9116490892478394,1.0357332452904895
Heart,Female,1.23128173995782,0.8888420329581095,0.9025268469784495,1.015396227353016
Heart,Male,1.1711974982020732,0.8459232717232553,0.93933432973092,1.1104249772173478
Heart,Male,1.1958250452327364,0.8556631801798489,0.9338855181122487,1.09141720684529
Heart,Female,1.1732688340492052,0.8888194619033967,0.9092196998485589,1.0229520603672149
Heart,Female,1.185554620064712,0.8697846773132821,0.9294127564636832,1.0685549891894957
Heart,Female,1.1554235881212025,0.8940335133842329,0.8808496876188903,0.985253544114429
Heart,Female,1.2033741365276516,0.8689222924014302,0.886954913508589,1.0207528581840413
Heart,Female,1.2149959876995,0.8430570705567596,0.9315432708089653,1.1049587309596596
Heart,Female,1.1822856378837137,0.867624419070864,0.9148811140880808,1.0544667646259012
Heart,Male,1.2235575017738851,0.9145402670262504,0.8938896442282424,0.9774196680643092
Heart,Female,1.2306378181837865,0.8764820839746978,0.8950604967911421,1.0211965688245381
Heart,Female,1.2154896418351853,0.8490210212115795,0.932056125457367,1.0978009992347348
Heart,Female,1.1160887432695448,0.8566343788809392,0.9114711885053599,1.0640142527271164
Heart,Female,1.210291518226685,0.8896249453718624,0.8902004598588189,1.0006469181085247
Heart,Female,1.2385528447741982,0.8514930379750627,0.9075966338524448,1.0658884962944644
Heart,Female,1.14812227039116,0.87386120585537,0.898595415297197,1.0283045056538656
Heart,Female,1.1730892883642472,0.871757465681865,0.8922867747693702,1.0235493355614085
Heart,Male,1.1549512194316625,0.8326617263206425,0.9308706234664812,1.1179457323921962
Heart,Male,1.2470036342441808,0.8929309820826472,0.8777943318886321,0.9830483536827104
Heart,Female,1.1964953383601271,0.8856213929521326,0.9035160967099138,1.0202058169554047
Heart,Female,1.193446913356498,0.8652138835585486,0.9277394646737124,1.0722660399969561
Heart,Female,1.1950820008696756,0.8945676900002099,0.8977746522079676,1.0035849296186372
Heart,Female,1.1492148504616833,0.8736333683391752,0.9028457548560416,1.0334378099275223
Heart,Female,1.1853189180042025,0.8748809101789454,0.8766223123464773,1.0019904448105692
Heart,Female,1.1631997651801114,0.890919553343155,0.8831670823659168,0.991298349050543
Heart,Female,1.2067501223530952,0.8647206156337448,0.9277487999049209,1.0728884950024966
Heart,Female,1.1758422262267674,0.8669542421780916,0.902761911976722,1.041302837054778
Heart,Female,1.1356076110760513,0.8698300583638738,0.9221931694937419,1.0601992430893472
Heart,Female,1.1390183283847968,0.8551139150869651,0.9218990144617832,1.0781008216525467
Heart,Female,1.2066997873627408,0.8818489528003035,0.8883125302860869,1.007329574373546
Heart,Female,1.2030308375605796,0.8883554122217777,0.884107018135554,0.9952176864937442
Heart,Female,1.1825608761764832,0.8706874529134365,0.9355245743028584,1.0744665851936517
Heart,Female,1.1994529547120039,0.875593488481564,0.9068892971561453,1.0357423953995522
Heart,Female,1.199076396334826,0.8811474849204494,0.9078378765986934,1.0302904929481285
Heart,Female,1.1729841218119716,0.8628029761885389,0.9153928909396861,1.0609524030427724
Heart,Female,1.2066380847146279,0.8918642286549011,0.8938196000293223,1.00219245408841
Heart,Male,1.1963863386740676,0.8545206380879566,0.9055281971429724,1.0596914302375988
Heart,Male,1.1545085928563303,0.8843990006198136,0.8794072691457937,0.994355792498045
Heart,Female,1.1589020996672121,0.8865969806099234,0.8901324435874142,1.0039876776650634
Heart,Male,1.1607821534802316,0.8796250907700106,0.8798374931032807,1.0002414691616903
Heart,Female,1.2285221319684392,0.8880703701665744,0.9055157562439043,1.0196441483280854
Heart,Female,1.1866711213885477,0.8927579757666662,0.8893816646133998,0.9962181114647932
Heart,Female,1.1917220652432894,0.845749262175446,0.9089462318334055,1.0747230562110142
Heart,Female,1.1799890769873125,0.90635678814538,0.8642602307646927,0.9535540993003133
Heart,Female,1.2623016847728612,0.8725413717524194,0.9034782621901353,1.0354560728456714
Heart,Female,1.1872639883958842,0.862937056283618,0.895889304886542,1.0381861554825773
Heart,Female,1.1633281624997511,0.8836642901967212,0.8883496448417639,1.0053021885087148
Heart,Female,1.1538708689464088,0.8767290895145623,0.8916244017199271,1.0169896406809225
Heart,Male,1.183183270390781,0.8846594388220097,0.9004345704109219,1.0178318694139725
Heart,Female,1.185257408260143,0.8657744464220206,0.8754694475012199,1.0111980679486046
Heart,Male,1.19964148951651,0.8684430061628513,0.891668782741007,1.026744157547859
Heart,Female,1.2359310521540174,0.8763473021050433,0.8867544102931928,1.0118755522646683
Heart,Female,1.188641204954491,0.8590428567203016,0.9172385244809563,1.067744778162567
Heart,Female,1.230222246768651,0.8503970242399274,0.923396673729479,1.0858418449368372
Heart,Female,1.1867386707764018,0.8778177607065764,0.8962754202633384,1.0210267556467585
Heart,Female,1.1988030474722935,0.9006516956290246,0.8856858102569997,0.9833832707531044
Heart,Female,1.1794929269807057,0.8928315081299883,0.8762494527878129,0.981427564785537
Heart,Female,1.1909757999069885,0.845540112928251,0.9184657069710004,1.0862473499810616
Heart,Female,1.2164722458568655,0.8696075839290089,0.8904141222406278,1.0239263533300986
Heart,Female,1.2171058748279624,0.8711569527167906,0.911833763281546,1.0466928610715907
Heart,Female,1.2013653854476503,0.8460344310064458,0.9155462875630154,1.0821619712023753
Heart,Female,1.1948330291887086,0.8712135952870432,0.9133564773273797,1.0483726175398485
Heart,Female,1.212096158206685,0.8783027995554662,0.906986051063244,1.032657588615561
Heart,Male,1.1797192625642487,0.8573731745741717,0.9130006198188224,1.0648812522881639
Heart,Female,1.1723657621088155,0.8853584832852524,0.9012411347538216,1.017939232264014
Heart,Female,1.1867178306028525,0.8639148954054788,0.9065160174206984,1.0493117114217885
Heart,Female,1.175695391312461,0.8961852751617347,0.8598000952403649,0.9593999355604192
Heart,Male,1.1720198738955048,0.8783345184965835,0.8989621236388374,1.0234849077519594
Heart,Male,1.184377788013289,0.8798929313145709,0.9228154572540898,1.048781532856949
Heart,Female,1.2167833704558224,0.9087001913509091,0.864443788610537,0.9512970249576168
Heart,Male,1.1301618686773056,0.8746831335748421,0.8871744015310007,1.0142809063953326
Heart,Female,1.1586872960323003,0.8876895960215571,0.8803791381106401,0.991764623643579
Heart,Male,1.1753254459773157,0.8786051154046283,0.9136948401417152,1.0399379927590415
Heart,Female,1.2044995322219116,0.8890666025851442,0.8957045502736775,1.0074661984481612
Heart,Female,1.1880999998258406,0.9004751040541693,0.8720445376624408,0.9684271488864858
Heart,Female,1.1492644764397693,0.8788187152432282,0.888898365660165,1.0114695445626087
Heart,Female,1.177033965343661,0.8927611668570835,0.8863374940789497,0.9928047130446455
Heart,Female,1.1648745884135785,0.8811335541808706,0.8909985799539031,1.011195834872278
Heart,Male,1.19804406426965,0.8978775493866337,0.8989452799129826,1.001189171649384
Heart,Female,1.2103721549828863,0.9142519310988548,0.8822903604282372,0.9650407403217596
Heart,Female,1.2438938384232168,0.8576544504070271,0.891701569483005,1.0396979448539208
Heart,Female,1.1643421471241093,0.8651562824798017,0.903354709957982,1.0441520546654204
Heart,Female,1.1543940849610812,0.866929574456919,0.8982282563241895,1.0361029116890808
Heart,Female,1.2073440537905307,0.8772030374139966,0.9306442439229948,1.0609222770893993
Heart,Male,1.1929975198014464,0.8756796896663416,0.9112159505120118,1.0405813464272655
Heart,Male,1.1868289055467112,0.8792489108246451,0.894255457326902,1.0170674610084902
Heart,Male,1.1544723983752139,0.8513558061436924,0.9281962953836714,1.0902566103214075
Heart,Female,1.2242712813549155,0.8763462305411396,0.9149433897490181,1.0440432763475744
Heart,Female,1.1853512029088533,0.88505341263542,0.8720456496816616,0.9853028497850483
Heart,Female,1.1609865822191412,0.9049083560714984,0.862177778511889,0.9527791104227208
Heart,Male,1.1896047709212891,0.8841998468676442,0.8976235379165933,1.0151817387172186
Heart,Male,1.138144790240114,0.8653110601121803,0.909867204822799,1.0514914771860682
Heart,Female,1.1212979680893833,0.855661285826953,0.9074058378670999,1.060473171916547
Heart,Female,1.1874268219788153,0.8582026787380704,0.915802828320103,1.0671171868942773
Heart,Female,1.1693213055709388,0.8597550762005917,0.9130165296174833,1.0619495655114515
Heart,Male,1.1448743775849288,0.867007083718141,0.8991438749268478,1.0370663536806284
Heart,Female,1.1560694958622595,0.8777365052793087,0.8747103631284281,0.9965523341769662
Heart,Female,1.25259851171702,0.8491329416883969,0.9159350741888989,1.0786709939290235
Heart,Female,1.1290942276746598,0.8347846166594091,0.9248859784826362,1.1079336633966608
Heart,Female,1.1408969675731673,0.8600325662972724,0.9194299206827341,1.069064075842136
Heart,Male,1.140146504360509,0.8639007253268064,0.9108946995496265,1.0543974242006138
Heart,Female,1.1679627909946468,0.8658359724239582,0.9132896008339867,1.054806718502558
Heart,Female,1.1793615759406,0.8622946968140044,0.9212640731940839,1.0683865696935848
Heart,Female,1.1948828497740005,0.9038306470113195,0.9021772637541833,0.998170693522505
Heart,Female,1.18196306034532,0.8736918185103983,0.902132117044808,1.0325518654654442
Heart,Female,1.1379533659588295,0.8867634457021508,0.907238195614392,1.0230893030283055
Heart,Female,1.1778015204006678,0.873901980946922,0.8996962100820886,1.029516158216299
Heart,Female,1.1892739414390807,0.8553386769734069,0.8950675448671161,1.0464481134353574
Heart,Female,1.1625137423682765,0.8861021836397707,0.8851711751968947,0.9989493215793106
Heart,Female,1.1693502705808898,0.8524459271355892,0.9272590965157929,1.0877629501164874
Heart,Female,1.1772394834424837,0.878069264215664,0.9156411335754774,1.0427891863330103
Heart,Male,1.1506032618501583,0.8547573660991091,0.9333553877256011,1.0919536054836156
Heart,Female,1.1934902482692027,0.8685884574940866,0.9110451939747525,1.04888015275169
Heart,Female,1.162850965962002,0.8727765299867967,0.9175569506997563,1.051308002878626
Heart,Female,1.1825276291645557,0.8474771168894487,0.9027500073585464,1.0652205108168222
Heart,Female,1.2598272311306238,0.8804278513642324,0.9116416630659168,1.0354530035065546
Heart,Female,1.1733081781142871,0.882012358599485,0.8679415177814737,0.9840468892744837
Heart,Female,1.1784109713016109,0.8860942276698021,0.8981513133679853,1.0136070017405374
Heart,Female,1.1633341552588603,0.9328857844630476,0.8428260888968873,0.9034611770636026
Heart,Female,1.269298407340039,0.8656742052215304,0.8969288815663125,1.036104433002926
Heart,Male,1.1543681864926285,0.8927801324659759,0.8987162379933484,1.0066490116788063
Heart,Female,1.1609188364122465,0.9112262644182655,0.8752319147148421,0.9604989988667605
Heart,Female,1.2574622871858934,0.889164201820184,0.8910849896576256,1.002160217239414
Heart,Female,1.1989131664659398,0.8486429621133657,0.9109236997077849,1.0733886220411493
Heart,Male,1.13702078643242,0.8751987745489611,0.9097749239807859,1.0395066245946742
Heart,Male,1.1681363389795423,0.854966284518964,0.900387536319968,1.0531263660608088
Heart,Male,1.1747082175981003,0.8753853320340147,0.9123725032284975,1.042252445684166
Heart,Female,1.2119258141313611,0.8817852068369897,0.8831530977204883,1.0015512744746595
Heart,Male,1.1711506811340415,0.8688247499010447,0.9280611362635293,1.0681799020679732
Heart,Female,1.0745811103956675,0.9051312297388369,0.9060738195380754,1.0010413846835342
Heart,Female,1.1675166859835975,0.8652802683428641,0.8902697587315463,1.028880226792344
Heart,Female,1.2293058036331523,0.8530032055755228,0.9294015606700454,1.0895639718528098
Heart,Female,1.215226968847977,0.8586749426545178,0.914900578523827,1.0654795348930208
Heart,Male,1.2023160728661426,0.8784842773364849,0.8968506394085964,1.0209068762480273
Heart,Female,1.1830843853789628,0.9048154089072112,0.8778992677853578,0.9702523400277174
Heart,Female,1.1742955175473575,0.9129358665957048,0.8927458658918176,0.9778845355488389
Heart,Female,1.175765650621895,0.8707784687332655,0.9002897877615471,1.0338907312111336
Heart,Female,1.151236293465528,0.8673251102907144,0.9187629529033077,1.0593062993360725
Heart,Male,1.2105073847796601,0.8681973358773868,0.8774018538771705,1.0106018731219462
Heart,Female,1.1826193233666464,0.8506489678456787,0.9240960768973464,1.0863424418625665
Heart,Female,1.184865539525193,0.876089108085785,0.9029123612679503,1.0306170376216328
Heart,Female,1.2073517039855988,0.8739281494501989,0.891001220603692,1.019536012387556
Heart,Male,1.1385950843197814,0.8975472969886075,0.8765683412987635,0.9766263507669944
Heart,Female,1.2076371593561996,0.8557791971456298,0.9146410726978039,1.0687816153378142
Heart,Female,1.1903444693207461,0.8495275893072136,0.9299635677567198,1.0946831856456851
Heart,Male,1.1384062737442049,0.8683775931185701,0.9073229095747705,1.0448483663844177
Heart,Male,1.2119254099595644,0.8734437624191814,0.9199310924402277,1.053223037385132
Heart,Female,1.220214046803275,0.8776620003137141,0.8860494439321605,1.0095565760115492
Heart,Female,1.203593870129221,0.8493523527604872,0.9006379890496304,1.0603820500672771
Heart,Male,1.2024693147272132,0.8562145251324659,0.9304609602566323,1.0867147577444796
Heart,Female,1.2013626869720935,0.873674867051806,0.913113836375517,1.0451414717431404
Heart,Female,1.2030010581707726,0.8780515634942403,0.9121459187100694,1.0388295592574874
Heart,Female,1.1814072711708001,0.8666995085213552,0.9023299322939318,1.041110469571356
Heart,Female,1.1709093727388955,0.8668424384854745,0.9031419111533793,1.0418755139992064
Heart,Female,1.2091050667459655,0.868983037320339,0.8868150668030222,1.0205205725737425
Heart,Female,1.223596824558054,0.8896862661598561,0.884977837235636,0.9947077648567701
Heart,Female,1.2215653777623385,0.853575192255874,0.9217236418217988,1.0798388357396123
Heart,Female,1.24566469222717,0.8416116751216044,0.9138682188422972,1.0858549683382808
Heart,Male,1.2036881182287797,0.8450969330846411,0.9383600950800801,1.1103579463423496
Heart,Male,1.1703421684715882,0.8549822109134427,0.9301145340198509,1.0878758904540697
Heart,Female,1.1989230186965771,0.8855592959357502,0.8763885024272716,0.9896440661279627
Heart,Female,1.2337653006096299,0.899903109864658,0.8691656149734898,0.9658435507620469
Heart,Female,1.206720632074254,0.9077829647934093,0.8794308026489671,0.9687676865021427
Heart,Male,1.2476657217264473,0.8966194698304193,0.8856759062178339,0.9877946397766099
Heart,Female,1.1570810010339427,0.8823047152826287,0.8976813603993952,1.0174278170006616
Heart,Male,1.16875959338393,0.85565347821063,0.9232499920477394,1.0789998703429213
Heart,Female,1.179066722068421,0.8970746029549936,0.8871382512461343,0.9889236060455522
Heart,Female,1.2001313712665473,0.8749231840855702,0.9179385889892329,1.0491647789041278
Heart,Male,1.1952131087796611,0.8610146997741633,0.9291396936984895,1.0791217547646919
Heart,Female,1.1630844946914902,0.8777602699482858,0.912861548366546,1.0399895958156413
Heart,Female,1.2057185984812617,0.8652388703903877,0.8907335151012922,1.029465440797177
Heart,Female,1.254291264512048,0.8915196371962706,0.8911877591958417,0.9996277389901667
Heart,Female,1.1384745333005568,0.8753609466854769,0.8950457801139582,1.0224876760872383
Heart,Female,1.141895014392214,0.8880544104794466,0.8898123574290431,1.0019795486952736
Heart,Female,1.2627844579059584,0.8593874299380783,0.9171544778390337,1.067218865308651
Heart,Female,1.1949664772072506,0.8940967466456567,0.8909182171528764,0.9964449825986896
Heart,Male,1.1964791167034456,0.8545116505896356,0.890371402582531,1.0419651996179937
Heart,Female,1.2210841542591637,0.8798821759332691,0.8975493446004188,1.0200790164301379
Heart,Female,1.145067142111825,0.8745260314981327,0.8936984499564956,1.0219232107082268
Heart,Male,1.1572913877134376,0.862011561620784,0.9437944067889784,1.0948744179421719
Heart,Female,1.220618005058152,0.8599817021426008,0.870070956650364,1.011731940903657
Heart,Female,1.2031988692869378,0.8509603483376543,0.9299093767780856,1.0927763891639106
Heart,Female,1.1875253831103156,0.8708512661054767,0.900263160914603,1.033773729170377
Heart,Female,1.278265234479335,0.8701283017934823,0.9226502978399175,1.060361208729998
Heart,Female,1.2186346062946427,0.8808976426481934,0.8829462701033621,1.0023256135060254
Heart,Female,1.194319386698127,0.8714596241130176,0.904281269987689,1.037662841704316
Heart,Female,1.1959722672835305,0.8732787131462664,0.905312637024652,1.0366823597050399
Heart,Female,1.2602758916258967,0.8547274912968279,0.8885517706995936,1.0395731736105107
Heart,Female,1.1429124551552643,0.8507345549054457,0.9204671028739919,1.081967456907045
Heart,Male,1.2118825190838773,0.8716587592975061,0.8983887885819265,1.030665703750815
Heart,Female,1.1928055812246212,0.8523320985014811,0.9342905275076763,1.0961578581286444
Heart,Female,1.2263228916453692,0.8811449300943394,0.8968865467171291,1.017864957381193
Heart,Female,1.2118021817854794,0.838636616578689,0.9316801603515623,1.1109461975944417
Heart,Female,1.2112722480069544,0.845422647388456,0.919024497158154,1.0870592359893092
Heart,Female,1.1922353486615653,0.8709749473941173,0.9042811511263183,1.0382401397788195
Heart,Female,1.201874843905583,0.894170699271522,0.8764908574477507,0.9802276658828398
Heart,Female,1.1184486531142386,0.8911725801296665,0.8819314946070961,0.9896304198214606
Heart,Male,1.1782195088752387,0.8479040931985907,0.9359093851032845,1.1037915639405715
Heart,Female,1.2428393691050719,0.863126026808511,0.9059284993725869,1.0495900612826403
Heart,Female,1.195359815812696,0.8520039917573043,0.9434896698086827,1.1073770533195322
Heart,Female,1.1963065986580177,0.8725565378084492,0.8867454824759027,1.016261347033272
Heart,Female,1.2069049960721998,0.8781743413870738,0.9237595418914673,1.0519090553618222
Heart,Female,1.167284870228898,0.865704401099947,0.8990648701084871,1.0385356352193116
Heart,Male,1.2414973208188615,0.8620760453966196,0.9157062096691869,1.0622104796426555
Heart,Female,1.116047982872024,0.882632003056422,0.9151499090005675,1.0368419747205413
Heart,Male,1.213042302924118,0.8460081019034433,0.9356840195898275,1.1059988875811253
Heart,Female,1.200594113438214,0.8883123564984493,0.869711124953806,0.9790600328718091
Heart,Female,1.1993418481105498,0.8947279466287433,0.8865315185283047,0.9908391951639356
Heart,Male,1.220588554638406,0.8690657250256102,0.8992246119531427,1.0347026537338633
Heart,Female,1.203561020394724,0.9169431852685711,0.8477616215544939,0.9245519626237103
Heart,Male,1.1293014346584733,0.8779924175277704,0.9159045058287634,1.043180427921855
Heart,Female,1.190714405326994,0.8921379796498169,0.894389571057084,1.0025238152153895
Heart,Female,1.186469341813077,0.8730726419242714,0.8939322753127514,1.0238922082617374
Heart,Female,1.138269759351798,0.9016221007988776,0.8803788773252665,0.9764388833694421
Heart,Female,1.1954318387570706,0.8669328122873976,0.9029001927076785,1.0414880829408004
Heart,Female,1.1940485000558372,0.8889474998660662,0.8895706827009244,1.000701034464861
Heart,Female,1.2086067911197156,0.8434164336732772,0.9313400685067005,1.1042470022198823
Heart,Male,1.1937738843114032,0.8685782505414551,0.9216983980697376,1.0611575842420282
Heart,Female,1.2204772530064611,0.8704068638640821,0.8820076925070385,1.0133280528044732
Heart,Female,1.2285358433180886,0.860765356457866,0.9113680524496837,1.058788025810022
Heart,Female,1.1817679147382094,0.8369391160931817,0.9483891852684609,1.1331638909357307
Heart,Female,1.2411878422210603,0.8777744568054281,0.9028120983318476,1.0285240033271663
Heart,Female,1.203595820442903,0.8818685519631209,0.8983531596861495,1.0186928172983745
Heart,Female,1.2230479240819747,0.890985559157171,0.8813131149070481,0.9891441066011524
Heart,Female,1.2005402395752558,0.8857230097399886,0.8818911085118429,0.9956737025164667
Heart,Female,1.199408550348863,0.8856523712102868,0.8811863925697248,0.9949574135566767
Heart,Male,1.183841798294446,0.842500894190699,0.9295660693116269,1.1033413444677256
Heart,Female,1.2335993539300358,0.9056010928190077,0.8889268395884873,0.9815876401179952
Heart,Male,1.248641880962945,0.862683876551929,0.9247586477606036,1.071955409039035
Heart,Female,1.1585193893062908,0.8833104670306778,0.8904648995200464,1.0080995672036117
Heart,Female,1.210475686336733,0.8546987274901658,0.9186657559343324,1.074841609548205
Heart,Female,1.19595190645667,0.8740413304080015,0.8888310674252283,1.0169210957224677
Heart,Female,1.1974828790370755,0.8513195676729334,0.9428446697232176,1.1075096891058975
Heart,Female,1.197963432799246,0.9000957625895556,0.8609501918890837,0.9565095489530459
Heart,Female,1.1857992577980634,0.8599656835256874,0.9193590508947365,1.069064810964954
Heart,Female,1.2078447118213427,0.869122740209841,0.9082300090545066,1.0449962554601018
Heart,Female,1.1582280877122013,0.8580904437876137,0.9384602192000772,1.0936611938686918
Heart,Female,1.1704075620368437,0.87023432105379,0.8848614116312852,1.0168082207557418
Heart,Female,1.1728899871548288,0.848294952393868,0.9166836678080313,1.0806190290548967
Heart,Female,1.2212728367003869,0.9016203028516491,0.8859732497208999,0.9826456291176445
Heart,Female,1.2142438722117532,0.8997159316988694,0.8809393284163108,0.9791305203998065
Heart,Female,1.226737294029199,0.8531602016245073,0.9167982099783104,1.0745909246969438
Heart,Female,1.224952341142885,0.8783220211919719,0.9103475207116032,1.0364621388817845
Heart,Female,1.1785013894791427,0.848281395607798,0.9427014264518414,1.1113074403528453
Heart,Female,1.250911069752969,0.8642266201174947,0.9171316221028637,1.0612165845784483
Heart,Female,1.2548603442418627,0.8818984031849405,0.9002974914556043,1.0208630474941516
Heart,Female,1.174489285851677,0.8772722027581106,0.8790387060699807,1.0020136319221289
Heart,Female,1.1913032106285186,0.8871042124507249,0.8983675573338792,1.0126967550430608
Heart,Female,1.2127012250812679,0.8670169974164831,0.9059788045134446,1.0449377661718964
Heart,Female,1.1816454070851585,0.8726850776519811,0.8916179134643233,1.021694923285823
Heart,Female,1.152864299294403,0.869444073793356,0.9039915252073057,1.0397351048276404
Heart,Female,1.2060413163553103,0.8646058696099281,0.896046721764358,1.0363643750980023
Heart,Female,1.2288586847315472,0.8745838380429733,0.9172039837860894,1.0487319155571015
Heart,Female,1.2020939295117221,0.8906565460930198,0.8848383534348203,0.9934675238353979
Heart,Female,1.17846536605107,0.8555525414391661,0.9137882768519124,1.068067982493261
Heart,Female,1.1894545757279709,0.865133295094718,0.8826520518555628,1.0202497775315962
Heart,Female,1.1691656063333764,0.9070991863272647,0.8743076415998086,0.9638501001635498
Heart,Male,1.1777448602367584,0.909277065136941,0.8823224715781298,0.9703560173325699
Heart,Female,1.2389816976706598,0.8892434053286886,0.8830289655559748,0.9930115424691658
Heart,Male,1.1652419616904783,0.8442962639535478,0.9199313647577321,1.0895836023838494
Heart,Female,1.194473480558791,0.9012601627833858,0.8786564571377726,0.9749198881976481
Heart,Female,1.1401311798709284,0.8649874086087304,0.9144108861660301,1.0571378000019604
Heart,Male,1.203696151303413,0.8585778098698185,0.9085092374346486,1.058155972575626
Heart,Male,1.2318579387255832,0.8783868059707637,0.9156198185167743,1.0423879460539733
Heart,Female,1.1746014857682883,0.8785382524216231,0.9006690486501863,1.0251904753920065
Heart,Female,1.2226520374365206,0.8683978893445281,0.9053040394958449,1.0424991246572166
Heart,Female,1.2042194174465917,0.9054628511279039,0.8671016649203643,0.9576336167080136
Heart,Male,1.2275936051924552,0.8697540969517916,0.9302607157186435,1.0695675007210752
Heart,Female,1.1840231061430289,0.8475089684466404,0.9009523832880814,1.0630594091994034
Heart,Female,1.2016368528669847,0.8617182979095548,0.9063521878250695,1.0517963817453944
Heart,Female,1.2511311517444912,0.8713541478440343,0.8994520897461351,1.0322462938537937
Heart,Male,1.2067012516286264,0.8465545425294101,0.9454719035067957,1.1168470027717667
Heart,Female,1.1826907802655096,0.8707468608999117,0.8881655230707708,1.020004277882618
Heart,Male,1.2281843624623447,0.8729972185832168,0.9116015830030506,1.044220489593867
Heart,Female,1.2032508199974876,0.8588041212208347,0.8878901833384778,1.0338680979736052
Heart,Male,1.2130204339155493,0.8467398477324649,0.9482251424048718,1.1198541617524915
Heart,Female,1.1791312845050472,0.8532138098704527,0.9219197964630294,1.080526107052825
Heart,Female,1.1709706220336429,0.8844539703006331,0.8835086415706815,0.998931172495466
Heart,Female,1.1536265117902131,0.8870232593877703,0.8697625693089183,0.980540882219069
Heart,Male,1.1488710885882336,0.8731059122649285,0.91521627352616,1.0482305304198352
Heart,Female,1.2103951119806964,0.8877045802782424,0.8893618627906049,1.0018669302256422
Heart,Female,1.2926873082725963,0.8485832627804042,0.9386026253131504,1.106081944437362
Heart,Female,1.2646018877247336,0.862388147786908,0.9010828912690261,1.0448692895205227
Heart,Female,1.2971967613353452,0.8436034769301832,0.9304530136660293,1.102950662379778
Heart,Female,1.2102461623682288,0.8696409408900767,0.8972451324424069,1.0317420561226998
Heart,Female,1.1785355137364875,0.8663065285775651,0.914080986591519,1.0551472907544601
Heart,Female,1.2384252547246704,0.8932026672971233,0.8950305728689506,1.0020464622853833
Heart,Female,1.225007355494998,0.8796138875132788,0.8982789541509806,1.0212196134038642
Heart,Female,1.3067341244587518,0.9081022832767206,0.8828219006887805,0.9721613048953909
Heart,Female,1.2726516759533824,0.8796251244191058,0.9077999275624014,1.0320304665716566
Heart,Female,1.2423285445779155,0.8970370193267914,0.890260574453958,0.9924457466895636
Heart,Female,1.1741687317236194,0.8701582519397284,0.9194912206792477,1.0566942491547346
Heart,Female,1.211474470181548,0.8858458203952527,0.8769844147972937,0.9899966727912028
Heart,Female,1.1710991516108293,0.88888975389437,0.8956473205803127,1.007602255123694
Heart,Male,1.1459571547688794,0.8701016205824789,0.9099459503854918,1.0457927314011202
Heart,Female,1.183466366324506,0.8784969412868603,0.909027058168483,1.0347526729426069
Heart,Female,1.1712903576127434,0.8515221236260222,0.9080204999157249,1.0663498630536066
Heart,Female,1.1879359500734519,0.8885660487018238,0.8765797391461758,0.9865105024289869
Heart,Female,1.208142671818273,0.903399892892989,0.8804393349513686,0.9745842808680294
Heart,Female,1.1940111598229157,0.8792712111632228,0.8900275910486841,1.0122332901940816
Heart,Male,1.2369229434667373,0.8530762769117715,0.9290929358429885,1.0891088651608103
Heart,Female,1.2638514978888786,0.8828118681760252,0.9158821660062212,1.037460187184074
Heart,Female,1.2303932406670484,0.8849334471290712,0.8867925408541554,1.0021008288601991
Heart,Female,1.159735029602536,0.8681706561179438,0.9015464361939043,1.0384438011590964
Heart,Female,1.216520722596048,0.8444499936112801,0.915460269394397,1.0840905634677576
Heart,Female,1.1764473126514075,0.8693252253629272,0.9116664599693315,1.048705862168819
Heart,Female,1.2464026039616993,0.8846452750791759,0.8927339376919763,1.009143396614057
Heart,Female,1.2067120498503803,0.8860779799293877,0.8908337710782286,1.0053672377110872
Heart,Female,1.1927644535093356,0.8807572700275486,0.8812100948220676,1.0005141312026922
Heart,Female,1.317999526671723,0.8573689928172321,0.9270351361953012,1.0812557299852341
Heart,Female,1.1716056200436549,0.8635437538324743,0.91873938365071,1.0639175832993675
Heart,Female,1.1881050076883644,0.8885043121056827,0.913257191389375,1.0278590423776672
Heart,Female,1.1992440610874515,0.8648431811286107,0.9149358021377872,1.057921045227883
Heart,Female,1.171986608744163,0.8431646764633015,0.907614163431535,1.0764376031958198
Heart,Female,1.141701858045994,0.8784975001558314,0.8946332188286004,1.0183674041985398
Heart,Female,1.1612586263071103,0.8660140519447371,0.9000914948903059,1.0393497575114907
Heart,Female,1.1850937469566458,0.8640506763220579,0.9105789139397785,1.0538489684607089
Heart,Female,1.1496426714605963,0.8569979684043143,0.9130007047229314,1.0653475718535148
Heart,Female,1.1154113988644294,0.8629910883454407,0.9222347957069509,1.0686492689919829
Heart,Female,1.2291032747385193,0.8810923074836554,0.8994505730243242,1.0208358027697448
Heart,Female,1.1901540043664807,0.867128475559194,0.9143990592336028,1.054513933063869
Heart,Female,1.2521113888158475,0.8824187792533692,0.8864103618263726,1.0045234560583363
Heart,Female,1.2276386225745515,0.8677558404005373,0.9085739259187815,1.0470386756479835
Heart,Female,1.180185131810609,0.8388366247777568,0.9391686963419468,1.1196085967166398
Heart,Male,1.1577148658251983,0.8807804314035272,0.8885524433048788,1.0088240061021416
Heart,Female,1.1828166534788191,0.868775110106514,0.8899840638713907,1.0244124785783475
Heart,Male,1.176178056881837,0.8735391645277347,0.9057137749711974,1.03683247614989
Heart,Female,1.1694435402078007,0.8943612710388527,0.8908692518022909,0.9960955160407321
Heart,Female,1.21429793495534,0.8886347051487505,0.8749550289350138,0.9846059622311882
Heart,Female,1.1956595291919374,0.8831631853422172,0.9166916346049088,1.037964047663173
Heart,Male,1.2102944260656159,0.8585314463797745,0.9214323734062965,1.0732657228710263
Heart,Female,1.2657479314720306,0.8648374022779208,0.8983164062902314,1.038711327613872
Heart,Female,1.1653982594993169,0.8836019633092499,0.8943638737861495,1.012179590951331
Heart,Male,1.1677408241807004,0.853380456503872,0.9126006344637466,1.0693948138940137
Heart,Female,1.153323316718876,0.8572284752824401,0.9114706183807845,1.0632761797611456
Heart,Female,1.2435245291323567,0.8819991910094342,0.8963610084199372,1.0162832546298213
Heart,Female,1.1688545408362623,0.8877473655042071,0.8726555666983864,0.9829998945733293
Heart,Female,1.1639551090272007,0.8498847386816357,0.9064227190067257,1.0665242917678381
Heart,Male,1.188450003687953,0.870096852109343,0.914897020038833,1.0514887139528004
Heart,Female,1.1976442101232974,0.8761210624334269,0.8896164938694824,1.0154036148823677
Heart,Female,1.2149295446270276,0.8630746726165159,0.883558696155926,1.0237337789988787
Heart,Female,1.2046952496908079,0.878610208026684,0.8868517846969428,1.009380242336097
Heart,Female,1.2429189501219406,0.8697275615322005,0.8992621574473063,1.0339584454045294
Heart,Female,1.1868348961203192,0.8676981797997316,0.9163497366828202,1.0560696772399794
Heart,Female,1.204254356167389,0.8368534893911834,0.9401287916358855,1.1234090597146646
Heart,Female,1.213663262392334,0.8788302529821778,0.9073464146258278,1.032447860718136
Heart,Female,1.274596225974248,0.8634415109360505,0.880928229129353,1.020252348273533
Heart,Female,1.189645892854282,0.8587872099221393,0.9262090081901456,1.0785081536951615
Heart,Female,1.1650558958779857,0.8785154574887402,0.8826919144415283,1.0047539937028844
Heart,Female,1.1633434515777978,0.8816842046439225,0.8819160627097713,1.0002629717813107
Heart,Female,1.1646511887859043,0.8545387564971711,0.9051427364726538,1.059217887533753
Heart,Female,1.2102011703839277,0.8769644378790871,0.891279078915021,1.016322943574033
Heart,Female,1.1552991390413243,0.8697311400362775,0.9054370656140777,1.0410539808616153
Heart,Female,1.1397437143081144,0.8693612807266444,0.9062183058373642,1.042395521778832
Heart,Female,1.2017357809230782,0.8689788812640397,0.8705534779270192,1.0018120079750261
Heart,Female,1.1370424058284574,0.8597838151332081,0.9073196923294444,1.0552881740264806
Heart,Female,1.1975681250499326,0.8880797506531332,0.8960220589289997,1.0089432376653396
Heart,Female,1.1449767681913843,0.873435073516225,0.9020607673567336,1.032773694013991
Heart,Female,1.2076565117079539,0.8514361251143433,0.9230936182202043,1.084160738536009
Heart,Male,1.2213352134315105,0.8610986901120258,0.8984083723602554,1.043327997913196
Heart,Female,1.1576555282504277,0.874632233667553,0.8951805692941828,1.023493686644117
Heart,Female,1.1461133671771309,0.876185916253451,0.8749775578968276,0.9986208881765752
Heart,Female,1.155351508518954,0.9004350808797562,0.8801949627596486,0.9775218463275195
Heart,Female,1.189971040777572,0.8519546652112053,0.9254861615025658,1.0863091656093362
Heart,Male,1.186410282570489,0.8445314024034163,0.9414194842195674,1.1147240724742993
Heart,Female,1.1898501619150221,0.8745673625993129,0.8930020216522749,1.0210786039375768
Heart,Female,1.1767917744366396,0.8816802027459778,0.8829357698493686,1.0014240618077626
Heart,Male,1.2030992382011405,0.8466092472348232,0.9186913284778124,1.0851420906143208
Heart,Male,1.2385320121177494,0.8292460964421602,0.9318506592971155,1.1237323435047513
Heart,Female,1.1867438833966037,0.8734955679217028,0.9178867912407641,1.0508202044169277
Heart,Female,1.200971042982226,0.8775366691080074,0.9033034029620524,1.0293625722560815
Heart,Female,1.1910853942456776,0.8766250928927145,0.907388284156343,1.035092756884377
Heart,Female,1.163982500392966,0.8896433279342558,0.8730746067303522,0.9813759956561737
Heart,Female,1.2044581264506722,0.8551515070466664,0.9085897452313563,1.0624897901066013
Heart,Male,1.1999135414782465,0.876054355452856,0.9128326794654802,1.0419817831892548
Heart,Female,1.1392841779067422,0.881435765044062,0.895116128384946,1.015520544869427
Heart,Female,1.1705559778253298,0.8412751474309399,0.8984309306177134,1.0679394647058267
Heart,Female,1.1847733142199137,0.8576526149228652,0.8958224266645439,1.0445049791460284
Heart,Female,1.1835631034404477,0.8387622946359342,0.9290941082714551,1.107696559815829
Heart,Female,1.1960891876690811,0.8615850021640188,0.9177913036015951,1.0652359329565912
Heart,Female,1.1604426016450393,0.8820072898159931,0.8999250125117597,1.020314710436809
Heart,Male,1.2031012779970427,0.9036859568632705,0.8774500624241843,0.9709679073356945
Heart,Female,1.2300583041161386,0.8740821695021856,0.898605755924649,1.028056385632978
Heart,Male,1.222664840441084,0.8822907698111954,0.891002144922097,1.009873587494025
Heart,Female,1.1766449645422725,0.88628978618845,0.8910152019804614,1.0053316825553562
Heart,Female,1.1676297724587583,0.8580815146520244,0.8968176428888148,1.0451427138044094
Heart,Male,1.1655867790725476,0.8645042958228103,0.9064426164720264,1.0485114080425713
Heart,Female,1.1636179630238441,0.871653767119158,0.8984326789805885,1.0307219596491113
Heart,Female,1.2699270087221561,0.886967883240035,0.9049367692393283,1.0202587786309174
Heart,Female,1.1772759559922037,0.8888730891294012,0.8722776554655127,0.9813298052704658
Heart,Female,1.2066060951285644,0.8663401031493903,0.9057236946592904,1.0454597350009884
Heart,Female,1.231341337085714,0.8720554534328266,0.908104845184428,1.0413384167367956
Heart,Female,1.2489973463974149,0.866075491275974,0.9215085054204991,1.064004829489929
Heart,Female,1.1546931633399342,0.8865385500045154,0.8821401753959487,0.9950387102641567
Heart,Male,1.1562584151615214,0.8807679711963486,0.9101038970755848,1.0333072123857878
Heart,Female,1.152758944796837,0.884404771142568,0.8908183047786364,1.0072518080468773
Heart,Female,1.2384227930005638,0.8896098752048656,0.8792835724561642,0.9883923245048023
Heart,Male,1.191088758587821,0.8830934936060753,0.9061527948329356,1.026111959145683
Heart,Female,1.1476997876777875,0.8707900510930553,0.8986304169749636,1.0319713871867986
Heart,Male,1.2042902091246357,0.8999068336002914,0.8777349975453347,0.9753620761315336
Heart,Female,1.2098976125070495,0.8936458139464187,0.8872618248029542,0.9928562423234859
Heart,Female,1.2589084257318743,0.8769205059683894,0.9008044481288893,1.0272361542442487
Heart,Female,1.2121998543715389,0.8875217938818363,0.9003600354899862,1.014465269131024
Heart,Female,1.116663766369037,0.867076978146583,0.9018657254907442,1.0401218671709214
Heart,Female,1.131111029243054,0.8625524355297527,0.9122605626597726,1.057629107614183
Heart,Female,1.1709500229129208,0.8907376639269822,0.8881754935933557,0.9971235410408822
Heart,Female,1.2432525560824117,0.8788097098721626,0.8895017471357869,1.012166498780697
Heart,Female,1.2067770337275399,0.8865276880003014,0.8843732359811747,0.9975697859770332
Heart,Male,1.1705298101220334,0.8685743810478941,0.9283577849539714,1.0688293428985913
Heart,Female,1.1533036493637532,0.8414513840204382,0.9225035640254198,1.096324257757728
Heart,Female,1.2238901385796472,0.8680786240278753,0.9207518622731735,1.0606779579491257
Heart,Female,1.194441553388406,0.8655817493139412,0.8966047895890654,1.0358406820611838
Heart,Female,1.1560671996435161,0.8691602448014908,0.8922636559411732,1.0265813022142527
Heart,Female,1.1783241779796434,0.8934312932932743,0.8975293293193956,1.0045868507817937
Heart,Female,1.2007634717529916,0.8826703474927827,0.8917299017117136,1.0102638026129058
Heart,Female,1.1625117552556363,0.8836580171208601,0.8841237848901925,1.0005270905263215
Heart,Female,1.1902020048519688,0.889584259870815,0.9004369390933731,1.0121997203773976
Heart,Female,1.2181747200072737,0.8906151314565297,0.890248437302408,0.9995882686682832
Heart,Female,1.1718827765133133,0.863868830553992,0.9087184422391256,1.0519171546638302
Heart,Female,1.2367321671275924,0.8954405577887398,0.8913284023698591,0.9954076734819389
Heart,Female,1.1718341083948278,0.8618572700174134,0.9035651478327784,1.0483930219843969
Heart,Female,1.2102617651748602,0.8719562411924352,0.9132318962375573,1.047336842257905
Heart,Male,1.1535214302562187,0.8719839408558206,0.8997827825017178,1.0318799926735045
Heart,Female,1.202256060451035,0.876681226612151,0.8993178315969252,1.0258207935765333
Heart,Female,1.1945903052212883,0.881879118115604,0.9010067609171573,1.0216896425015993
Heart,Female,1.2247545393024444,0.8793457398853595,0.8987738988040103,1.0220938796168884
Heart,Female,1.179782773896326,0.8616452323633836,0.9056750069765978,1.0510996555884675
Heart,Female,1.2068705821909573,0.8830067502768794,0.8876205008509411,1.0052250456438925
Heart,Male,1.162508958766594,0.8559033011403923,0.9141546522704369,1.0680583321181627
Heart,Female,1.1839419593904354,0.8633046623409765,0.9306122377781729,1.0779650317822704
Heart,Female,1.1623655965388626,0.8652099244971844,0.8920038644645957,1.0309681375684434
Heart,Female,1.1848690541265303,0.884868386811267,0.9020699295291561,1.0194396624111266
Heart,Male,1.212218685680434,0.8630636851133695,0.91220476339956,1.0569379515484254
Heart,Female,1.1250383523622631,0.9121437502631023,0.8818501692577928,0.9667885889734248
Heart,Male,1.1845448203524302,0.8446362049961481,0.9318775843699038,1.1032887044833148
Heart,Female,1.2256654104627789,0.9050587902344142,0.8902534801769838,0.9836416040403345
Heart,Female,1.1303285039906177,0.8705442760249927,0.906087200474431,1.0408283937167808
Heart,Female,1.1778985452851332,0.8535608053955813,0.8889345074107876,1.041442509768021
Heart,Female,1.178465922241404,0.9005912736335965,0.8886592060478891,0.9867508514294554
Heart,Female,1.187811601512996,0.8624086540269567,0.9053771628138435,1.0498238376739941
Heart,Male,1.202941673984881,0.8846158200570051,0.8973101947824094,1.0143501556693686
Heart,Female,1.169436718773835,0.8955558619763381,0.8937707173365472,0.9980066629949232
Heart,Female,1.2119479348155184,0.882215578955552,0.8863481067767095,1.0046842607631685
Heart,Male,1.2139660113881698,0.8769626161576001,0.9075645596325865,1.0348953797016667
Heart,Female,1.22635150473537,0.8729747668983179,0.9155514601514977,1.0487719632543961
Heart,Female,1.1761103344210675,0.8895812249479156,0.888330185728592,0.9985936762329974
Heart,Female,1.2489976033291397,0.866587867078801,0.9084523023120272,1.0483095100031206
Heart,Female,1.1627696946121182,0.8569363784885616,0.9195711568973873,1.0730915152876332
Heart,Female,1.2473344362868095,0.8838517432748869,0.886949615958254,1.0035049686861381
Heart,Female,1.1818674078454738,0.8687220477842368,0.8838148249168134,1.017373539869366
Heart,Female,1.2555151264299607,0.8381177581038218,0.9362205833510161,1.117051362172715
Heart,Female,1.2341613542114074,0.8656813858927213,0.9039186689584026,1.0441701573913935
Heart,Female,1.2067214088118674,0.8759563539517452,0.920407963944808,1.0507463754244444
Heart,Female,1.2944793706310278,0.8663575983153196,0.9249262069746208,1.067603272336032
Heart,Male,1.182286906343232,0.8457992896216916,0.9394217783420703,1.1106911413489766
Heart,Female,1.1728750547049178,0.8855625959709543,0.8852275234941405,0.9996216275638353
Heart,Female,1.1958337327742767,0.8590076629289762,0.9147899099968378,1.0649380086758011
Heart,Female,1.2103300761953488,0.8757345391701219,0.9079166182511031,1.0367486694215329
Heart,Female,1.1994972073464398,0.8960316856961174,0.8812972477179523,0.9835558962775762
Heart,Female,1.1616337988525152,0.8542992949764505,0.9249964221890283,1.0827545189704584
Heart,Female,1.1618193027258423,0.8822297492536719,0.8983963943060659,1.0183247561829218
Heart,Female,1.1822481421356965,0.8940143115292177,0.8984461950635106,1.0049572847740125
Heart,Female,1.1956780813953793,0.9111270954556866,0.8816554995693228,0.9676536939430782
Heart,Female,1.1592999438970777,0.8682489436997374,0.9165233757137147,1.055599758991094
Heart,Female,1.2140693407666918,0.8935404536868939,0.8859706136710908,0.9915282626717471
Heart,Female,1.1729757970061108,0.8596833833687096,0.9221935795938337,1.0727130446329847
Heart,Female,1.2142107380071276,0.8600233660717111,0.8993798462971485,1.045762105749759
Heart,Female,1.1849004582647797,0.8562590703542176,0.8968964150404141,1.0474591698857982
Heart,Female,1.2115090153202448,0.8739040759211866,0.8903269675057471,1.0187925563423528
Heart,Female,1.1856671396174765,0.890569405570475,0.8820786489139574,0.9904659237074525
Heart,Male,1.1917428045613083,0.8539532456304668,0.8970425245764608,1.0504585926296017
Heart,Female,1.234893643746055,0.8503864032766655,0.8996863481182743,1.0579735807765138
Heart,Female,1.1601441675655682,0.8822313231403742,0.8953124777399912,1.0148273522561562
Heart,Female,1.1977480951003776,0.8813731607786629,0.8998866165806101,1.021005241168895
Heart,Female,1.1782859383160762,0.8503556805534679,0.9130860947336125,1.0737696185428143
Heart,Female,1.1779051882342877,0.8673619464760698,0.9054104715144949,1.0438669521910768
Heart,Female,1.184753477129503,0.8554323014463512,0.9025757239670062,1.0551106410652786
Heart,Female,1.1720988668203014,0.8574371758691551,0.8850282893096533,1.0321785831277142
Heart,Male,1.1684604183996425,0.8536075147714963,0.9360735578423729,1.0966088531834821
Heart,Male,1.235570157113157,0.8473003845235959,0.9204716287705692,1.086358091632538
Heart,Female,1.1972859080522549,0.8711342131178716,0.8897360567974472,1.02135359098456
Heart,Female,1.225012372793247,0.8839044161627083,0.9011545462887003,1.0195158320408444
Heart,Female,1.2076765984785016,0.840832101502944,0.9167951444040527,1.0903427007191195
Heart,Male,1.1822099196800897,0.8718540816798817,0.9105002727517141,1.0443264439358582
Heart,Female,1.175525763711957,0.8823055116407172,0.9067687300871341,1.027726471300089
Heart,Female,1.2049955574393458,0.8683116962707098,0.9181448858160289,1.0573908997878831
Heart,Female,1.1947925292986237,0.8819848899840989,0.899504255334504,1.0198635663142948
Heart,Female,1.1760723739394459,0.8720361422320626,0.8977508979393928,1.0294881765353334
Heart,Female,1.1686459558063362,0.9000664983090029,0.8772626226909419,0.9746642324084902
Heart,Female,1.2056679648974808,0.8837796611873475,0.9078724336325603,1.0272610623476495
Heart,Female,1.2174584549147793,0.8935419862648726,0.8851247895808048,0.9905799651124926
Heart,Female,1.1178742348981983,0.8654306820189275,0.9195200675861429,1.0624999629560539
Heart,Female,1.1388446948590674,0.8753060267662092,0.9090363891772775,1.0385355080161895
Heart,Female,1.1624112821515655,0.8540852066095015,0.9219835334337592,1.0794983056711598
Heart,Female,1.1714176160846057,0.8747577723129979,0.9025870472498856,1.031813692678949
Heart,Female,1.1624285590048655,0.8617329438231902,0.8953447393731557,1.039004886364031
Heart,Female,1.2309020325743474,0.8556646581728227,0.9241617722391128,1.0800513535437564
Heart,Female,1.2109357205397793,0.8833397767964307,0.8933079464589727,1.0112846380570488
Heart,Female,1.160446283917457,0.8339509966977156,0.9165840577189782,1.0990862309038225
Heart,Female,1.1632473174883304,0.8810199586403776,0.885211728843486,1.004757860661383
Heart,Female,1.186988235928787,0.8666488528942534,0.8805557276316608,1.0160467237577988
Heart,Female,1.2271067840023608,0.8692752893157385,0.9099972666807236,1.0468458932003462
Heart,Female,1.1735054943093155,0.8688029356997227,0.8927151076792711,1.0275231252070873
Heart,Female,1.2573087588290084,0.8658775230893305,0.8890749436215346,1.0267906486929455
Heart,Female,1.2227178353689274,0.8495750040298515,0.9288073325840027,1.0932611343063563
Heart,Male,1.248769909756673,0.8475798326910167,0.9429321622360202,1.1124995261417034
Heart,Female,1.179727746415535,0.9038108880105366,0.8660221140921746,0.9581895124083508
Heart,Female,1.1985881296663023,0.8632011849847799,0.8982123804788336,1.0405597166721579
Heart,Female,1.199159467532333,0.8723525906687176,0.8921500109937814,1.0226942873063376
Heart,Female,1.2145905518171822,0.8673213170245762,0.8863073352280052,1.0218904088147658
Heart,Female,1.206704865394504,0.8706295310356459,0.9045087202739971,1.038913439104289
Heart,Male,1.1606971761544056,0.8634521916499973,0.9304701480696178,1.0776162908238773
Heart,Female,1.1492668163332986,0.8662357323235281,0.9021257967565335,1.0414322142273402
Heart,Female,1.161336783564882,0.8735091456549624,0.897735778634041,1.0277348360913994
Heart,Female,1.1786074424622162,0.8790636464962933,0.9178541858224967,1.0441271112516275
Heart,Female,1.207562396967771,0.8580220562590044,0.9164614004254075,1.068109372876963
Heart,Female,1.2034353462396261,0.8984133271178434,0.8845099593720368,0.984524530829914
Heart,Female,1.1488108013756604,0.8855558150368298,0.9081736206854604,1.0255408019060774
Heart,Female,1.2238478372670079,0.8798172990123888,0.9078064481818992,1.0318124560643769
Heart,Female,1.2150417283111763,0.8794409762567789,0.9125985500583451,1.0377030121369795
Heart,Female,1.164830748822339,0.8943854376683247,0.8839596442954699,0.9883430644845528
Heart,Female,1.2137606501297515,0.9088305738409251,0.8582723185837493,0.9443699885188664
Heart,Female,1.1983317382386602,0.8554875812625339,0.9142405689696722,1.068677779776102
Heart,Male,1.1783773746166835,0.886469773622963,0.8932593817793948,1.0076591535983037
Heart,Female,1.1726705194091298,0.9027174229074594,0.8633537177241701,0.956394211317527
Heart,Female,1.1846786723621263,0.8935324145570612,0.8848688892500605,0.9903041846430435
Heart,Female,1.1966899292341902,0.8807651447045816,0.8969764579461578,1.0184059432177164
Heart,Female,1.1911340720683001,0.8754727188639414,0.9038460292711942,1.0324091314279575
Heart,Female,1.1936976369928056,0.8508571068145659,0.9170389000457182,1.0777825003765007
Heart,Female,1.2184408389076151,0.8616407482976699,0.9226637923416043,1.0708219105984678
Heart,Male,1.161078567584628,0.864872099990896,0.901034670583519,1.0418126224594408
Heart,Female,1.224640895247618,0.8748943206101841,0.9136809817048509,1.044332967057799
Heart,Female,1.1827978115308755,0.87818774213524,0.9042090938144267,1.0296307388849657
Heart,Female,1.213699800448923,0.8707285871794745,0.9027386274140651,1.0367623628142033
Heart,Male,1.1597208749470085,0.8572856672883927,0.9127546596549087,1.0647030441345942
Heart,Female,1.1905747173548693,0.892255947655617,0.8950458570621569,1.0031268039331878
Heart,Female,1.206838933090921,0.8845646623219989,0.916176311134525,1.035736956447644
Heart,Female,1.1815205245602436,0.8746404104690254,0.9049458494485387,1.0346490267506185
Heart,Female,1.169608471344952,0.8631054896616032,0.9018136873936172,1.0448475860664383
Oblong,Male,1.215582370420083,0.9079129991524675,0.8765105873424365,0.9654125319944257
Oblong,Female,1.2606078568885228,0.8679867195074312,0.8863622620470575,1.0211703037922677
Oblong,Female,1.1970631016230087,0.8914759053367494,0.9011252737486601,1.0108240372556854
Oblong,Female,1.2797072606571722,0.8893264807363481,0.8690315549092706,0.9771794427955484
Oblong,Male,1.2232360291419146,0.8787990713887159,0.8866889316740731,1.008978002528939
Oblong,Female,1.2426037303841835,0.8816601671803719,0.9144634739426049,1.037206293290011
Oblong,Male,1.251264818764872,0.8936080463208346,0.9093737877690261,1.0176427926237934
Oblong,Female,1.2545825236771957,0.8957519967012499,0.9036597855159443,1.0088281006839126
Oblong,Female,1.2827551840146014,0.910158222164058,0.8734515967823655,0.9596700612181297
Oblong,Female,1.2099371693716616,0.891706012554069,0.8722352800144638,0.9781646279541883
Oblong,Male,1.2407844808655213,0.8819553423609487,0.8891010179601879,1.0081020832416645
Oblong,Female,1.2117609941533733,0.8603389251659412,0.9424063633005484,1.0953896606721334
Oblong,Male,1.2580586466086867,0.8998697094681207,0.9145922142765919,1.0163607071707892
Oblong,Female,1.3442059616249893,0.8927477388097609,0.8934733824722912,1.0008128204989888
Oblong,Female,1.2295579262346945,0.8925338310007019,0.8659526949231017,0.9702183433788748
Oblong,Female,1.2194033387238161,0.8828681505861657,0.9131618154763143,1.0343127848365983
Oblong,Female,1.2257457613063365,0.8657916957634797,0.8829029713021888,1.0197637325726714
Oblong,Female,1.3128745860742401,0.890758592168032,0.8807010373694286,0.9887090005226622
Oblong,Female,1.2486958006912652,0.8864098009097816,0.8774625502683867,0.9899061916596459
Oblong,Female,1.2173532590835947,0.870200274285732,0.8781740795110609,1.009163183994482
Oblong,Female,1.2235260915626225,0.8617703346245765,0.9275310869972743,1.0763089070608887
Oblong,Female,1.2743994116085378,0.8645755775666859,0.8960484226690665,1.0364026534163266
Oblong,Female,1.288014631989446,0.8506447508543032,0.8973716420637736,1.0549311462423563
Oblong,Female,1.2897062584032706,0.900072798345962,0.894223696384747,0.9935015234634756
Oblong,Female,1.2822983800416539,0.868730912130621,0.9124316764344483,1.050304143312511
Oblong,Female,1.2894486703159769,0.8571817329477797,0.9030433262740388,1.0535027655903781
Oblong,Female,1.2502322438044347,0.8655444086741437,0.8833289697682132,1.0205472543243763
Oblong,Female,1.2399367409152506,0.8949991894334088,0.8798979932991462,0.9831271398761571
Oblong,Female,1.279209489902794,0.8973690533551636,0.8770498372584645,0.9773569012428858
Oblong,Female,1.2423258133706139,0.8839467013358194,0.8738647507089403,0.9885943908024734
Oblong,Female,1.2407994985877366,0.8370457642137423,0.9470485023016252,1.1314178301722977
Oblong,Female,1.2878869317224562,0.908810648068608,0.8688995826447177,0.9560842893855734
Oblong,Female,1.2284725566688526,0.8633393850450342,0.9026605489503434,1.045545430437253
Oblong,Female,1.2724015948684384,0.895423052137138,0.8750892979201029,0.9772914555097686
Oblong,Female,1.2155161299331128,0.8797467044026057,0.8891977750219667,1.0107429451819074
Oblong,Male,1.2448554180942621,0.839980917914906,0.9385525212596152,1.1173498126474046
Oblong,Female,1.292239537380042,0.8762493105959712,0.8864645320912129,1.0116578939026997
Oblong,Female,1.1866935028255186,0.8619657455359304,0.890512312920542,1.0331179835538158
Oblong,Female,1.254512375971375,0.8992337555881657,0.8662601134507686,0.9633314008371162
Oblong,Female,1.1826909618098551,0.8817363349741906,0.9037538368337572,1.024970618751025
Oblong,Female,1.3028171826021073,0.9036940244630071,0.8681681104418751,0.9606881167082607
Oblong,Female,1.2296501271544729,0.8723349776880048,0.9097415024326281,1.0428809181121725
Oblong,Female,1.2032222588755634,0.9055598649171367,0.8574442556870505,0.9468664512483788
Oblong,Female,1.2853661420882845,0.8673916674213241,0.9102742022752022,1.049438490666349
Oblong,Female,1.2292128228701698,0.8883757132440332,0.8757670814489608,0.9858070953459204
Oblong,Female,1.1947681648479687,0.902865708981169,0.899920915008281,0.996738392051448
Oblong,Female,1.3224651435497454,0.8711995894523596,0.8949878865737129,1.027305220766124
Oblong,Male,1.3060618563013662,0.8821523524836398,0.902993581940598,1.0236254309114305
Oblong,Female,1.1631579754649324,0.8365348778064241,0.9180882508421432,1.097489507251114
Oblong,Female,1.212011232027806,0.8953925889547552,0.9023809461259479,1.0078047967532886
Oblong,Male,1.2742191623675587,0.8742254799591117,0.8655101282036398,0.9900307735758519
Oblong,Female,1.238344747038893,0.8767998995986823,0.8805945819467536,1.0043278772611723
Oblong,Female,1.2970386026127068,0.8771976379305397,0.8926947753743155,1.017666642924776
Oblong,Female,1.2300831933924679,0.9096932349198147,0.884320376572489,0.9721083356747594
Oblong,Female,1.267120082975479,0.8798433252718609,0.9262765054350172,1.0527743733792705
Oblong,Female,1.2664056649894426,0.8852562195072339,0.8774676057637416,0.9912018536872549
Oblong,Female,1.202186813421092,0.873514978982636,0.896331343773703,1.0261201757726477
Oblong,Female,1.2601524812303513,0.9032306708409361,0.8739226965703026,0.9675520603797181
Oblong,Female,1.275857892951458,0.8675940252310639,0.9047480630257013,1.0428242204465878
Oblong,Female,1.186381154864988,0.8862112096154292,0.8875064905788195,1.0014615939736897
Oblong,Female,1.2588630726977956,0.8603818988261186,0.8955872494896588,1.040918283743037
Oblong,Female,1.2423964674645525,0.8893944304771932,0.8866489483421505,0.9969130882306405
Oblong,Female,1.2497265618897975,0.9078506098640298,0.8664450259506338,0.9543916328705254
Oblong,Female,1.2452614347950022,0.8668882876654896,0.8927771412456504,1.0298641173822742
Oblong,Female,1.2694036715226662,0.9013069251777396,0.8668641076281389,0.9617856952083127
Oblong,Female,1.2840719133163334,0.8616319719754786,0.9043958272466901,1.0496312308063105
Oblong,Female,1.3130543775437669,0.9059677264100248,0.8565474478864098,0.9454502880368078
Oblong,Female,1.3005191662736868,0.879893245762734,0.8902341031254972,1.0117523999787033
Oblong,Male,1.1710479219654113,0.8559472874525541,0.942391364352154,1.100992290257584
Oblong,Female,1.2850364323846777,0.8699487025563929,0.8770871379914744,1.0082055820235203
Oblong,Female,1.22222217962952,0.8666737197071515,0.8797582054235337,1.015097360654715
Oblong,Female,1.245275759788444,0.8806814817061662,0.8905387159469527,1.01119273476909
Oblong,Female,1.2800916329397838,0.8739938044072624,0.8925506668220696,1.0212322585368812
Oblong,Female,1.2706536223741618,0.9051192339139592,0.8764757176644791,0.9683538751843572
Oblong,Male,1.227634750554749,0.8809972530460337,0.9412199653170752,1.0683574347852078
Oblong,Female,1.202024891274314,0.8906702859181166,0.8814162233691617,0.9896100019330771
Oblong,Female,1.3028400327834226,0.8711612884927854,0.8801273070673695,1.0102920305263983
Oblong,Female,1.3288780734750025,0.8916661536330801,0.8704944850538687,0.976256058960018
Oblong,Female,1.309915077271629,0.8778292127677718,0.8855524747904581,1.0087981373943287
Oblong,Female,1.219977113094877,0.9025641332000254,0.8689629873915745,0.962771459032702
Oblong,Male,1.4447190946651995,0.8719689163722256,0.9133121490321897,1.0474136541838786
Oblong,Female,1.226939386590224,0.8512439031939647,0.9502251930611859,1.1162784126803518
Oblong,Female,1.2791743086618674,0.8972361620092002,0.8831851611660528,0.9843396850928493
Oblong,Female,1.2471680221957386,0.8765259956113898,0.8838790014689759,1.0083888052315635
Oblong,Female,1.2374523880876187,0.8756080596575899,0.8962317557071505,1.0235535703698588
Oblong,Female,1.2646336806199772,0.8774361614665037,0.8968464168676772,1.0221215585288075
Oblong,Female,1.2246116600033556,0.9006869879715639,0.8690454104851632,0.9648695074882111
Oblong,Female,1.2499642813292522,0.8870881176907305,0.8998091944251015,1.0143402627999196
Oblong,Female,1.2777140900142832,0.9001231863355249,0.9020479212381245,1.002138301658949
Oblong,Female,1.253163362552343,0.8957211379069793,0.8813192414701594,0.9839214507425015
Oblong,Female,1.319648654961273,0.887950644915597,0.8731607079381647,0.9833437398101803
Oblong,Female,1.2631317587378266,0.869814388534964,0.8868052660379849,1.0195339117482742
Oblong,Female,1.2607347554981805,0.8654953811696697,0.8956312010023338,1.0348191573153598
Oblong,Male,1.261619006591199,0.8799582267404911,0.8942165405449924,1.016203398492354
Oblong,Female,1.2213887107798114,0.9095921638945152,0.8853612691898751,0.9733607042073746
Oblong,Male,1.2667824819023534,0.8686928025112621,0.9199884108322546,1.0590491922722332
Oblong,Female,1.243727158726895,0.9253333592391196,0.8540319951257823,0.9229452138503179
Oblong,Female,1.2635439903149956,0.875412940673056,0.8848760618769459,1.0108098941244965
Oblong,Male,1.2740373412765669,0.8711697164467193,0.894643617651713,1.02694526768072
Oblong,Female,1.2575642743938444,0.8523619167443818,0.931897361490662,1.0933118235151422
Oblong,Female,1.2629940466426608,0.865052484767864,0.9256814359547154,1.0700870204460728
Oblong,Male,1.2841285654185466,0.8987749548050951,0.8835788690373152,0.9830924463498482
Oblong,Female,1.2686856703081029,0.8935492820537104,0.8746987498141129,0.9789037576122583
Oblong,Female,1.2899224030875382,0.859961470348664,0.8883641797158041,1.03302788595357
Oblong,Male,1.2624812183549767,0.8979259625251466,0.8788630597088668,0.9787700727990187
Oblong,Female,1.2095907980499356,0.8699055093753054,0.885826374676791,1.0183018329346123
Oblong,Female,1.2653153177512388,0.8617964354789588,0.9002784800866158,1.0446532882052013
Oblong,Female,1.2331167634640137,0.874450727245556,0.9188535424103597,1.0507779498390593
Oblong,Female,1.2259468096305692,0.8828886320638465,0.8880339290630613,1.0058277984474522
Oblong,Male,1.2076252605022004,0.8698979828828918,0.9328094307775062,1.072320489451099
Oblong,Female,1.2733157642732764,0.9262657021416232,0.8704388477131062,0.9397291141198044
Oblong,Male,1.2059522020209008,0.8871625529630217,0.8815657355974447,0.9936913282161378
Oblong,Female,1.2323190047718706,0.8755410535758669,0.876479774712109,1.0010721611881113
Oblong,Female,1.2944541088156516,0.8805276342919087,0.9070576504471374,1.0301296803439488
Oblong,Female,1.3219751742366055,0.8892075700911454,0.8721075942608854,0.9807694216677584
Oblong,Female,1.3081879250048234,0.8903115806890552,0.8789428780674283,0.9872306472607848
Oblong,Female,1.2840808277756672,0.8924509314649861,0.8940374187414201,1.0017776745146423
Oblong,Female,1.2821663151394658,0.8703426105718286,0.8938881618477393,1.0270531983496027
Oblong,Female,1.2484768989909925,0.844206873246103,0.9546462585442962,1.130820286825594
Oblong,Female,1.2806827900637754,0.8889526984728088,0.9004825771757686,1.01297018246614
Oblong,Male,1.2730648689729682,0.8975882245654134,0.877769952197457,0.9779205298982706
Oblong,Female,1.2385210546853993,0.8403092351899408,0.9052418337844952,1.0772722658223282
Oblong,Female,1.2553627113993664,0.8788699386883896,0.8628010816593449,0.9817164561880163
Oblong,Female,1.2172002044901105,0.8735942426185077,0.9109066414411521,1.0427113607237204
Oblong,Female,1.275887161329882,0.8626178331225713,0.8939081225867467,1.036273640843835
Oblong,Female,1.2412825773180616,0.8651912983682675,0.9252061813212176,1.0693660269886405
Oblong,Male,1.2732758563648099,0.8802264988888562,0.877792923135595,0.997235284604209
Oblong,Female,1.2482095993712106,0.8769327482713337,0.8816581325747115,1.005388536706712
Oblong,Female,1.258909335182104,0.8683610529653062,0.8973785345997531,1.0334163785160069
Oblong,Female,1.2684834396175746,0.8971403834188771,0.8660490728643262,0.9653439850337956
Oblong,Female,1.2985428693690946,0.8673621021032313,0.8856411946290965,1.0210743500108443
Oblong,Female,1.2510809743444482,0.8920328052713459,0.8692107973961462,0.9744157302956392
Oblong,Female,1.1959967485968668,0.8586550356551489,0.9282552296979818,1.0810572245578556
Oblong,Female,1.2919615817085213,0.8488241686130372,0.9105617130400822,1.0727330190514286
Oblong,Female,1.2771592789588464,0.8955588849512613,0.8932543705075026,0.9974267304110502
Oblong,Female,1.2612303856176126,0.8650160789575759,0.8764723962728591,1.0132440512887217
Oblong,Female,1.2633754265387778,0.8616830368888518,0.9091563890039912,1.055093752670987
Oblong,Female,1.3099131128267756,0.8820526598852257,0.9010637860080218,1.0215532779247782
Oblong,Female,1.244770319984171,0.8865503200918803,0.8648782607053225,0.9755546200870903
Oblong,Female,1.2120839669421133,0.8725998600875651,0.8813427560506889,1.010019364387987
Oblong,Male,1.2394653091410093,0.8916761068901297,0.9015184611227545,1.0110380374180392
Oblong,Female,1.2060834293977005,0.8893730454970735,0.9115415067225198,1.024925942311481
Oblong,Female,1.2306343251428316,0.8462880070556165,0.9519229285008285,1.124821479879804
Oblong,Female,1.2482383712300724,0.8837072153874632,0.9234468588309392,1.044969241793564
Oblong,Female,1.2155001049612593,0.906294037915102,0.8727546110444568,0.9629927755590212
Oblong,Female,1.2439578498104484,0.8746825658623415,0.8789340090043373,1.0048605554836962
Oblong,Female,1.3065810436085858,0.8930968081377255,0.8794886276466432,0.984762927862817
Oblong,Female,1.2284498146929277,0.8717922553337225,0.9111140700525318,1.0451045698998058
Oblong,Female,1.2820129714695352,0.912266806788269,0.8751319244036122,0.959293835851165
Oblong,Female,1.2192942322962919,0.873292932070375,0.8766786361738491,1.0038769397748901
Oblong,Female,1.201115370277202,0.895653383273476,0.8981405783078801,1.0027769615800632
Oblong,Female,1.256955428264626,0.8738194008698925,0.8939963813835198,1.0230905613832113
Oblong,Female,1.2789446910218625,0.8709695624881063,0.8954685084214745,1.0281283606092753
Oblong,Female,1.2822340724300276,0.8458745341957721,0.8989828656135157,1.0627851167883156
Oblong,Female,1.3282683074764414,0.899108413143803,0.8530141381029,0.9487333514323032
Oblong,Female,1.2811047147483596,0.8836182077617395,0.871499757230692,0.9862854223412345
Oblong,Female,1.3093522386452052,0.8965719118303652,0.8877511068383499,0.9901616313475541
Oblong,Male,1.2347516825274,0.869025728223758,0.9136008870460798,1.0512932556248145
Oblong,Female,1.1688175291786767,0.8808714733602276,0.8672764436295214,0.9845663866502048
Oblong,Female,1.292874691692954,0.8759574458115964,0.8909190709246205,1.0170803104472292
Oblong,Female,1.2433745534728566,0.8844558034533803,0.9111028061555393,1.0301281337044939
Oblong,Female,1.2371608196496786,0.8896772274491033,0.8899902223019748,1.0003518071984028
Oblong,Female,1.219198405085014,0.8485137713407825,0.9236627734961207,1.0885654478378013
Oblong,Male,1.2408061426132087,0.8742034683673647,0.9034844057386846,1.0334944191264808
Oblong,Female,1.2352363767606531,0.8544821904714536,0.8913067431012871,1.0430957520712232
Oblong,Male,1.2762445091659622,0.8962034566406383,0.9088613971012267,1.0141239585350807
Oblong,Female,1.2415021698146838,0.8556543520458527,0.8756841351403852,1.0234087316293567
Oblong,Female,1.2147069458846618,0.9038335049876765,0.8625273357682862,0.9542989178964401
Oblong,Female,1.242648270288524,0.8820425741336628,0.8691305447386127,0.9853612175038918
Oblong,Female,1.2242054764651205,0.8783247257097534,0.8756072147757037,0.9969060293368678
Oblong,Female,1.2463680482046238,0.8685900600973226,0.925523151101377,1.065546560592318
Oblong,Female,1.213211422333063,0.8955219056613182,0.8520763958457813,0.9514858212391202
Oblong,Female,1.2678240058573103,0.866380160579319,0.9406484224163273,1.085722486751483
Oblong,Female,1.2898073423979155,0.8690489528860238,0.8911756168876832,1.025460779773313
Oblong,Female,1.232997408985169,0.8585688316605289,0.8881101541745858,1.034407634454796
Oblong,Female,1.247548022391276,0.8715860436671672,0.9237957677411927,1.0599019734808452
Oblong,Female,1.1916925139592887,0.8774341907698541,0.9098974420000016,1.0369979328041279
Oblong,Female,1.2548914717670925,0.8754238329960414,0.8918219181861944,1.018731595567866
Oblong,Female,1.2285901310752878,0.9184834024822394,0.8998558843425659,0.9797192653788498
Oblong,Female,1.269447772631407,0.8790041261284497,0.8763944803571067,0.9970311336502626
Oblong,Female,1.2353431209969767,0.8853498130112626,0.9092566161806878,1.0270026636004057
Oblong,Female,1.242227587591791,0.9017829762719941,0.8647436248211229,0.9589265350694539
Oblong,Female,1.2746514984587973,0.8687876621539683,0.8954896767514935,1.0307347994921146
Oblong,Female,1.2533272806941413,0.8742674476496616,0.9279512458101459,1.0614043200450907
Oblong,Female,1.234183164656058,0.857411160961092,0.9176117238712606,1.0702120122190715
Oblong,Female,1.2354897020633557,0.9022111598712605,0.850699876058499,0.9429055124743614
Oblong,Female,1.265059887523061,0.9120368382527878,0.8813859485531439,0.966392925796328
Oblong,Female,1.2462580819099425,0.8886972513818058,0.8767550788480571,0.9865621588058474
Oblong,Female,1.270637136940001,0.8924792163329088,0.8582007371870224,0.9615918460412639
Oblong,Female,1.1769249567761126,0.8912634646819048,0.8871016121990918,0.99533039034165
Oblong,Female,1.2236656910747985,0.8872349013633095,0.8853818288490037,0.9979114071014809
Oblong,Female,1.1990094908340845,0.8943117431357913,0.869429277525839,0.9721769664762479
Oblong,Female,1.3038088043028122,0.8578808674129189,0.889409592595122,1.0367518689130848
Oblong,Female,1.2754140140330623,0.8846281086380628,0.8851277406876189,1.0005647933235189
Oblong,Male,1.2819270998994534,0.8763286323974396,0.9319484417233033,1.063469122506816
Oblong,Female,1.209609962782853,0.8668968612181879,0.9219260641512225,1.063478373719921
Oblong,Male,1.2057202621826815,0.8629756573111401,0.8813707845114335,1.0213159282587518
Oblong,Female,1.2769571155114177,0.9322100794015237,0.8528118318355827,0.9148279456311883
Oblong,Female,1.1942699201184144,0.8625941008219016,0.8831443586419159,1.0238237866459248
Oblong,Female,1.2530643736684477,0.8290475393861497,0.9555624783412838,1.1526027555052023
Oblong,Female,1.2661928165500282,0.88319923086073,0.8663443131217837,0.9809160638392764
Oblong,Female,1.2740176244587154,0.8655836438073088,0.8809564698112347,1.017760069883377
Oblong,Male,1.2389051347462363,0.8503961255125217,0.9085715439160136,1.0684097876956227
Oblong,Male,1.2398377268142216,0.8428705046339946,0.9393695384191134,1.1144885640849684
Oblong,Female,1.231497828547933,0.8703134395049563,0.9027478809455318,1.0372675405989646
Oblong,Female,1.2676780629240458,0.8834629510206237,0.8820628349222227,0.998415195456942
Oblong,Female,1.2299175632103463,0.8802036575710708,0.9018891191288327,1.0246368682647868
Oblong,Female,1.3520147152533042,0.9038839036747954,0.8615470241137348,0.9531611533417761
Oblong,Female,1.214300700044474,0.8676375351007513,0.9096976441835064,1.0484765900288893
Oblong,Female,1.2969632432388918,0.8462915991512463,0.9112620443935913,1.076770755266275
Oblong,Female,1.2403626657165803,0.9007184845273274,0.8675878502369397,0.9632175481468289
Oblong,Female,1.2640786619549043,0.8796592873012118,0.8704501601900411,0.9895310295200495
Oblong,Female,1.2693514944142277,0.8960994704716249,0.8637897168037895,0.9639440098644065
Oblong,Female,1.248391776663784,0.8985310758597602,0.8739464526788299,0.9726390952506495
Oblong,Female,1.3153440655985478,0.8815893957060857,0.8774933624678074,0.9953538084076003
Oblong,Female,1.3121678172703601,0.8623950127028006,0.895398756417055,1.0382698684803597
Oblong,Female,1.252092015591165,0.8754084683840738,0.894458828274753,1.0217616810651198
Oblong,Female,1.2175364726695583,0.8842172341392447,0.8918455871391449,1.0086272385397759
Oblong,Female,1.247640260918454,0.9027115151981007,0.876892777949046,0.971398684059781
Oblong,Female,1.2921896021653194,0.8851771095303002,0.8842649910780341,0.998969563895806
Oblong,Female,1.2378196774066619,0.8800198165898887,0.9124423765513489,1.0368429884762127
Oblong,Female,1.2179146344068361,0.8840042524181597,0.8832424340463985,0.9991382186571193
Oblong,Female,1.325822094306294,0.8995219895215664,0.9020457017789439,1.0028056148563083
Oblong,Female,1.2464623575556324,0.8957201120516969,0.8829426247689264,0.9857349554723037
Oblong,Female,1.2382152505352324,0.875366327214292,0.9230961604494246,1.054525553189857
Oblong,Female,1.3150349821650806,0.8946679506496171,0.8782914156741761,0.9816954044642483
Oblong,Female,1.2134858650238605,0.8763524876538781,0.8741175989903524,0.9974497833976499
Oblong,Female,1.2697505803396294,0.8693864286890914,0.8992622052159144,1.0343642085279285
Oblong,Male,1.2462145792992083,0.9229548855569585,0.8602323416266957,0.9320415928104517
Oblong,Female,1.3021202969289434,0.8886022960235171,0.8747583048764718,0.9844204868600981
Oblong,Female,1.241526497143471,0.8843065868253558,0.8808136629157973,0.9960500985047528
Oblong,Female,1.2471909940632027,0.8792487635830691,0.8929665879411127,1.0156017556421022
Oblong,Female,1.2834368694337646,0.8656492712597511,0.9211083471570113,1.0640664501646868
Oblong,Female,1.2373977411571093,0.8810763184835932,0.8871164167955474,1.006855363360974
Oblong,Female,1.297043142900944,0.8911316671421284,0.877185961964442,0.9843505671587113
Oblong,Female,1.2748294115954977,0.8821108169587593,0.8693819216170758,0.9855699589020248
Oblong,Male,1.2122809856833192,0.8569647741557233,0.9181174441436385,1.0713596075733247
Oblong,Male,1.1965278486077051,0.87596962171653,0.9189258645791093,1.0490385074980149
Oblong,Female,1.2739093659555976,0.901588341300989,0.8717268085410852,0.9668789719299014
Oblong,Female,1.1575533390169244,0.8641786363825769,0.9222734872560739,1.0672255115177114
Oblong,Male,1.2317470990505557,0.9124257649918063,0.8897575395562689,0.9751560879741916
Oblong,Female,1.2755507059782727,0.917130273599418,0.8642547295180297,0.9423467465817368
Oblong,Female,1.2748025636600508,0.8649981929766887,0.893246960604671,1.0326576030532166
Oblong,Female,1.233875908473146,0.8493192479171878,0.9235151338991866,1.0873592423154799
Oblong,Female,1.3138180518510763,0.9040611773155582,0.8706292403540279,0.9630202714148169
Oblong,Female,1.236297833652137,0.8951916066491018,0.8582110883047539,0.9586898290045701
Oblong,Female,1.2626554861800328,0.8925222213731943,0.8981900628965659,1.0063503646045375
Oblong,Female,1.3110730009734455,0.8583668079860719,0.9178351969273238,1.0692808580061228
Oblong,Female,1.242614530200428,0.8687635150729784,0.9047236026099346,1.0413922625813026
Oblong,Female,1.270745319021402,0.8850447809675293,0.8825551304287274,0.997186977888192
Oblong,Female,1.193725739119537,0.8905680816072874,0.9033033899523953,1.014300207483434
Oblong,Female,1.298243417197676,0.8899612941030413,0.8801125412890297,0.988933504322862
Oblong,Female,1.22627588066307,0.8850023138153141,0.8802966325401671,0.9946828599183426
Oblong,Female,1.2430246680405785,0.8596409448944786,0.932467707046862,1.0847176516950607
Oblong,Female,1.2431103372157084,0.9073815854294276,0.8733339698888051,0.9624770701903663
Oblong,Female,1.2993158002255032,0.8874271990334867,0.8778305566697179,0.989185994778816
Oblong,Female,1.2489431800107995,0.8861939173880843,0.8985421343433062,1.0139339897430308
Oblong,Male,1.175335833303382,0.8719867472931244,0.9099339129257326,1.043518053170425
Oblong,Male,1.269889941530338,0.8512261610107423,0.916732358069809,1.0769551031905376
Oblong,Female,1.2096327190175902,0.8681789252742271,0.9160513174623464,1.055141159033546
Oblong,Female,1.3183729580335344,0.9216489516267874,0.8717597921607105,0.9458696726361828
Oblong,Female,1.2343443254198494,0.8731087090888421,0.8969546790606755,1.0273115703962208
Oblong,Female,1.1407629601707516,0.8480633286703596,0.9020188919390986,1.0636220921771649
Oblong,Female,1.2420627538113451,0.8639362611659273,0.8971667330801435,1.0384640319059766
Oblong,Female,1.2085434862269653,0.884792323390421,0.8934599720826825,1.0097962521408956
Oblong,Female,1.2255035957299634,0.8928057715251899,0.8861031724572691,0.99249265710226
Oblong,Female,1.2501505981746397,0.8897279109641519,0.8651081456839766,0.9723288828227316
Oblong,Female,1.2018804501064935,0.9069229520059714,0.8682151768792773,0.9573196653132676
Oblong,Female,1.3115581533009246,0.8636478735426588,0.9130145483371288,1.057160651125058
Oblong,Female,1.2044998551163837,0.8904058625262995,0.8896319424950966,0.9991308232978081
Oblong,Female,1.2889069855861741,0.8824368439913592,0.882758838588221,1.0003648925122
Oblong,Female,1.2834697500187626,0.8881895453048003,0.8658028185607222,0.974795102168878
Oblong,Female,1.2223876206849698,0.8815686763534862,0.9064487119647728,1.0282224587586304
Oblong,Female,1.2136413850485237,0.8556877121150509,0.888960705426356,1.0388845052233628
Oblong,Female,1.2146305649877862,0.8983387713481484,0.8642434721776439,0.9620462789117546
Oblong,Female,1.2332715859960501,0.8507057021270118,0.9218105519714417,1.0835833704495539
Oblong,Female,1.1614974751863179,0.885302345263575,0.8916270599354066,1.0071441295797636
Oblong,Female,1.246636471592006,0.879451124416603,0.8739143426554333,0.9937042757608131
Oblong,Female,1.2247082528004734,0.8932444560477174,0.8783211070186142,0.983293096388044
Oblong,Female,1.3201215546516607,0.8820426139634442,0.8966264581467281,1.016534171878331
Oblong,Female,1.2416770684365435,0.8531233758989643,0.9272030099017237,1.0868334359314669
Oblong,Female,1.250715528422402,0.8703444409409606,0.9169344811314518,1.0535305770898256
Oblong,Female,1.3155994439312153,0.8789654271477912,0.8951706625401508,1.018436715360859
Oblong,Male,1.2338068944722473,0.8386237165777247,0.9153409020462625,1.091479866299998
Oblong,Female,1.3005763149562448,0.9044303867796777,0.8712231195111871,0.9632837775533741
Oblong,Female,1.311128988717298,0.8636552562813733,0.8798225766425194,1.0187196456497671
Oblong,Female,1.235138494909237,0.8830130823262043,0.889284879509124,1.0071027228344085
Oblong,Female,1.2071488715985714,0.875220448819493,0.9155429291731055,1.0460712274353277
Oblong,Female,1.2512947833238413,0.8757986834906519,0.8864617539180718,1.012175252861674
Oblong,Female,1.2636581598313745,0.8740145183487454,0.8888841945950502,1.0170130769388108
Oblong,Female,1.2386771074531295,0.9063357487697112,0.8726681205496145,0.9628530285098008
Oblong,Female,1.2230962993957841,0.8861132149453748,0.8909728177456597,1.0054841782272534
Oblong,Male,1.2276433646488878,0.8680984124024675,0.9328420723126675,1.0745810140707681
Oblong,Female,1.1700609913401554,0.8532818984750817,0.9368378545912299,1.097923038406736
Oblong,Female,1.2363909258091583,0.8635376165855101,0.8776475281887334,1.0163396606380795
Oblong,Female,1.278658903431353,0.8780411853045822,0.8910567458247488,1.0148234054825704
Oblong,Male,1.2034505677433698,0.8774051778368818,0.8848843786416755,1.008524226883676
Oblong,Female,1.2316065916372079,0.8828375730817861,0.880180425942442,0.9969902196957153
Oblong,Female,1.2983068257570363,0.8977506265054068,0.8942416708929094,0.9960913916304838
Oblong,Female,1.245561709526654,0.8985442200278055,0.8744010560163998,0.9731308003843611
Oblong,Female,1.1939713261277354,0.8762794412798741,0.8795912784877639,1.0037794304554863
Oblong,Female,1.15592157883186,0.8813302482067594,0.8865907749303209,1.0059688484926792
Oblong,Male,1.2359934634893939,0.8976804219651336,0.8818345130865584,0.982347939766931
Oblong,Female,1.2455427794755736,0.868922736733193,0.9164056599819707,1.054645736889444
Oblong,Female,1.2566696965315036,0.8949753882608238,0.8777799488493194,0.980786690184945
Oblong,Female,1.3542454594067155,0.9017769236858099,0.866039442677987,0.9603699317767481
Oblong,Female,1.1845803145988807,0.8849388174265933,0.9053947328471742,1.0231156267730088
Oblong,Male,1.228023259169041,0.8484214258031555,0.9351229700253934,1.1021916014675868
Oblong,Female,1.317228030645868,0.8619578727088668,0.8954878509893258,1.0388997877298627
Oblong,Male,1.2275259269432974,0.9015508596114363,0.8756547527690068,0.9712760444223961
Oblong,Female,1.2495364256796408,0.8927673002296027,0.9195089872778138,1.0299537035477595
Oblong,Female,1.247540097281159,0.8637101166749291,0.8951751698904715,1.036430108445036
Oblong,Female,1.2264144518009372,0.9072392078876629,0.8560931135774659,0.9436244665513507
Oblong,Female,1.2862400367197255,0.8609113378452119,0.9072809213902522,1.0538610441129739
Oblong,Female,1.2400265274350026,0.8737631104837966,0.8963125844599442,1.0258073083031192
Oblong,Female,1.2452240488332806,0.8806543434569094,0.8609041198631924,0.9775732400112969
Oblong,Female,1.2626213549878211,0.8978181955280412,0.8833665541115114,0.983903599316084
Oblong,Female,1.2859768929425712,0.9087378744464519,0.8817513469941649,0.970303287437287
Oblong,Female,1.294623347103838,0.8999586654923474,0.8974546807256267,0.9972176669187904
Oblong,Female,1.2346110701183002,0.8503897855756005,0.9297988162539542,1.093379567846766
Oblong,Female,1.1985282150288479,0.863736794188002,0.8881786173101537,1.0282977676609568
Oblong,Female,1.3065104715454752,0.8928531152797394,0.8595907382652906,0.9627459696951078
Oblong,Female,1.2961681543266845,0.8836755615309901,0.8801988721211679,0.9960656494745666
Oblong,Female,1.2452658616232712,0.896737096377119,0.8660780033443621,0.9658103883996528
Oblong,Female,1.2605008550815089,0.8537292042555614,0.9308294825732388,1.0903099928330409
Oblong,Female,1.2554982194545312,0.8838350701400377,0.8745068589971629,0.9894457558225237
Oblong,Male,1.2234934530513464,0.8753528421117277,0.8833591959405922,1.0091464303806335
Oblong,Female,1.2732070921570928,0.880406520339695,0.869770595211752,0.9879193021834514
Oblong,Female,1.2583609621822631,0.8748046214180948,0.9278546644033853,1.0606421613311714
Oblong,Male,1.240280319564781,0.8594390899564167,0.9119558254821114,1.0611058260433068
Oblong,Female,1.2367307746003107,0.868099521374825,0.9278289662813872,1.0688048356621227
Oblong,Female,1.2832995936142053,0.8787948324317433,0.8859104585039939,1.0080970276674939
Oblong,Male,1.284609224617337,0.9135066228449771,0.887217262822016,0.971221489406298
Oblong,Female,1.242557127505782,0.8974669469295345,0.8672327590326363,0.9663116418935125
Oblong,Female,1.24877865934383,0.8696074460003389,0.8795352966979362,1.0114164738851528
Oblong,Female,1.2153043299682575,0.8974224887082503,0.8721760246360615,0.9718678054206904
Oblong,Female,1.2665120246345178,0.8986704859468414,0.8981594251842092,0.9994313146246326
Oblong,Female,1.3079984075748892,0.8404032915022132,0.9125176207922528,1.0858091942514123
Oblong,Male,1.3527976815566616,0.8822904562763565,0.8856173136626947,1.003770705398287
Oblong,Female,1.217109549374833,0.8388894361304055,0.942875338271685,1.1239566236773006
Oblong,Male,1.1408400487920987,0.9116725206097039,0.8728205232166634,0.9573838231220819
Oblong,Female,1.2753360954402622,0.9265989703051415,0.8494322291975034,0.9167204545001533
Oblong,Female,1.3112687243892263,0.901963560886202,0.868056559717059,0.9624075709490651
Oblong,Female,1.2010696973848505,0.8456260926305624,0.8768714693125135,1.0369493999230244
Oblong,Female,1.2548888407205885,0.8848690072182401,0.8850567580672297,1.0002121792575602
Oblong,Female,1.2790333742000677,0.8926690282037995,0.8803815128258875,0.9862350826681682
Oblong,Female,1.2177425129458617,0.8513447499543281,0.9175494263714803,1.0777648260833275
Oblong,Male,1.2398930276185904,0.8833581396741035,0.9122649010405669,1.0327237165405279
Oblong,Male,1.2843537048040354,0.8558243601593233,0.9265736495693371,1.0826680014072547
Oblong,Female,1.2989924315222403,0.8885703586602276,0.8959980352153772,1.0083591315901523
Oblong,Female,1.3015317200224872,0.8742482505029172,0.8907912468194401,1.0189225386576484
Oblong,Female,1.2543864819316193,0.8895490321109267,0.8956337601857404,1.006840239104498
Oblong,Female,1.3386480686055748,0.8736346716312982,0.877113281457222,1.0039817671377766
Oblong,Female,1.2631473536416737,0.8811791112503479,0.9185536768149215,1.0424142663930618
Oblong,Female,1.2745911068483615,0.8813417792792623,0.8970113992295081,1.0177792773684915
Oblong,Female,1.246893796926021,0.8583633355588125,0.9392943701737886,1.0942852883648488
Oblong,Female,1.2849151679099207,0.9183594383385272,0.8606435670002066,0.937153287777236
Oblong,Female,1.2672344432427836,0.8864375755486651,0.8782147823152674,0.990723776315204
Oblong,Female,1.2017666852624813,0.8654866150360075,0.8906303331158493,1.0290515389181332
Oblong,Female,1.218143447643431,0.9018553860785835,0.8928691870330844,0.9900358758352904
Oblong,Female,1.238278845725464,0.8912945947572745,0.8826081017270786,0.9902540719069866
Oblong,Male,1.2230462944310443,0.8357812502509555,0.9363693158494149,1.1203521442581492
Oblong,Female,1.2306695479316296,0.86824571284746,0.8939694585077792,1.0296272648164961
Oblong,Female,1.2867319278397098,0.8423169172373086,0.9123162584297652,1.0831033305398228
Oblong,Male,1.2821033345193649,0.8931394284520738,0.907986391518833,1.0166233430008693
Oblong,Male,1.2543721107152268,0.8693714715663344,0.9056621030303188,1.0417435269627608
Oblong,Female,1.2672599905688389,0.8802963127155566,0.876528297353361,0.9957196056512245
Oblong,Female,1.255524442945152,0.9059622052081812,0.8699669656207857,0.960268497537241
Oblong,Female,1.2467435178808466,0.8523411243114968,0.9161016773459655,1.0748063788262863
Oblong,Male,1.209992288781452,0.9131085186723563,0.8538465789846206,0.9350986892840496
Oblong,Male,1.1755460564365163,0.8983642086866497,0.8735282206560832,0.9723542102519032
Oblong,Female,1.311925498670734,0.8735350974186897,0.8882344932961919,1.0168274817130292
Oblong,Female,1.2438345315657366,0.8791654517940403,0.9079509218598769,1.0327418121436602
Oblong,Female,1.2395066633347667,0.8727172621900661,0.9281043198155874,1.063465064832714
Oblong,Female,1.1847805640597335,0.8714233831033241,0.8989908244003043,1.0316349570501617
Oblong,Female,1.2144007936532777,0.8928650348833599,0.8906498450901289,0.9975190093612296
Oblong,Female,1.2437779526558812,0.8923252717829884,0.8873931053432862,0.9944726809879014
Oblong,Male,1.2969132934471468,0.889487967189366,0.8648722859115884,0.9723260098103866
Oblong,Female,1.212570385740975,0.8971835160794547,0.8846872230292685,0.9860716421710545
Oblong,Female,1.2023913414142462,0.8417996776261147,0.9124537786407637,1.0839322025091462
Oblong,Female,1.3029695252015827,0.90447124393153,0.8737966952632331,0.9660856562614842
Oblong,Female,1.2569677498795016,0.9160957070869356,0.8770893117678112,0.9574210478038813
Oblong,Female,1.2615615991905735,0.8723415956064763,0.926032410339006,1.061547924577874
Oblong,Male,1.224290734599529,0.888817719281147,0.8927453710296751,1.0044189620248622
Oblong,Male,1.2303790598476727,0.9025246427510497,0.8905539364084275,0.9867364216159977
Oblong,Male,1.1769483748117398,0.8723884681467814,0.8794254234303408,1.008066309379935
Oblong,Female,1.1844253503953721,0.8887916230585755,0.8679862121388043,0.9765913512458927
Oblong,Male,1.2164598251999748,0.880009310284294,0.9228672219843129,1.0487016571292562
Oblong,Female,1.231720213764309,0.8847989445963651,0.902706681109108,1.0202393285187656
Oblong,Female,1.1920808528376348,0.8482414079290752,0.935744142984255,1.1031578206831614
Oblong,Female,1.2784955242990557,0.8778465655516776,0.8761428926938413,0.9980592589585793
Oblong,Female,1.215109572530905,0.8997036224082361,0.877061725518096,0.974834049428928
Oblong,Female,1.2287704678715916,0.9180621881488013,0.8741019207071026,0.9521162422228269
Oblong,Female,1.2403291823501268,0.8781358036045146,0.869267837982981,0.9899013733580467
Oblong,Female,1.2458721413507174,0.8634496123625188,0.9140098575450042,1.0585561038636007
Oblong,Female,1.1730152516391954,0.8674849798620317,0.8931901672229733,1.0296318529515402
Oblong,Female,1.234451981473014,0.8589350794738644,0.8890257609346435,1.0350325445774213
Oblong,Female,1.3060821021795925,0.8805711937005051,0.9053948310637117,1.0281903809036586
Oblong,Female,1.2296161275410864,0.8693821815883833,0.8834987584733356,1.0162374812641788
Oblong,Male,1.2173865304097642,0.883573067233251,0.8731998273736772,0.9882598958204376
Oblong,Female,1.3010063529656264,0.8958921691748477,0.8545566314719207,0.9538610347035418
Oblong,Male,1.20825203612931,0.8339775672558154,0.9472895852149447,1.135869383551862
Oblong,Female,1.2161666198106518,0.8871842053652863,0.9184751354417899,1.0352699359245467
Oblong,Female,1.250036213218601,0.8909558205548601,0.9053486926357068,1.016154417254812
Oblong,Female,1.2352308118123454,0.8979846032609651,0.8629628074133034,0.960999558655591
Oblong,Female,1.2645085490923926,0.8802285152622313,0.8718459655409846,0.990476848254854
Oblong,Female,1.312078445085719,0.8896359299148486,0.8606691625044531,0.9674397509853632
Oblong,Female,1.2364961225692361,0.9031391595095183,0.8898596864792827,0.9852963157555392
Oblong,Female,1.2442994224678883,0.8833337223698482,0.8776386173368397,0.9935527141228918
Oblong,Female,1.2238581519238516,0.8996473487084544,0.8649952854794485,0.9614826150727249
Oblong,Female,1.1888110286945606,0.832675196111735,0.9410247029454376,1.1301221740957963
Oblong,Female,1.2591766455663462,0.8503823998771094,0.90202861254236,1.0607329275308544
Oblong,Female,1.2621745522966528,0.8876458403010548,0.9055343963577128,1.0201528078479936
Oblong,Female,1.2238251968139224,0.8875736742437612,0.9026652022225741,1.0170031270831363
Oblong,Female,1.197584544474531,0.9018869252006206,0.9072949555101587,1.0059963507158451
Oblong,Female,1.2711915573303108,0.8512971492466727,0.908532699329717,1.0672333393030777
Oblong,Female,1.2529871958509242,0.8752878160657295,0.8858028140553055,1.0120131890294546
Oblong,Female,1.306800473967177,0.8856680072588339,0.8867596753906598,1.001232592938752
Oblong,Female,1.2113553157835408,0.8541677595637311,0.9374442878709018,1.0974943474215235
Oblong,Male,1.3601309782406514,0.8863536353019638,0.8941234455894103,1.0087660387208763
Oblong,Female,1.305622946208385,0.8701501283995972,0.8986316603019665,1.0327317447562219
Oblong,Female,1.254516048883361,0.8720709079317803,0.8987264235046555,1.0305657663045908
Oblong,Female,1.3204321507315904,0.8929674980374918,0.8786873724189729,0.9840082358541573
Oblong,Female,1.2027895594134461,0.9162273515550742,0.8646521188646277,0.9437091322334898
Oblong,Female,1.261100469721939,0.8364094132115308,0.9416541192258114,1.1258291745069873
Oblong,Female,1.2578655590947891,0.8845855804578335,0.8947620898001015,1.011504267723877
Oblong,Female,1.2569872164824991,0.884792784143357,0.8699733237730168,0.9832509253738002
Oblong,Female,1.2066305952312384,0.8663583756163533,0.908465880081354,1.048602871109827
Oblong,Female,1.318816435285811,0.8810888534684423,0.9192430099958099,1.0433034152879952
Oblong,Female,1.2129614292478315,0.884086946151353,0.885425585182724,1.0015141486221444
Oblong,Female,1.2527555942439692,0.8779597821835676,0.8793086764122457,1.0015363963772046
Oblong,Male,1.177660475500712,0.8618791857644991,0.9383413817232422,1.0887156775817948
Oblong,Male,1.2623129160178885,0.8907305035932657,0.8869522545689299,0.9957582579589516
Oblong,Female,1.2734771446504263,0.8928741337860594,0.8870968482244052,0.9935295633023248
Oblong,Female,1.1703664676121701,0.8825844650677922,0.8922835304435563,1.0109893905452088
Oblong,Female,1.3120995363857808,0.8931694009174181,0.8772612027896568,0.9821890471041426
Oblong,Female,1.2894328193946227,0.8707316388171609,0.8869670222197487,1.0186456798843817
Oblong,Female,1.2106016725882969,0.8754019385202569,0.8843190806997295,1.0101863404535587
Oblong,Female,1.2660358740645146,0.8636505461984024,0.8975158878207212,1.0392118568921034
Oblong,Female,1.2656162790127292,0.8487916243733797,0.8928990753310788,1.0519649931633825
Oblong,Female,1.2329762125647432,0.8586900925911791,0.9056024414567198,1.0546324561914744
Oblong,Female,1.2181510280484276,0.8648865109142396,0.879919375536683,1.0173813146959045
Oblong,Female,1.2559704290689422,0.8721907407628461,0.8778194787216747,1.0064535630748677
Oblong,Female,1.3079314679303002,0.8860831418707743,0.879254419326263,0.9922933613993672
Oblong,Female,1.3600012066302083,0.8753385909946615,0.8868827331488628,1.0131882019974505
Oblong,Male,1.2315249621784996,0.8834618364373067,0.8915417224633716,1.0091457103100776
Oblong,Female,1.2937546583455457,0.9092150005159433,0.8627315311042137,0.9488751622164702
Oblong,Female,1.293610922174603,0.9037402480448834,0.8688604068495742,0.9614050151348611
Oblong,Female,1.2297128692058115,0.8607355339377454,0.9091426090864966,1.056239196873046
Oblong,Female,1.2156942230494145,0.8484248225670047,0.8982771542680402,1.0587586906641908
Oblong,Female,1.150615184191065,0.8896134223301937,0.9087651136857516,1.0215281052138279
Oblong,Male,1.2297984260838326,0.8878900203732425,0.8796843366239361,0.9907582205441875
Oblong,Male,1.2568813614973038,0.8704134447864408,0.8980190085518649,1.0317154611188217
Oblong,Female,1.3528493181612873,0.8804519984649439,0.8791257467705534,0.998493669505319
Oblong,Female,1.2113694602256475,0.8685027730681485,0.924843222897635,1.0648707771311463
Oblong,Female,1.268029602290963,0.9132838867698051,0.877238767259865,0.96053240396321
Oblong,Female,1.2670398420156153,0.8880779321422471,0.9050743376932299,1.0191384167265407
Oblong,Female,1.303034485101548,0.8591820857746176,0.9164045510032857,1.0666010921038673
Oblong,Female,1.2707627128879693,0.8901304331387198,0.8725137536299391,0.9802088785497853
Oblong,Female,1.230375675580083,0.8595363361418557,0.898132666182414,1.0449036630770063
Oblong,Male,1.224927724995407,0.8559031379306485,0.892310678980914,1.0425369874659993
Oblong,Female,1.1981082446176867,0.8698511985738364,0.9090380665532946,1.0450500821792357
Oblong,Female,1.220121251466743,0.880461903334865,0.8799647797394569,0.9994353831852063
Oblong,Female,1.281399514993301,0.8479400669996779,0.934806068511029,1.1024435628082947
Oblong,Female,1.2299542868356772,0.8846370160094247,0.9075580781356952,1.0259101323045092
Oblong,Female,1.2357333034632678,0.8975594861327559,0.8592892733786616,0.9573619204683734
Oblong,Female,1.2962354069484379,0.9197656618558876,0.8555446846089269,0.9301768049077014
Oblong,Female,1.2679695216184437,0.8528839165152304,0.9118011782469645,1.06908004781291
Oblong,Male,1.2421085905838802,0.8732282137986452,0.9058024694007655,1.037303255995839
Oblong,Female,1.2075542405120756,0.8865376017210523,0.8735182294867655,0.9853143598094294
Oblong,Female,1.2448670665323776,0.9065464530309897,0.892401490077721,0.9843968691223977
Oblong,Female,1.2741462891921755,0.8687391854888068,0.9199892689910742,1.0589936362470296
Oblong,Female,1.2272399566080192,0.8506060869028607,0.9043142726902905,1.0631410785960709
Oblong,Female,1.2392504146224186,0.9102058676822093,0.861465875131897,0.9464516827666404
Oblong,Female,1.2256945949322966,0.8941285055994284,0.8657095455676268,0.9682160228045192
Oblong,Female,1.19392750793261,0.8946787468825592,0.8850937029737183,0.9892866082465473
Oblong,Female,1.2590453317231793,0.8892800590670554,0.8945981651754856,1.0059802376700198
Oblong,Female,1.2297530356095439,0.89292491397091,0.8938825370616028,1.001072456458219
Oblong,Female,1.2019498826477053,0.8902111007675657,0.8686859883978784,0.9758202157318329
Oblong,Female,1.2318546277092173,0.8900549844445966,0.8824400037983349,0.9914443705396317
Oblong,Female,1.2258342532151607,0.8974884248531998,0.8716345954599027,0.9711931333292395
Oblong,Female,1.215323814353212,0.8815204081479421,0.8898088500890657,1.0094024390865068
Oblong,Female,1.2457170545570893,0.8585152677178499,0.9052052780603276,1.054384601064337
Oblong,Female,1.2150254021186313,0.8421691589152093,0.9099106724551326,1.0804369440780526
Oblong,Female,1.1987651377511517,0.8563744832584446,0.9032275993508561,1.0547110137076232
Oblong,Female,1.2833538434817295,0.8949496700704839,0.9105718849224095,1.0174559702901451
Oblong,Female,1.3337213565552548,0.8945037596329314,0.8942411395025003,0.9997064069014769
Oblong,Female,1.1964992857425332,0.8694883695833093,0.9061697697071294,1.0421873384475506
Oblong,Female,1.2357408650018766,0.8793587543000735,0.8723474764061275,0.9920268288003495
Oblong,Female,1.2357034806878087,0.8629788843967895,0.882382333315385,1.0224842684675397
Oblong,Female,1.2354505345868148,0.8671608066621573,0.88989246949333,1.0262138955733835
Oblong,Female,1.1921541168244256,0.876698505452586,0.8701677082776659,0.9925506920174927
Oblong,Female,1.2051376665891993,0.884525352535903,0.8821013689492403,0.997259565732386
Oblong,Female,1.2627262395304748,0.8679509092865435,0.8989650312247431,1.035732576124257
Oblong,Female,1.2354500939449176,0.8854535022648665,0.8754645406364057,0.988718818545626
Oblong,Female,1.2068262034477129,0.8427837642953439,0.9092913729567895,1.078914202526259
Oblong,Female,1.1846258905229574,0.8966840006350837,0.8931889483589153,0.9961022475323602
Oblong,Female,1.2413183698459325,0.8460877301338094,0.9462444750635925,1.1183763117731813
Oblong,Female,1.1895820872044773,0.8959420659606423,0.8472881947549156,0.9456952931955936
Oblong,Male,1.231463917932284,0.8965688159492686,0.8941079170310958,0.997255203533298
Oblong,Female,1.2338388786009702,0.8711765233180129,0.901586824900458,1.0349071637819427
Oblong,Female,1.2515798208673377,0.8532584249864708,0.9151691648348809,1.0725580176362066
Oblong,Female,1.2092681397930438,0.8890693117142979,0.8854308071458037,0.9959075130357627
Oblong,Female,1.2379477999724084,0.8576859120322197,0.9024548400373067,1.0521973456448765
Oblong,Female,1.2488410731527226,0.8309668857106053,0.9543654402968189,1.1484999663743385
Oblong,Male,1.2089478102429339,0.9034778198012472,0.8990917824093414,0.9951453845398545
Oblong,Female,1.266544214815617,0.90372130176898,0.8689723340464439,0.9615490221880163
Oblong,Female,1.2435320714105067,0.856239815134756,0.9074443469572483,1.0598016244017263
Oblong,Female,1.295409809600189,0.8686625773861878,0.9132451038436717,1.0513231807356467
Oblong,Female,1.2946122650014014,0.8825949666334122,0.866804919039309,0.9821095200051582
Oblong,Female,1.2318566426512214,0.8913604484131104,0.8889160657495758,0.9972576944962206
Oblong,Female,1.264038296926904,0.876745961567132,0.906224202552229,1.0336223287899797
Oblong,Female,1.3100903322233073,0.8897348786730407,0.8929898034286677,1.0036583085969175
Oblong,Female,1.2891877138055825,0.8967543189625676,0.8806548158979973,0.9820469188448455
Oblong,Female,1.2222263676475895,0.859078287899985,0.9070141508325187,1.0557991787334224
Oblong,Female,1.1995313593071846,0.8603846035326964,0.8855000612872693,1.029190966053379
Oblong,Female,1.2941218096262712,0.879755772260111,0.8889318143039965,1.0104302152179256
Oblong,Female,1.2323637647110497,0.9078191558963701,0.8771468771928843,0.9662132281476256
Oblong,Female,1.2728264367485729,0.8571581772764767,0.896412506197353,1.0457958985418567
Oblong,Female,1.2462274166705385,0.8766657146007373,0.8800240697331057,1.0038308275052115
Oblong,Male,1.2273850141777063,0.8512621500722175,0.913525160191852,1.0731419928800456
Oblong,Male,1.2100465577448953,0.8344092389730643,0.9383538723329621,1.1245727258339397
Oblong,Female,1.248697246381609,0.885371759291897,0.8747405457043153,0.9879923732872568
Oblong,Female,1.2844007893782752,0.8748166002671707,0.883401315794507,1.0098131602952143
Oblong,Female,1.2788825652120785,0.8790664315420617,0.8964646024640714,1.019791645201933
Oblong,Female,1.3230381904611936,0.9131966717948085,0.8517865292837049,0.9327525554923374
Oblong,Female,1.234114988634808,0.8947113235756178,0.8843868316321819,0.9884605328317796
Oblong,Female,1.3013922083583538,0.8616325838577775,0.901407664412058,1.0461624610065186
Oblong,Female,1.2149569660277504,0.8851207902379105,0.90112941434179,1.0180863722561262
Oblong,Female,1.236220336839354,0.8797655474316455,0.8839286575579715,1.0047320676951712
Oblong,Female,1.2769110004283426,0.9240404466815667,0.8766892027414204,0.9487563081137897
Oblong,Female,1.3062574300690455,0.8776289416302905,0.8681260061373093,0.9891720349657925
Oblong,Female,1.2523054221054415,0.8925135009240367,0.886367813454702,0.9931141798270031
Oblong,Female,1.3054940262942285,0.8541102334742142,0.894001033137731,1.046704509675824
Oblong,Female,1.2678371297253432,0.9014786610797272,0.8939320444218556,0.9916286241885828
Oblong,Female,1.2417484706128676,0.8740813439850798,0.8785832058298167,1.0051503923241427
Oblong,Female,1.2123368342764909,0.8890839063268599,0.8883906182519478,0.9992202219948213
Oblong,Female,1.2950195036677437,0.892647797695098,0.8909921005746713,0.9981451843328333
Oblong,Female,1.3029165733449763,0.8963662159229829,0.881327167539352,0.9832222052588793
Oblong,Female,1.2486979569864105,0.8493228656930766,0.8904595792606651,1.0484347180904163
Oblong,Female,1.221199344855898,0.9013554089946705,0.873322952116088,0.9688996631086414
Oblong,Female,1.2930709500071698,0.8668561400881305,0.8835609568208971,1.0192705755433287
Oblong,Female,1.3066535984228582,0.8857314582614099,0.8733357447708726,0.9860051109454003
Oblong,Female,1.2376615349539613,0.9124631146563813,0.8615375606086774,0.9441889176343511
Oblong,Female,1.2185508655756254,0.8723983617722196,0.8947597639739927,1.0256321001753688
Oblong,Female,1.219785060115788,0.85694171163028,0.9185904705138039,1.0719404342755599
Oblong,Female,1.2347062262010462,0.8540459138452454,0.8956792441373285,1.0487483513674736
Oblong,Male,1.2608130751779758,0.8739056105244395,0.8850845407173056,1.0127919194684625
Oblong,Female,1.301292271995471,0.8929857909978571,0.8675737797255676,0.9715426476787574
Oblong,Female,1.2351765325826438,0.8879461236960329,0.8839241816486252,0.9954705111717066
Oblong,Female,1.2000888654306503,0.8895920800193536,0.8760306853562564,0.984755490783144
Oblong,Male,1.2822901642717657,0.901556065302974,0.8932798136620926,0.9908200366461956
Oblong,Male,1.2048684022843579,0.8682439572961312,0.906699339516115,1.0442909874544255
Oblong,Female,1.1740169666921687,0.8922640181996258,0.8794243056690841,0.9856099626695145
Oblong,Female,1.2280216842252227,0.8966463430981533,0.8750024867691113,0.9758613231452474
Oblong,Female,1.2651478469338335,0.8803608861027497,0.8876706139899154,1.0083031038776893
Oblong,Female,1.2660584323909752,0.9042861157419094,0.8628559901299326,0.9541847155554456
Oblong,Female,1.2638726202411565,0.8827356379962941,0.8763098794769977,0.992720630908386
Oblong,Male,1.1773234616584403,0.8882520892591325,0.8736869473278769,0.9836024681423446
Oblong,Male,1.2488217957909504,0.8578028421600682,0.9231418683405218,1.0761702141437546
Oblong,Female,1.2775883960124177,0.8620202689541527,0.8950363470700095,1.0383008141512884
Oblong,Male,1.3246315742939447,0.8689122982792644,0.9059510536814368,1.0426265751739519
Oblong,Female,1.224445617383717,0.9095730796754251,0.8919848780568359,0.9806632342011865
Oblong,Female,1.2532082652406293,0.892570840754346,0.875719029108492,0.9811199169002519
Oblong,Female,1.2649854871681552,0.8785401396382471,0.8968759703556903,1.020870794503474
Oblong,Male,1.2841037305381495,0.8499833063938499,0.9566581523928699,1.1255022836290751
Oblong,Male,1.2023663378809424,0.8716238781211875,0.9198928765853792,1.055378242468801
Oblong,Female,1.2452555749481362,0.8612859242656915,0.9049108132915787,1.0506508788740285
Oblong,Female,1.2351617132583996,0.9048216906032169,0.8709714538537926,0.962589052516129
Oblong,Male,1.2598017718318613,0.8641885760494739,0.8840408405982325,1.0229721441580617
Oblong,Female,1.17406479562351,0.8926370879186433,0.8934386823238721,1.0008980070580507
Oblong,Female,1.2371428629176124,0.8670456950316286,0.9099542528876361,1.0494882312453464
Oblong,Female,1.2706207392143083,0.8735675884220386,0.8805193144937905,1.0079578571410932
Oblong,Male,1.2780978339569111,0.8592306279892586,0.9173846610758845,1.0676815178512848
Oblong,Female,1.2294650689002349,0.8612403719202976,0.9092797750782647,1.0557793209935737
Oblong,Female,1.2473453744583085,0.8809489826645144,0.904432350359285,1.0266568985910434
Oblong,Female,1.2277285371797726,0.875697317351014,0.868991298773657,0.992342081625141
Oblong,Female,1.233880488627592,0.8732457612246723,0.8920877352601417,1.0215769430235135
Oblong,Male,1.2426149251320224,0.8481218583146009,0.9027507903179169,1.0644116543722566
Oblong,Female,1.295373980616642,0.8940024699996815,0.8793879620579378,0.9836527208456718
Oblong,Female,1.272602082866151,0.8684548051602731,0.8846466253373578,1.0186444016209877
Oblong,Male,1.2421416832249856,0.8609871290806215,0.8877582029472444,1.0310934658166255
Oblong,Female,1.2086134869641787,0.83491403745206,0.9185402561747188,1.100161471686192
Oblong,Female,1.263686240628008,0.8809656056445624,0.9222512316383366,1.0468640611270712
Oblong,Female,1.2462007778436652,0.8814947005757535,0.8889758912822627,1.0084869378132653
Oblong,Male,1.358695033362379,0.8657611863710337,0.8862733315169306,1.0236926134698605
Oblong,Female,1.2347404111032823,0.8779138703554751,0.8919153859302208,1.0159486209838289
Oblong,Male,1.2369326230275843,0.883722859024576,0.8892939805924478,1.006304150120119
Oblong,Female,1.1732086978665066,0.8777031229875457,0.8877722296279754,1.011472109847526
Oblong,Male,1.192913251146771,0.8727516415155901,0.9017918101793053,1.0332742641575385
Oblong,Female,1.2801820474909786,0.9116300185579872,0.8758691457715878,0.9607726028559636
Oblong,Female,1.2444509814033284,0.890915199439404,0.8714752032156351,0.9781797456862322
Oblong,Female,1.2809151510671974,0.9041964753515644,0.8712193283826521,0.9635287817771129
Oblong,Female,1.2078396306235586,0.8566601748442334,0.9095574624810303,1.061748274508518
Oblong,Female,1.2084848330319466,0.9073685645256544,0.8819260900291424,0.9719601543504953
Oblong,Female,1.266642172832358,0.8460968641222578,0.913801412369808,1.0800198548398912
Oblong,Female,1.2179421922544793,0.8417103753687993,0.9067947270413858,1.0773239270622859
Oblong,Female,1.2001905952169225,0.8715660868983836,0.9061990186382325,1.0397364379597376
Oblong,Female,1.2737277316268496,0.9005351608994143,0.8948059311215818,0.9936379721452403
Oblong,Female,1.1959450083508603,0.89641303939181,0.8890846095193389,0.9918247174567615
Oblong,Female,1.2179421922544793,0.8417103753687993,0.9067947270413858,1.0773239270622859
Oblong,Male,1.2334170680395402,0.908156614301885,0.8780181019228189,0.9668135298422794
Oblong,Female,1.3324581444220547,0.8839566344694153,0.9033805009164234,1.0219737775469802
Oblong,Female,1.2542389693932596,0.8909800775544494,0.8925388163415953,1.0017494653656278
Oblong,Female,1.2504843370249712,0.8907257753542225,0.887370204508428,0.9962327677736056
Oblong,Female,1.2849316871265637,0.8924604406072818,0.8752807871193226,0.9807502352975228
Oblong,Female,1.3421090582319801,0.8751169644922566,0.8874040069731499,1.0140404574239084
Oblong,Female,1.3206623502947914,0.8639500242955874,0.8708297239974572,1.007963075997919
Oblong,Female,1.2758314282656331,0.9075726839009047,0.8850334135087384,0.9751653274806722
Oblong,Female,1.3230057986571486,0.8929307633877717,0.868585999718844,0.9727361127344702
Oblong,Female,1.2262022159858461,0.8715575973126752,0.8742518745716706,1.0030913358650109
Oblong,Female,1.2435970662874416,0.8684291060293614,0.8792101919201568,1.012414468626102
Oblong,Female,1.2757659889840989,0.8929835256987066,0.871386796112414,0.9758150862084556
Oblong,Female,1.1916160367640611,0.8516321173019009,0.9113678428361464,1.070142640608127
Oblong,Female,1.2648026264753702,0.8964292827420539,0.8751649065570514,0.9762788023613445
Oblong,Female,1.3138511669334054,0.8964335131226917,0.8767494125235173,0.9780417618138735
Oblong,Female,1.2288097081860638,0.8615380822764424,0.9211770578627188,1.069223841421719
Oblong,Female,1.2789570354627269,0.8910775346540396,0.9160036566550143,1.0279730113616345
Oblong,Female,1.1957080478728106,0.8597152861323386,0.8903095277590514,1.0355864809201534
Oblong,Female,1.1933017241276263,0.8645144225284187,0.9010531360574224,1.0422650132569682
Oblong,Female,1.276002557132718,0.8651116391354974,0.8787434006419266,1.0157572281885507
Oblong,Female,1.2970829484578197,0.8884448939955792,0.885227773343959,0.9963789305635468
Oblong,Female,1.263854076609287,0.8731654545454346,0.8917349358596558,1.021266852940132
Oblong,Female,1.2440992159779332,0.9132099659934979,0.8738351433074878,0.9568830563043915
Oblong,Male,1.2172678791546812,0.9064915975979682,0.8890411979949434,0.9807495186394832
Oblong,Female,1.2013928529084423,0.9060047543840709,0.8674583222538844,0.9574544924365308
Oblong,Female,1.2275110675467233,0.8963945509543212,0.8582558825930217,0.9574532572507315
Oblong,Female,1.2289816986363078,0.893093856239212,0.8875217485194592,0.9937608934594884
Oblong,Female,1.3051502261439654,0.8638674117749326,0.8876276816809039,1.0275045331981587
Oblong,Female,1.270106871788757,0.870159818341153,0.9021461951395893,1.0367591977062491
Oblong,Female,1.2341586476901152,0.8761793860243186,0.8883927135898738,1.0139393002852686
Oblong,Female,1.2160536425132906,0.8623721372196045,0.9050809544981203,1.049524811198347
Oblong,Female,1.2562404983293889,0.8894983869338474,0.8671812096892709,0.9749103791840421
Oblong,Female,1.2399791124638542,0.8779338093964588,0.8857531309023882,1.0089065045932162
Oblong,Male,1.2409392381379414,0.9037602044493253,0.888904622438992,0.9835624738318889
Oblong,Female,1.2520639499645076,0.8753676288769053,0.8848071872138916,1.0107835359974382
Oblong,Female,1.217883665074007,0.8926716369632224,0.871509963235584,0.97629400011002
Oblong,Female,1.2513195317628492,0.9034489421704777,0.8864314165824713,0.9811638214472609
Oblong,Female,1.2563731970725613,0.8620979047174464,0.8940905839943979,1.0371102621893475
Oblong,Female,1.2528224262716783,0.8866163936263594,0.8656955557420329,0.9764037321724247
Oblong,Female,1.2805432014995348,0.9184865481156863,0.8543022346354722,0.9301194844803216
Oblong,Female,1.2520260966485028,0.9056969599417615,0.870677093425508,0.9613337925761556
Oblong,Female,1.2242847670537382,0.8473348217528124,0.8994650215952379,1.0615225510673432
Oblong,Female,1.284206121536319,0.909432015190599,0.8627859026453576,0.9487085216199858
Oblong,Female,1.225391280613695,0.8984217321644534,0.8734964716636778,0.9722566144512931
Oblong,Female,1.2352793295626958,0.8927138574490155,0.8856114831035503,0.9920440639671925
Oblong,Male,1.2825780178990076,0.8850676090873454,0.8746264289005319,0.9882029575146467
Oblong,Male,1.2769510520584184,0.8582093940123695,0.8947901171857794,1.042624473034937
Oblong,Female,1.1751495419508713,0.8917941368293657,0.8555054053595258,0.9593081744192008
Oblong,Female,1.1864635738322742,0.8950543547804193,0.8663747675326888,0.9679577144175046
Oblong,Female,1.1964647194975533,0.8811710376371892,0.8864547677137826,1.0059962593536456
Oblong,Female,1.2520169057202184,0.9016494512236422,0.8962041134892688,0.9939606931197225
Oblong,Female,1.1970881714195163,0.8860354409353008,0.8809081973492299,0.9942132748316944
Oblong,Female,1.2183924309406977,0.8960452929110464,0.8848845649894946,0.9875444600737837
Oblong,Female,1.2467827759173717,0.8791777154392887,0.9024410108024251,1.0264602877832414
Oblong,Female,1.2628755185839575,0.9157378455870745,0.8700753160829772,0.9501358060888886
Oblong,Female,1.267646641624261,0.8780274853535681,0.881934083380366,1.0044492889937549
Oblong,Female,1.2191847533261815,0.8608233272017672,0.9197768303937887,1.0684850204787764
Oblong,Female,1.2810685383479425,0.9030730888035127,0.8891878526089478,0.9846244602272874
Oblong,Female,1.2816537911536348,0.8880479292660759,0.8879997400247267,0.999945735765198
Oblong,Female,1.2312959055751274,0.8574836040910726,0.892730418140577,1.0411049422768448
Oblong,Female,1.233118539664151,0.899072634866339,0.8883025769947231,0.9880209257250755
Oblong,Male,1.260679611957497,0.8664862283463954,0.9020838555962332,1.0410827386348336
Oblong,Male,1.2511692384829616,0.8759800272520231,0.8992392860534851,1.0265522706886674
Oblong,Female,1.2387640487959701,0.8521142185536194,0.9278395592649832,1.0888675943465655
Oblong,Female,1.2896863442744155,0.8945058845229752,0.8734235825396738,0.9764313434399101
Oblong,Female,1.2219507456092094,0.8762484520803353,0.8973952061537346,1.0241332855118819
Oblong,Female,1.2161345597739457,0.8940093874876861,0.8674591046201806,0.9703020088613206
Oblong,Female,1.2330387963868947,0.8746322869080629,0.8868644152497414,1.0139854525436292
Oblong,Female,1.1842781166555538,0.8508096917379434,0.9332673321318131,1.0969166679630011
Oblong,Female,1.2384061487691729,0.8745073260263226,0.8862650423049939,1.0134449602979283
Oblong,Female,1.2177066161681038,0.8510901352309966,0.9200874208784409,1.0810693048729996
Oblong,Female,1.3556454933989524,0.8841231489415599,0.8891454917960881,1.0056805919633944
Oblong,Female,1.234685548681894,0.8705766505773699,0.893542802730348,1.0263803906729487
Oblong,Female,1.3282953383985383,0.8748485555318981,0.899962004655483,1.0287060531388958
Oblong,Female,1.2075728950915214,0.8956141460261929,0.8719909517221087,0.9736234689805878
Oblong,Female,1.3190817879252466,0.881746067959887,0.8885138283832698,1.0076754075456684
Oblong,Female,1.2316248696392824,0.9065441620703867,0.8557613819955139,0.9439820119089467
Oblong,Female,1.2160815065872217,0.8776646229900628,0.8908384637025292,1.0150101079243519
Oblong,Female,1.2108388828575665,0.8871395940644298,0.8916170290580228,1.0050470467371202
Oblong,Female,1.3297904510336778,0.9340134795714927,0.8483745822236898,0.9083108550134711
Oblong,Female,1.2196515617116268,0.8645029989613648,0.8917302474830391,1.031494683713516
Oblong,Female,1.2101605498707426,0.8685067417808806,0.8912016796438342,1.0261309864059518
Oblong,Female,1.3214244968968012,0.8775590362015515,0.9008731584148068,1.0265670128749043
Oblong,Male,1.2719560707405466,0.9285261295135405,0.8732515402877592,0.94047061523757
Oblong,Female,1.2587959267803055,0.913764566667073,0.8687876607081454,0.950778452569047
Oblong,Female,1.2529030255157896,0.8664831848119119,0.9073043848156334,1.0471113585575034
Oblong,Female,1.2319359796010165,0.8703060320324397,0.8829548691036625,1.014533780768684
Oblong,Female,1.1993675075944157,0.8963024094701895,0.8691649672000148,0.9697228948807404
Oblong,Female,1.32266120839886,0.8790630440413341,0.8943718039073166,1.0174148600259696
Oblong,Male,1.26395231017657,0.8946329940404548,0.8845152706413208,0.9886906435750386
Oblong,Female,1.2927526556780453,0.8923483265794466,0.8831458771511493,0.9896873797437686
Oblong,Male,1.2154502048688312,0.87304162659777,0.8876698890123077,1.0167555153945453
Oblong,Female,1.2413224455421854,0.8835919791583801,0.8862558407134715,1.0030148095703955
Oblong,Female,1.2342129834239102,0.8570112820651566,0.8986978137960516,1.0486417537356592
Oblong,Female,1.2975549780925781,0.8738616853718706,0.8877107205226916,1.0158480860102335
Oblong,Female,1.227144318914907,0.8925432566710817,0.9046037598051377,1.0135125138685581
Oblong,Female,1.310121827895826,0.8860462088688935,0.878839404105921,0.9918663330525701
Oblong,Female,1.2655652046573536,0.860729833992634,0.8914214654188799,1.035657682833971
Oblong,Male,1.2387617395851966,0.8752791495053446,0.9007596710999469,1.0291113087853199
Oblong,Female,1.2822972026472863,0.8756801785444239,0.9157861198736609,1.0457997592179167
Oblong,Female,1.2196576774240468,0.8861903199250968,0.8817974506552505,0.9950429730825568
Oblong,Female,1.3061301187112078,0.8959236289240169,0.8694417550116401,0.9704418177426788
Oblong,Female,1.2834483161649446,0.8844489140698779,0.88695740115645,1.0028362147848982
Oblong,Female,1.2973264589852387,0.9115559378775681,0.868433244644717,0.9526933110289905
Oblong,Female,1.3038973896770611,0.877068685894,0.9085248890701073,1.0358651536442027
Oblong,Female,1.238304588489587,0.8982833864301094,0.8768103196363355,0.976095442576189
Oblong,Female,1.2009597804238192,0.8859581711364879,0.8806007740186312,0.9939529909058976
Oblong,Female,1.200866883465227,0.8556988713225422,0.9099395037061524,1.0633875235803194
Oblong,Female,1.2397396194278025,0.8822410332890743,0.8926028742162995,1.011744909311909
Oblong,Female,1.2924098953156575,0.9162610715217947,0.8521143757548983,0.9299908096495284
Oblong,Female,1.228601048749737,0.9098210385898392,0.8830204002309934,0.9705429560077166
Oblong,Female,1.1923496784291376,0.8997316277825618,0.8616680763551029,0.9576945499612272
Oblong,Female,1.2334409426305641,0.887244919697053,0.8838754407446593,0.9962023124871268
Oblong,Female,1.248411220186974,0.8899731308584058,0.87434650298553,0.9824414610609609
Oblong,Female,1.2181195258171265,0.8757470629154035,0.8973215999658127,1.0246355802537168
Oblong,Female,1.3139346615145464,0.8947517991237918,0.886544213003138,0.9908269688547247
Oblong,Male,1.3071979510301754,0.9159252776142696,0.8778277536976097,0.9584054236215718
Oblong,Female,1.2373007288547593,0.9000815855168035,0.8791078643116729,0.9766979776693375
Oblong,Female,1.2700759001601014,0.8610806428995639,0.8810173533127279,1.0231531280810473
Oblong,Male,1.2116804106310972,0.872948699118287,0.9354141999195522,1.0715568977470933
Oblong,Female,1.3124832881584547,0.890228641357826,0.9166823717250322,1.0297156585827856
Oblong,Female,1.2443677526208865,0.9071917256896417,0.8750269734556528,0.964544702819531
Oblong,Female,1.3014784383660674,0.9206848535010619,0.8480124286431175,0.9210669920531493
Oblong,Female,1.297850835549786,0.8997586646862631,0.8881610720517898,0.9871103295920832
Oblong,Female,1.2857877762899506,0.83679835832994,0.9208590269725546,1.1004551070228923
Oblong,Female,1.2477378786762272,0.874290918708229,0.8686958837643175,0.9936004883223788
Oblong,Female,1.314674234430634,0.8843066788860241,0.9089111556684243,1.0278234659647656
Oblong,Female,1.27000707422851,0.9024218448294365,0.8699390787315132,0.9640048982811771
Oblong,Female,1.276077143964396,0.8514828537180177,0.9091965630034536,1.0677802365995133
Oblong,Female,1.2762748713404182,0.8841668911665063,0.8994121544832259,1.017242517752057
Oblong,Female,1.3254611372504552,0.8523040263150099,0.889891921265305,1.0441015104818978
Oblong,Male,1.1796282168766294,0.8991641319580538,0.8738863969526766,0.9718875185219727
Oblong,Female,1.2712087746315606,0.8709202140386301,0.9070020423121596,1.041429545085664
Oblong,Female,1.259920648028095,0.8387821360019417,0.9266813510700463,1.104793856825655
Oblong,Male,1.252516562210531,0.8588798330463872,0.9313445653482355,1.0843712117966735
Oblong,Female,1.2251125693221439,0.8808788843515896,0.8969271771368292,1.018218500943013
Oblong,Male,1.2930958421677428,0.8577730551812315,0.9090448608475811,1.059773159528212
Oblong,Female,1.2722096482909127,0.8583213924817831,0.9289130909929205,1.082243899697089
Oblong,Female,1.26691167031501,0.8704895565709074,0.8901997933607708,1.0226427033398393
Oblong,Female,1.2617914164462891,0.8763659661791388,0.9217207424085917,1.0517532377794119
Oblong,Female,1.2164181847748978,0.8740259743392749,0.9004949223633886,1.030283937550166
Oblong,Female,1.2687499634932902,0.8829703352547464,0.8761632368877209,0.9922906828290425
Oblong,Female,1.28521080410419,0.8478249027618001,0.890916530196154,1.0508260930930224
Oblong,Female,1.2564569799232788,0.8919298311104474,0.8840163295471668,0.9911276635366838
Oblong,Female,1.1987182468698552,0.8865235179530923,0.8669377746203583,0.9779072490056939
Oblong,Female,1.2107630814849115,0.8863946820799399,0.8812171466580847,0.9941588825762063
Oblong,Female,1.2151737456828071,0.8860023766062415,0.8869208238976934,1.0010366194444873
Oblong,Female,1.277529578854281,0.8916147909996821,0.8705477894356574,0.9763720815573234
Oblong,Female,1.2526494577581273,0.8761548198116249,0.8852219298441288,1.010348753242553
Oblong,Male,1.2256638035121683,0.8537268763908245,0.9438914258054563,1.105612874454424
Oblong,Male,1.230342689830562,0.8655513250191333,0.9093614625620376,1.0506152971829092
Oblong,Female,1.1452692180499273,0.8630498997303904,0.9311078833580764,1.0788575303107582
Oblong,Female,1.23077065530928,0.8824458960645666,0.8905165557657997,1.0091457841633416
Oblong,Female,1.2464777103485667,0.8830320723389716,0.9075278360020107,1.027740514110835
Oblong,Female,1.2247149502470036,0.8780288205414993,0.9202640881474903,1.0481023704665453
Oblong,Female,1.238640423950551,0.8671215807052554,0.8960140389848267,1.0333199621857783
Oblong,Female,1.2866834237970974,0.8824152882682197,0.8947114385995019,1.01393465241906
Oblong,Female,1.2782694026078798,0.8972072650709088,0.8738638506164668,0.9739821383940789
Oblong,Female,1.2398678975064858,0.8661792573368484,0.9025511052108511,1.0419911323965796
Oblong,Female,1.243978385622643,0.880555269119196,0.8846641907380348,1.0046662847443397
Oblong,Female,1.2226188416259658,0.8707391921187112,0.9169084398102376,1.05302304996653
Oblong,Female,1.273890506978639,0.9231246337459588,0.8745714333851038,0.9474034181453589
Oblong,Female,1.216226628806497,0.8913066654194478,0.8853137810545264,0.9932762935615418
Oblong,Female,1.3120204171070546,0.875888766258511,0.8890570464955002,1.0150341924046355
Oblong,Female,1.232304516018148,0.8764521681032524,0.8713853367287762,0.9942189299554801
Oblong,Female,1.1760415233027965,0.9012024117844579,0.8731215908891649,0.9688407171040626
Oblong,Female,1.3280575709124642,0.8703549929304575,0.9007434459480087,1.0349150096964852
Oblong,Male,1.3061725093422878,0.883690991844489,0.8839685751840792,1.0003141181048036
Oblong,Female,1.2863660868575777,0.8664169855310753,0.890242033526405,1.0274983620972367
Oblong,Female,1.3054755320423463,0.8783745735804536,0.8893688722638402,1.0125166404106751
Oblong,Female,1.215653514847645,0.8674867385769695,0.8957534941725076,1.03258465442585
Oblong,Female,1.2438276259608654,0.8735838217725309,0.8926894114877512,1.0218703566149547
Oblong,Male,1.2137103177001183,0.8809128753481015,0.8786079101850621,0.9973834357204411
Oblong,Female,1.2112590749342216,0.8779359541445135,0.9007471030551878,1.0259827027279025
Oblong,Female,1.2202791270035773,0.8600143865252992,0.9215322293569482,1.071531178775042
Oblong,Male,1.3232884226495794,0.9176699899837194,0.8814650403239006,0.9605468740887331
Oblong,Female,1.2485511303947443,0.8727321713546797,0.9082862044449834,1.040738767582173
Oblong,Female,1.199467218621703,0.891228606492905,0.8686022665275552,0.9746121928756447
Oblong,Male,1.266255458471068,0.8698991265481659,0.8962799583820265,1.0303263114408932
Oblong,Female,1.21192305633695,0.880792585871719,0.8910452922709273,1.011640318689855
Oblong,Male,1.3320345448820516,0.8512449688954394,0.891371918196071,1.047139132408265
Oblong,Female,1.1739124941393195,0.8574533603581891,0.9067503828587272,1.057492366092011
Oblong,Female,1.217888057573059,0.8862019761631273,0.8769269163418689,0.9895339210803665
Oblong,Female,1.26250677222485,0.9148374102408048,0.8687908874238258,0.9496669874870349
Oblong,Female,1.301173350188432,0.8660101797998065,0.8869749395085248,1.024208444886369
Oblong,Female,1.2129534376961655,0.9052493058015358,0.8858015974739917,0.9785167376512655
Oblong,Female,1.3035356794810287,0.8740290842914145,0.8981770260022165,1.0276283045321988
Oblong,Female,1.172774975694367,0.8564806940746013,0.9161644887136461,1.0696849269948008
Oblong,Female,1.2440827998908452,0.8659031578475536,0.8857295743410667,1.0228968058538985
Oblong,Female,1.295289918554472,0.8996316332828685,0.8841081361416845,0.9827446072738274
Oblong,Female,1.2152404130891767,0.910244379098458,0.8580898140331622,0.9427026782445482
Oblong,Female,1.2331360433537704,0.8990850158637639,0.8697727796160621,0.9673977035202382
Oblong,Female,1.221964711990251,0.9069724487274718,0.8554400543292482,0.9431819627260716
Oblong,Female,1.2632190109821726,0.9051114429642418,0.872500259350793,0.9639699797555901
Oblong,Female,1.2503215653861008,0.8948643185570178,0.8902120327650257,0.9948011271703245
Oblong,Female,1.2698152381765502,0.8709136533358589,0.889645994966563,1.0215088390897924
Oblong,Female,1.2428618036215824,0.8786948639799145,0.8959039386478859,1.0195848130829235
Oblong,Female,1.186809768912292,0.8837648728549524,0.8935210592697798,1.0110393462271368
Oblong,Female,1.200646850791425,0.8805417456593003,0.9072502909641855,1.030331946709565
Oblong,Female,1.2327255760536338,0.8756227485729172,0.886679661076076,1.0126274842918133
Oblong,Female,1.3505838985856462,0.8881411325448705,0.894689257604953,1.0073728429189173
Oblong,Female,1.26474892520143,0.8750313891970183,0.8911685089541218,1.018441761011467
Oblong,Female,1.3022109632486691,0.8816261003281555,0.8933932986200617,1.013347152820823
Oblong,Female,1.2995988745724811,0.8615631647024715,0.8774182909566175,1.018402743877312
Oblong,Female,1.2914907094676586,0.8721305872291409,0.8731027831103667,1.001114736595026
Oblong,Female,1.1623305909445358,0.8640040013887098,0.8869500696017281,1.0265578263250368
Oblong,Female,1.2249905940778554,0.8509084582966926,0.906827170825573,1.0657164845215146
Oblong,Female,1.2895273113300514,0.8938012845405109,0.8668675034144762,0.9698660299645004
Oblong,Female,1.2059600535777713,0.8700276297150416,0.9139879095227865,1.0505274525846302
Oblong,Female,1.259647290395132,0.88146732275514,0.8929697169900045,1.0130491442370346
Oblong,Female,1.284256047101269,0.9118477198119217,0.8576402496010608,0.9405520581637887
Oblong,Male,1.2439944610073936,0.8567488485753558,0.9109872971552022,1.0633072908939847
Oblong,Female,1.263244203844899,0.8432303482244072,0.9010816205008798,1.0686067246017534
Oblong,Female,1.3249423432502823,0.8821793519837942,0.879267656384303,0.9966994289846578
Oblong,Female,1.2600415775010758,0.8512647172259793,0.9145346866873221,1.0743246703182072
Oblong,Female,1.2835004209134768,0.9034600572355457,0.8548148925385822,0.9461568175511705
Oblong,Female,1.2140810127393478,0.8796465770301959,0.8604766151059113,0.978207199999567
Oblong,Female,1.3124888968549748,0.8994577340574096,0.8667569679628521,0.9636439102624134
Oblong,Female,1.2355866391221808,0.8801317379071546,0.8877671363412726,1.0086752904199023
Oblong,Female,1.2583513980282994,0.8736805366883825,0.892643544357868,1.0217047386008657
Oblong,Female,1.2145286445562598,0.8978021149259177,0.8906324517914946,0.9920142055635338
Oblong,Female,1.2657560840976156,0.8769360355269423,0.8924860447900264,1.0177322046684285
Oblong,Male,1.2787129272429612,0.883638669056346,0.8629271428249597,0.976561091137507
Oblong,Male,1.3281751094954521,0.8872079900413824,0.881348649363755,0.9933957530326637
Oblong,Male,1.2849234593100414,0.8875556129362028,0.8753182417788716,0.9862122767531742
Oblong,Female,1.2949047762269763,0.8837848500316838,0.8779932845095159,0.9934468603733585
Oblong,Female,1.3217958270132153,0.8992933772926252,0.868715090704069,0.9659974293587997
Oblong,Female,1.2569963773677972,0.8868071802511026,0.8804998074759434,0.9928875488205077
Oblong,Male,1.242141568016907,0.8823114964419491,0.8939060927466288,1.0131411597280968
Oblong,Female,1.2359269878791652,0.8523184232557026,0.9004030405445209,1.0564162594364015
Oblong,Female,1.2061941976548376,0.8742350404288957,0.9146879256273853,1.046272321890282
Oblong,Female,1.2494685288505627,0.9056688483003655,0.8783973563190819,0.9698880092514356
Oblong,Female,1.2565544349522904,0.920220795568417,0.8542780633463822,0.928340315129151
Oblong,Female,1.1816069393245645,0.8600861402601216,0.8777294420960832,1.0205134125642643
Oblong,Female,1.2363982917411656,0.8946281982454886,0.9087641031304956,1.015800871147064
Oblong,Female,1.2111071462312075,0.8959324215980491,0.852786032413801,0.9518419155908109
Oblong,Male,1.2408141404826456,0.8605346533138138,0.9387264134554322,1.0908641619956982
Oblong,Female,1.314665178808027,0.8945665453547526,0.9109730593531322,1.0183401828333223
Oblong,Female,1.2533581295048437,0.8979942178538279,0.8604280443845447,0.9581665753271051
Oblong,Female,1.2563217987075945,0.9057179015180451,0.8773617272617275,0.9686920461561036
Oblong,Female,1.2729342772221166,0.8653295580843424,0.8763919722130071,1.012784047447951
Oblong,Female,1.2559364535005768,0.8772274637763442,0.9055455350322081,1.0322813322943156
Oblong,Female,1.269429744259585,0.8858062536295851,0.8609489642248354,0.9719382322004422
Oblong,Female,1.190157905854862,0.8767862409676046,0.9010024144673968,1.0276192444273164
Oblong,Male,1.2337247256388044,0.8747668192039258,0.9159900148683469,1.0471247820098342
Oblong,Female,1.2321901502421042,0.8984438470647644,0.8907336817443431,0.9914183113996377
Oblong,Female,1.2401841816378207,0.8497657016170577,0.9161039095627787,1.0780664691684814
Oblong,Female,1.2454991705141298,0.8435932136572157,0.9416835199206576,1.116276784444712
Oblong,Female,1.2117054627810164,0.8848957238031498,0.8921112800135916,1.0081541316296911
Oblong,Female,1.1903235954737026,0.8529238058746615,0.8990267328684031,1.0540528083237912
Oblong,Female,1.2478536228117412,0.9078432771313093,0.8705058503507794,0.9588723872048573
Oblong,Female,1.2549103412529663,0.8807889907958858,0.9088582345706794,1.0318682954352438
Oblong,Female,1.2328224518255821,0.8507944708938988,0.9384017764300674,1.1029711740417434
Oblong,Female,1.249137030451368,0.8882399697258395,0.9005275053410204,1.0138335765491093
Oblong,Female,1.2401092348537688,0.89250531356603,0.8788021068504391,0.984646358394395
Oblong,Female,1.3114246699395586,0.8959248954988218,0.8757173080315573,0.9774449983823549
Oblong,Female,1.2674230709301815,0.9088206781596045,0.8665677564776859,0.95350796620574
Oblong,Female,1.2214451564376883,0.892299834469743,0.8756888585438337,0.9813840871821068
Oblong,Female,1.2564776267312698,0.9023647605753171,0.8818211604993654,0.9772335966856088
Oblong,Female,1.2026513632371207,0.8872561428183438,0.8634057815071734,0.9731189673870159
Oblong,Female,1.3129456570639495,0.8679973238037887,0.8967236164160027,1.033094909194337
Oblong,Female,1.2560686579793028,0.9143030191972314,0.874179995922939,0.9561162738918647
Oblong,Female,1.2405122170065201,0.8899696557218165,0.9199591940312315,1.0336972593577831
Oblong,Female,1.2463021765111144,0.8799434166306702,0.8924807472145553,1.0142478827012433
Oblong,Female,1.276753188849851,0.9274679023873733,0.8742814311767703,0.9426541111841208
Oblong,Male,1.225393263660558,0.8811513065741293,0.8940988223289559,1.0146938620623123
Oblong,Male,1.265059634643912,0.8646722207912129,0.9197846526234352,1.063737946596448
Oblong,Male,1.2804681554695256,0.8670515995074717,0.9030130232095017,1.0414755289332929
Oblong,Female,1.3303470873636436,0.8963516818963693,0.8686512781507464,0.9690965005085744
Oblong,Female,1.25854015474422,0.8989589497533113,0.8659875115278721,0.963322643114586
Oblong,Male,1.1478545191772387,0.8205705700514222,0.9619341641237782,1.172274755190766
Oblong,Female,1.3240378221079805,0.8928699601757439,0.897787287190699,1.0055073271968822
Oblong,Female,1.2150584159505435,0.8640005071689388,0.9330143362203379,1.079877070069711
Oblong,Female,1.2067157109249456,0.8588960574881329,0.9297049301298137,1.0824417250776113
Oblong,Female,1.2458935385265,0.9049369590538356,0.8694317723766072,0.9607650164776659
Oblong,Female,1.2836122605064266,0.8862348136777572,0.8713890272751762,0.9832484730079909
Oblong,Female,1.2910404610592676,0.8468390127885065,0.9318801971139479,1.1004219019686095
Oblong,Female,1.2574947648995356,0.88018246630171,0.8849639466587992,1.0054323740135152
Oblong,Female,1.2185660451502918,0.8499038900374121,0.9264485635854697,1.0900627405584509
Oblong,Female,1.2915229324764947,0.8911095151644429,0.8911020548405584,0.9999916280504724
Oblong,Female,1.2970727000378142,0.9091743339771261,0.8769465455074268,0.9645526855903193
Oblong,Female,1.1804112834076892,0.8611602875254762,0.9389059915595671,1.0902801779881088
Oblong,Female,1.2768995774045706,0.8680918898359465,0.9109457615183237,1.0493655938779427
Oblong,Female,1.227926437227541,0.8560269892680227,0.9022629486042999,1.0540122682064184
Oblong,Female,1.2250604432077623,0.8967445043931013,0.8850317662573854,0.9869386005954475
Oblong,Male,1.2476813709445573,0.8547633445838089,0.897532585339738,1.0500363533683745
Oblong,Female,1.2765070185250735,0.884315815067717,0.8871604446930014,1.003216757607198
Oblong,Female,1.2339230369478835,0.8849984768730713,0.8904452494253277,1.006154555849069
Oblong,Female,1.243637122956482,0.8851334259146448,0.8770146841065136,0.9908276632986244
Oblong,Female,1.322252250566518,0.9171147664158699,0.8855725564993818,0.9656071289313588
Oblong,Female,1.268892782124418,0.9064873996496426,0.8895316860346889,0.9812951469358459
Oblong,Female,1.212238934078004,0.8828314860384596,0.8923400177349556,1.0107704945358982
Oblong,Female,1.311315858579827,0.8946695518574168,0.890179263755942,0.9949810652523576
Oblong,Female,1.2612196380255232,0.8554723630126788,0.9279835375175634,1.084761562897865
Oblong,Female,1.1805088810698594,0.8592517842752204,0.9072000094709182,1.0558022992482257
Oblong,Female,1.2871967424345754,0.8937577213461727,0.8765341974985341,0.9807290908528358
Oblong,Female,1.231309127213921,0.9215360025224488,0.8513653666086892,0.9238546994130593
Oblong,Female,1.2460231853418313,0.9005409399177198,0.8796719825941012,0.97682619812318
Oblong,Female,1.312349761925691,0.9252869269253652,0.8494987765545796,0.9180922715263882
Oblong,Female,1.2040721544326736,0.9000127741562529,0.8974703299383117,0.9971751020752736
Oblong,Female,1.1951591647641748,0.8600334391234925,0.9056118467702788,1.052996087795421
Oblong,Male,1.2382381101611208,0.8658648791774067,0.9174867718233938,1.059618878057543
Oblong,Female,1.2491889516517056,0.9000638502727799,0.8736281351529107,0.9706290669135779
Oblong,Female,1.257050055952684,0.8997723648312922,0.8945493283073526,0.9941951578776049
Oblong,Female,1.2004890167360565,0.8714949086188061,0.9192861901507868,1.0548382796724802
Oblong,Female,1.2555675029398081,0.8740054834624807,0.8748418567754381,1.0009569428668157
Oblong,Female,1.2842407032570802,0.8508436798612984,0.900690574588428,1.058585255913584
Oblong,Male,1.2663194547308771,0.879111748910825,0.8748205945647909,0.9951187612367249
Oblong,Female,1.2222405307894801,0.8554818965421056,0.9130511559219194,1.0672945384496284
Oblong,Female,1.2351753219550414,0.8787781741452074,0.9002260321939829,1.0244064528225658
Oblong,Female,1.2290390297818838,0.9224909455253869,0.8733367247388999,0.9467157688377178
Oblong,Female,1.2966126934706557,0.8894794089953024,0.8780036753057727,0.9870983706047878
Oblong,Female,1.30704553505217,0.893464672076373,0.8754139491277041,0.9797969371226286
Oblong,Female,1.3056556486639934,0.9066845820405506,0.8642841099479743,0.9532356974713838
Oblong,Female,1.200091284534182,0.8559938549519699,0.8866475266856769,1.0358106212519798
Oblong,Female,1.2947576008602955,0.878017592838153,0.8989927861214532,1.0238892631017777
Oblong,Female,1.2492241579597256,0.8626681409101387,0.9169765001569686,1.0629539410016153
Oblong,Female,1.263675315218493,0.8946662314588537,0.8777507647699313,0.9810929863069271
Oblong,Female,1.2947155161846788,0.8790766015566063,0.889640373628924,1.0120168959719917
Oblong,Female,1.271229479584568,0.8963658717433126,0.8617455057290968,0.9613769699342928
Oblong,Female,1.2689270159194799,0.9045207770951794,0.8723423111684647,0.964424846016192
Oblong,Female,1.2071031630526445,0.876365388701949,0.9079597145358831,1.0360515445283967
Oblong,Male,1.2943574742904822,0.8806437859196905,0.8900712224328996,1.0107051644080627
Oblong,Female,1.1994008465793744,0.9043642107252429,0.8790042719191118,0.9719582680236826
Oblong,Female,1.22400280056434,0.8778461841047058,0.8988204563714626,1.023892878554969
Oblong,Female,1.27239897123643,0.8835596631872175,0.8908719633029054,1.0082759551169536
Oblong,Female,1.219176087504699,0.8906313450785209,0.8842207338135345,0.9928021719644043
Oblong,Male,1.2534722201898068,0.84878540327161,0.9199645606608158,1.0838600158707354
Oblong,Female,1.1942831673503695,0.896266376116863,0.8789604909687313,0.9806911364642389
Oblong,Female,1.2440464357736092,0.896452706616275,0.8783225111304779,0.9797756252482847
Oblong,Male,1.3283827464399176,0.8530703353116837,0.9175636201154923,1.0756013685322263
Oblong,Female,1.24983667534777,0.8869766748597643,0.8652565351224376,0.9755121635630827
Oblong,Female,1.2670174245817927,0.870030309439177,0.8861193263969003,1.0184924786908796
Oblong,Female,1.2818587887241195,0.8695854927488118,0.8879042760419709,1.021066109595794
Oblong,Female,1.2507826722479987,0.8938363104209502,0.8995718646880811,1.006416783699948
Oblong,Female,1.208226080182597,0.8862950532900751,0.8717714552409143,0.9836131342545049
Oblong,Female,1.1906503986473322,0.873896347854696,0.8971107604344082,1.0265642631837293
Oblong,Female,1.2786596997861797,0.8751038508203188,0.8809130139497289,1.0066382557041254
Oblong,Female,1.2878726160806384,0.8740134097953958,0.8866867868537264,1.0145002089399262
Oblong,Female,1.3081265602344343,0.8747027507701121,0.888447239049105,1.015713324631587
Oblong,Female,1.226059694925368,0.8810827076629082,0.9085309171335343,1.0311528182676892
Oblong,Female,1.181314963828473,0.8811711578536952,0.8937881970503381,1.0143184886207293
Oblong,Female,1.2524174291802925,0.8968384964620107,0.8854694151757431,0.987323156475644
Oblong,Female,1.264874296704406,0.8717611916537887,0.8933243452059213,1.0247351611411215
Oblong,Female,1.2317600330977916,0.9135803114790664,0.8534522609882783,0.9341841656006771
Oblong,Female,1.260735452640339,0.8823551626935264,0.8849138726228823,1.0028998639522264
Oblong,Male,1.2545387601360085,0.8645493122615785,0.8834351226543226,1.0218446884693488
Oblong,Female,1.2794882003971197,0.8806154458751362,0.8869392158835867,1.0071810800481316
Oblong,Female,1.1909260069030616,0.8843000994383396,0.8568706128988837,0.9689816991348551
Oblong,Female,1.2617114505293072,0.8819641418720592,0.8867779456625273,1.0054580493264162
Oblong,Female,1.225059898717387,0.8472456988242925,0.9481803661346615,1.119132699582228
Oblong,Female,1.2123279041596453,0.8974692046474916,0.8874021561142342,0.9887828479449482
Oblong,Male,1.2979693208437157,0.8701472750928795,0.9155117243851973,1.0521342197933974
Oblong,Female,1.2549699010563375,0.885587913900439,0.9006485959651781,1.0170064223193909
Oblong,Female,1.2853331834423047,0.8528481537286242,0.8952233091113794,1.0496866355370442
Oblong,Male,1.3511034023314559,0.8975585418232329,0.8855478014112463,0.9866184322778669
Oblong,Female,1.2677386953200767,0.9146024284870887,0.8986645734595944,0.9825740075347731
Oblong,Female,1.2091217925681528,0.8680801543267789,0.9267628140136929,1.0676005083106919
Oblong,Female,1.2642234840079611,0.9106167214284426,0.8809187464408312,0.9673869650218749
Oblong,Male,1.245421225561381,0.8915332387570308,0.9000873348620293,1.0095948145656628
Oblong,Female,1.2775628289284982,0.8930120333635478,0.8840780431064769,0.9899956664375272
Oblong,Female,1.2246858610613984,0.8985123077633196,0.8799928953278947,0.9793888049441131
Oblong,Male,1.3404502944510643,0.8726998334885279,0.9171071775796976,1.0508850149697588
Oblong,Female,1.2455832068398685,0.8856436592971043,0.894334570416623,1.0098131014977472
Oblong,Female,1.2254265999749112,0.9210517451646704,0.8889329238044443,0.9651281032484406
Oblong,Female,1.3275549406674332,0.8992673122761833,0.8748690380872719,0.9728687189494795
Oblong,Female,1.2926234765395834,0.8803507217821515,0.8938621774989798,1.015347810119899
Oblong,Female,1.216735231233394,0.8633191038700183,0.9094311582527771,1.05341252634866
Oblong,Female,1.2275038091992685,0.8715536269286183,0.8972579644708746,1.0294925484193547
Oblong,Female,1.201321651867533,0.907240560122098,0.8816573920329204,0.9718011195556175
Oblong,Female,1.2757550370110555,0.8936945727592699,0.8707060985038825,0.9742770349556775
Oblong,Female,1.2720486266935862,0.8861754001941022,0.8727950093790384,0.9849009678985299
Oblong,Female,1.2791514990713466,0.8814038499712871,0.8816312700349366,1.0002580202748796
Oblong,Female,1.2851728431697276,0.906142931336299,0.8806391935979105,0.9718546193360711
Oblong,Female,1.241634029740097,0.90021971081802,0.898469387407619,0.9980556708663816
Oblong,Female,1.2277530914014,0.8828887260159328,0.8997005130542132,1.019041796030338
Oblong,Female,1.185632806592987,0.8722385940826693,0.9096857921896454,1.0429322875197458
Oblong,Female,1.280393060348508,0.8749686384964768,0.8816173263284708,1.0075987727324935
Oblong,Male,1.219527737126012,0.8541638862611741,0.9320090334810411,1.0911360787689222
Oblong,Female,1.319288589468268,0.9166052160256984,0.8564189096338373,0.9343378094084797
Oblong,Female,1.274363845721681,0.8912257577381171,0.8782110009953811,0.9853967901738313
Oblong,Female,1.297487536326172,0.8900597018268815,0.8780684297940161,0.9865275643777008
Oblong,Female,1.2623768048629493,0.8830199868015532,0.8828008949747346,0.9997518835019668
Oblong,Male,1.213458290740327,0.8845070951719756,0.9026892640704138,1.0205562725247592
Oblong,Female,1.313024610806306,0.8581836538072533,0.8892045501935856,1.0361471536409612
Oblong,Female,1.2965800644929901,0.8771122700884374,0.8772617994663733,1.0001704791769939
Oblong,Female,1.238736586989524,0.9006743107072581,0.874426410268891,0.97085750073436
Oblong,Female,1.2601849279602464,0.8948930347625619,0.876720139932251,0.9796926625592379
Oblong,Female,1.2922863927974992,0.8790177759137169,0.8695936921859952,0.9892788473840297
Oblong,Female,1.2291567657462115,0.8878458701959577,0.8756608506581423,0.9862757490383707
Oblong,Female,1.245984688503074,0.9150726422738908,0.852405154018154,0.9315163787434267
Oblong,Female,1.3488223622786224,0.8702979499848461,0.9014108662531464,1.0357497294677553
Oblong,Female,1.245361739358722,0.8539756548093838,0.9105082331442836,1.0661992856781364
Oblong,Female,1.2601212025163475,0.8517891540616207,0.9429449483420427,1.1070168525224349
Oblong,Female,1.247384313191186,0.8609490322858471,0.8936423385260295,1.037973567556468
Oblong,Female,1.2061253189801036,0.8739356347671478,0.8841234746858385,1.0116574259171904
Oblong,Female,1.2258894184358584,0.8836285514304721,0.869426293733769,0.9839273440477769
Oblong,Female,1.218852074442667,0.8591881166342786,0.916598614970558,1.0668194743674704
Oval,Female,1.1735287200454485,0.8592481503133695,0.897349445672996,1.044342598055906
Oval,Female,1.2254611938862296,0.8791240455544432,0.8851229219722554,1.0068236973475442
Oval,Female,1.2250038069638782,0.8630842631364435,0.8966532439479664,1.0388942102704242
Oval,Female,1.194311941063959,0.8831752624919094,0.8873395609590427,1.0047151439176223
Oval,Female,1.160191584961698,0.8635106619721528,0.9071215907485733,1.050504215752031
Oval,Female,1.1976098122663779,0.8854382897981007,0.884808706885936,0.9992889590167732
Oval,Female,1.1718496113489485,0.8906244910547803,0.8837109879350308,0.992237465745455
Oval,Female,1.1826809927033022,0.8790330501295561,0.897435142062172,1.020934471041679
Oval,Female,1.2675398561327735,0.8945255947747563,0.8706041467704635,0.9732579501983771
Oval,Female,1.20959500472875,0.8981868146460779,0.8834842576280367,0.9836308474158191
Oval,Male,1.214310180708201,0.8739698257165474,0.8805206102929328,1.0074954356359096
Oval,Female,1.2324203020678046,0.869390436495822,0.909808176268967,1.0464897450862853
Oval,Female,1.185362873363043,0.870316351115021,0.904207965118562,1.0389417181006886
Oval,Female,1.2434665206343014,0.8756845900356766,0.8948143201377385,1.0218454570512456
Oval,Female,1.160779073586521,0.8797346273498854,0.9060671544909326,1.029932352691824
Oval,Female,1.1940383978759466,0.8730371305649591,0.9024297723190403,1.0336671153208117
Oval,Female,1.195116238097472,0.8774123635991262,0.9020841309726118,1.0281187824528508
Oval,Female,1.1853299737431338,0.8919305029829117,0.8753115041138485,0.9813673836543501
Oval,Female,1.2485548021687765,0.888892257651529,0.8830968516194543,0.9934801929230587
Oval,Female,1.1985371570903869,0.8821255148578871,0.8902854623989507,1.0092503248161666
Oval,Female,1.1691189424843549,0.8711289428964863,0.8825880362465636,1.013154302177099
Oval,Female,1.208245307023047,0.8814156899110985,0.9009909376635078,1.0222088714513167
Oval,Female,1.1639377817632917,0.8517789306163845,0.9050121349992067,1.062496502871115
Oval,Female,1.1686797617141378,0.8608020986986606,0.9064543945921877,1.0530346010570177
Oval,Female,1.1235332261216573,0.8734710554423308,0.9145560630051089,1.0470364842736228
Oval,Female,1.2186779291675025,0.879303971248712,0.8825937327619922,1.003741324525816
Oval,Male,1.1540027784880227,0.8480799618088021,0.9299476297779378,1.0965329587489918
Oval,Female,1.1865048082988243,0.9001525469798379,0.8977223279465261,0.997300214234281
Oval,Female,1.2557983073645478,0.8875198042454466,0.892530896075916,1.0056461746616794
Oval,Female,1.1742526815607184,0.8464712043342472,0.9233243063592278,1.0907923407570914
Oval,Male,1.1410478705814096,0.8607847105413969,0.9028016982199962,1.0488124233203124
Oval,Female,1.1773529912400391,0.8686597455177365,0.8933629303988245,1.028438275180306
Oval,Female,1.142843617002683,0.8816605954917827,0.9057274483345067,1.0272971855221678
Oval,Female,1.2063342093661669,0.8629959760989571,0.9348252968500271,1.083232509467499
Oval,Female,1.1290161555920202,0.8655252663729799,0.932237642655868,1.0770773296572256
Oval,Female,1.2070235320410279,0.8738697019361863,0.8945637511543596,1.023680932262925
Oval,Female,1.1460056795663438,0.8599414445120136,0.9154093580474049,1.0645019656737993
Oval,Female,1.1711777373148582,0.892347852006856,0.874480537950073,0.9799771871287636
Oval,Female,1.1787957588847389,0.8824839208912184,0.8823879619573882,0.9998912626830263
Oval,Female,1.1837235480445278,0.8586220765663933,0.9074600182752882,1.0568794386282223
Oval,Female,1.2220035504980025,0.9147678231249393,0.8591497468067406,0.9391997893758421
Oval,Female,1.215466555340323,0.889079938514751,0.8842282043908607,0.9945429719941771
Oval,Female,1.1752806378601364,0.8791302160508775,0.8929745565743871,1.015747770092239
Oval,Female,1.199097191679081,0.8604855204973795,0.9163879251875001,1.0649661189624757
Oval,Female,1.2154191094400715,0.8577640058004287,0.9110865437086504,1.0621645785409979
Oval,Female,1.1326808288875545,0.8852930047521875,0.8949774949844792,1.0109393050439865
Oval,Female,1.111818602075295,0.8761826462510633,0.8917753776433739,1.0177962111655914
Oval,Female,1.1399055741651927,0.8883771859096097,0.90768012968436,1.0217283199984317
Oval,Female,1.2149570868005954,0.8755969689321125,0.9044123013425711,1.0329093560540783
Oval,Female,1.1762357197228142,0.8952069680907034,0.887448515766745,0.9913333423437201
Oval,Female,1.2167466638745497,0.8645881445539307,0.9062258369909146,1.0481589907278523
Oval,Female,1.1952701449335024,0.8640134734023721,0.8951652501441996,1.0360547349095794
Oval,Male,1.1970852470094169,0.8664699596713772,0.8978295803122028,1.03619239223564
Oval,Female,1.194967875724754,0.8661657931655757,0.8847004943360898,1.021398560548986
Oval,Female,1.163477881867279,0.870863377579299,0.8867839661223095,1.0182813848335939
Oval,Male,1.246008041818184,0.8881920197672968,0.9137194541065017,1.0287408958548097
Oval,Female,1.2194904112677107,0.8866154973017735,0.8829434162627309,0.9958583162033396
Oval,Female,1.1806392257271232,0.8504254336420203,0.9320511174333078,1.0959821761700124
Oval,Female,1.1804536836407147,0.8868541021369429,0.89510188917165,1.0093000494837125
Oval,Female,1.1844938652714057,0.8838947846291354,0.8832022830457464,0.9992165339184804
Oval,Female,1.2145996158306585,0.885250931099803,0.888095591242915,1.0032133941272199
Oval,Male,1.1356759784936137,0.8745678232870643,0.8802846975416193,1.0065367992079426
Oval,Female,1.199162347378211,0.8664272275976553,0.8984039177973445,1.0369063773403693
Oval,Female,1.2351506929768374,0.8677964181978755,0.89237394333093,1.0283217637428073
Oval,Female,1.1817020734114732,0.8379416925100039,0.9249984609135599,1.1038935873244144
Oval,Female,1.1782006958826603,0.8658107888873334,0.9237728746706256,1.0669454418069566
Oval,Female,1.1908104374718824,0.8585506340413104,0.9275185946162001,1.0803306850409609
Oval,Female,1.184172199694223,0.8470735518644226,0.9183036919521672,1.0840896754844558
Oval,Male,1.114697336228562,0.8930723453472706,0.8858046357235853,0.9918621266669507
Oval,Female,1.1727922145891763,0.8754515111653709,0.9101406281931914,1.0396242585516169
Oval,Female,1.2244022838900266,0.8725371433330317,0.882230426616721,1.0111093073317907
Oval,Female,1.210178269995015,0.8742262897760527,0.9019213572183091,1.0316795179533562
Oval,Female,1.2225971753755167,0.865877536380407,0.9007267780563323,1.040247310054496
Oval,Female,1.2115134260486835,0.8747213578446451,0.9020381800526557,1.0312291702529368
Oval,Female,1.1331581387791605,0.8652674876909048,0.9072532257900446,1.0485234204409841
Oval,Female,1.148873875081352,0.8480010754420853,0.9142177198402526,1.0780855665349798
Oval,Female,1.1554241724968084,0.858751685361362,0.9208978150684,1.0723679857244028
Oval,Male,1.1292539301724744,0.8787616086334108,0.9045321171297122,1.0293259380509099
Oval,Female,1.1654951630815928,0.865350729698043,0.9189450908072052,1.0619336868507216
Oval,Male,1.1642746239375434,0.872361274646578,0.9209286431673478,1.0556734576972664
Oval,Female,1.1446765829939087,0.8791682778120519,0.8933818223560775,1.016167035256775
Oval,Female,1.1547296037836379,0.8820732421478291,0.8819244869281122,0.9998313572925592
Oval,Female,1.1918967269198901,0.8973876059848107,0.907067361091228,1.010786593264562
Oval,Female,1.1602915451378335,0.8579186559902334,0.8805559280075447,1.0263862685107166
Oval,Female,1.133552341521298,0.8769643078971926,0.9066520111322702,1.0338528067422306
Oval,Female,1.1382186967256678,0.8697969626733374,0.9058953766724713,1.0415021154916255
Oval,Female,1.1518211289304434,0.8557309677886104,0.9304339383472404,1.0872972620725394
Oval,Female,1.1621675091242072,0.8476524720681943,0.900353442784475,1.062172850847347
Oval,Female,1.1618918164648475,0.8667955273441825,0.9049264385625516,1.0439906644825456
Oval,Female,1.1675101907205503,0.8819724556323338,0.8837095667572633,1.0019695752558213
Oval,Female,1.1672885608664463,0.8520144849307594,0.903532132837711,1.0604656949126146
Oval,Female,1.1490279620790234,0.8855359768313572,0.8754344537886921,0.9885927581634677
Oval,Female,1.1393057077152842,0.8742536841291357,0.9014595182921057,1.0311189242400165
Oval,Female,1.1428770856245982,0.8852164266742859,0.9233534435910372,1.0430821387488596
Oval,Female,1.1776487386194867,0.8755238239969594,0.9014939624127222,1.0296624006154433
Oval,Female,1.1942659588219557,0.8608643775099196,0.9000183055027345,1.04548210962808
Oval,Female,1.1637183958230373,0.8761440081935761,0.8899791289641105,1.0157909209458151
Oval,Female,1.165291733699346,0.8487577394235377,0.9219356305857932,1.0862176422826573
Oval,Female,1.1167186794037656,0.8601628757640623,0.8954305431528818,1.0410011503431746
Oval,Male,1.137950494848906,0.8605693303138527,0.9237846318265537,1.073457534780662
Oval,Female,1.155385450874086,0.8768239911538579,0.8919514658741409,1.0172525784797197
Oval,Male,1.2376991428574802,0.8581825628530755,0.9043294386250273,1.053772795870536
Oval,Female,1.2051724800838286,0.8923997338296199,0.8610436164635062,0.9648631480070564
Oval,Female,1.1768944305877103,0.8828161812787673,0.9083409555894733,1.0289128981230646
Oval,Female,1.1916091539025044,0.8764790851075178,0.9007610569695383,1.027703994624175
Oval,Female,1.1724234595230667,0.8831725699829981,0.8712739071643463,0.9865273637077735
Oval,Male,1.1939833870303,0.8700667435716298,0.8971016315943933,1.031072200176029
Oval,Female,1.2018204663059915,0.8621681747888542,0.9110357866303787,1.0566799068563302
Oval,Female,1.136642047088741,0.8477513527265056,0.9156488301688045,1.0800912640527551
Oval,Female,1.2139718551993848,0.8760767276283746,0.9071860111608073,1.0355097704931033
Oval,Male,1.1855114906782083,0.8787953073029003,0.8832870792321279,1.005111283471703
Oval,Female,1.2072781917395496,0.8979316519560678,0.88338152848458,0.983795956585569
Oval,Female,1.1602548965635833,0.8630820741827037,0.9171845172250644,1.0626851659427559
Oval,Female,1.1987166915786596,0.8508303114770605,0.9104592949997833,1.0700832853723858
Oval,Female,1.1738547628406106,0.8855497042056054,0.8759697694628746,0.9891819344558139
Oval,Male,1.182657943338073,0.9024356442539266,0.8755687988162416,0.9702285192204517
Oval,Male,1.1427187440785012,0.8941868339443347,0.902059962895919,1.008804791854131
Oval,Female,1.1864522740302261,0.894257095202209,0.8944389803566938,1.0002033924644944
Oval,Female,1.158673540200476,0.8639369697993684,0.9206027266080714,1.065590151584626
Oval,Male,1.1985705534784847,0.8789614324647123,0.8975025791698458,1.0210943802768933
Oval,Female,1.1702642073330962,0.8921028499237637,0.8769175333885203,0.98297806521239
Oval,Female,1.1300398679356474,0.8814577379528514,0.8866857485123786,1.0059310961086676
Oval,Female,1.1435260453013218,0.8842782797360371,0.9033619752972941,1.021581097261547
Oval,Female,1.151513887207533,0.8684069042084976,0.9135021918936043,1.0519287530609955
Oval,Female,1.2156191079743772,0.887013201639322,0.8923233502283935,1.0059865496694498
Oval,Female,1.1580035860569418,0.8721513895170818,0.9036793743498375,1.0361496698987236
Oval,Female,1.2268520614506775,0.8676858976602009,0.8918229130755065,1.0278176878066054
Oval,Female,1.2447126396747232,0.8713139800270281,0.924796604823766,1.0613815754397502
Oval,Female,1.1815048272094006,0.8628874134709609,0.9072705871121611,1.0514356484383858
Oval,Female,1.2177540472682096,0.8693170311416845,0.8885070964795413,1.0220748756212152
Oval,Female,1.2291581554733793,0.8667870715141466,0.9013363574803993,1.0398590231692084
Oval,Female,1.2094605377221548,0.8919907579203332,0.8806791769319411,0.9873187240025166
Oval,Female,1.193238763973597,0.8866707512341174,0.8983704163868338,1.0131950502894476
Oval,Female,1.2037874310663292,0.849454601854119,0.9038604010255872,1.064047918573536
Oval,Female,1.2187554811791814,0.8872154721152413,0.9076795112916994,1.0230654669802692
Oval,Female,1.2203810845821195,0.8625826477623123,0.8951710297927233,1.0377800111269928
Oval,Female,1.1403185980469261,0.8688739986626609,0.9064707396374677,1.043270648025691
Oval,Male,1.1933638758087561,0.8462790718883562,0.9030274122458761,1.0670562964896364
Oval,Male,1.192004026712173,0.8690555305878834,0.8998989580696032,1.0354907441425008
Oval,Female,1.1345937191950153,0.8797784198391863,0.8817512606868486,1.0022424292335141
Oval,Female,1.1687431525280623,0.8690031833641512,0.9084455917574998,1.0453881057611967
Oval,Female,1.1465669810522598,0.8636870797615168,0.925274994185262,1.0713081344701267
Oval,Female,1.2252843412637986,0.849777354159436,0.9010554629285437,1.0603429928064272
Oval,Female,1.2111142451769756,0.8621334041294431,0.921213950021458,1.0685283108264116
Oval,Male,1.192163056952186,0.877997493027491,0.8947361515790393,1.0190645858154226
Oval,Female,1.2238797559378538,0.873091460116902,0.901668164719275,1.0327304823237498
Oval,Female,1.1859118960410373,0.8656887926870087,0.9066244821899228,1.0472868423950066
Oval,Female,1.1687662295869077,0.8858909272150259,0.8992683558885195,1.015100536942565
Oval,Female,1.1507208012686334,0.8739285056255213,0.8982241103786865,1.027800448888866
Oval,Male,1.1686830434305837,0.8889914098412005,0.8783008147557704,0.9879744675065648
Oval,Female,1.1526473292923953,0.8578895774495461,0.9241366210194243,1.0772209446428136
Oval,Female,1.1519994522987338,0.9137452138951251,0.8665040673578843,0.9482994320311013
Oval,Male,1.1609916381786844,0.8721497762427101,0.9128095965377301,1.0466202267117304
Oval,Male,1.1393073100133588,0.8802670351864117,0.8749807465523213,0.993994676134872
Oval,Female,1.1365973523784239,0.8858068775784413,0.8744562232015347,0.9871860846148132
Oval,Female,1.1849926862546052,0.9039329692151326,0.8714489574133876,0.9640636939817007
Oval,Female,1.1521803396647692,0.8914069033088234,0.8996663668515839,1.009265649067897
Oval,Male,1.2301739861573475,0.8486064628275268,0.9250836989439576,1.0901209682773463
Oval,Female,1.1986314892409704,0.8742712654309359,0.883160553396163,1.0101676542701485
Oval,Female,1.1498927496738984,0.8767751461069527,0.8921438974931482,1.0175287260986305
Oval,Female,1.1576255345678335,0.8977438718475423,0.8983441693551333,1.0006686734673618
Oval,Female,1.188807869277092,0.8752248524270385,0.8894887354959902,1.0162973926407566
Oval,Female,1.196606315515553,0.8718348116596434,0.904943292482003,1.037975635268949
Oval,Female,1.1882969488912252,0.8870685322704791,0.9005760494831638,1.0152271405435969
Oval,Female,1.1915605338253905,0.8707521093412346,0.9134016603189554,1.0489801293849144
Oval,Male,1.164991084158873,0.8548506492348602,0.9267070818399447,1.0840572942997704
Oval,Female,1.2042711856243495,0.8564835257058564,0.9253512600432328,1.0804075411498664
Oval,Female,1.1880863142432578,0.8837572054591583,0.8939174649619277,1.0114966638348264
Oval,Female,1.130916282647911,0.8806795091546787,0.8852840365350386,1.0052283802819253
Oval,Female,1.1651112804725023,0.8962969037566241,0.897547508915892,1.00139530233121
Oval,Male,1.1805299692394955,0.8700740461943037,0.9099206656868895,1.0457968142675609
Oval,Female,1.1872788593397825,0.8593143282032705,0.9127241657924363,1.0621540172626236
Oval,Female,1.2142625580811004,0.8866803058905757,0.8861247964600835,0.9993734952419697
Oval,Female,1.26675392007081,0.8674506651127222,0.9007711370226238,1.0384119503851803
Oval,Male,1.2331128738814578,0.8936961854823517,0.8767844287505083,0.9810766152898865
Oval,Male,1.168751017377019,0.8662486278657946,0.9010551232017542,1.0401807220424852
Oval,Female,1.2232117664108908,0.8847470902073662,0.8825726624834346,0.997542317179679
Oval,Female,1.1752301250096713,0.8750925917209912,0.9041825728952582,1.0332421751132157
Oval,Female,1.1877643894667396,0.866052395784414,0.9168301007282236,1.058631215837488
Oval,Female,1.1694315787221818,0.9032940894486176,0.8814096739279665,0.9757726572372354
Oval,Female,1.1579967720156732,0.8619313408206064,0.9158587661487944,1.0625658016760895
Oval,Male,1.152667658089997,0.8567585068766038,0.9303451127442558,1.0858895537972761
Oval,Female,1.1967448527710471,0.8673300280366069,0.9003570401668807,1.0380789446492908
Oval,Male,1.169902734111308,0.8463592071578616,0.9269746848707944,1.0952497202501592
Oval,Male,1.1993424886966335,0.8705785206301973,0.9072085288521183,1.0420754789532427
Oval,Female,1.1835418891331917,0.8697788539399904,0.9214687014116777,1.0594287240228233
Oval,Female,1.2247501890040966,0.8691603189132766,0.9127428939301668,1.0501433096616537
Oval,Female,1.1833215260784065,0.8497352981492626,0.927512188646482,1.0915307280592188
Oval,Female,1.194460166730502,0.90298799941095,0.8821326631953392,0.9769040826354112
Oval,Female,1.186834482008481,0.8805103535194425,0.9089972324951533,1.032352690529813
Oval,Female,1.126755714378228,0.874274767867227,0.9025748904987515,1.0323698265941745
Oval,Male,1.1773264400345083,0.8818311106290976,0.8951216035802805,1.0150714720664613
Oval,Female,1.2467134195823373,0.8532754057927854,0.8992334728179556,1.0538607660705634
Oval,Female,1.2143114619323598,0.8796317258828873,0.9065626200157266,1.0306161014210904
Oval,Female,1.2259477822437934,0.8617765347139831,0.9060550457813306,1.0513805021182705
Oval,Female,1.2497807568579566,0.8922991523218857,0.9009133207484263,1.0096539018378818
Oval,Female,1.1845154775817637,0.8657195941776861,0.8775834861974011,1.0137040816674412
Oval,Female,1.1744195890187934,0.8973626941265365,0.8712505047541667,0.9709011868408609
Oval,Female,1.2074001185502627,0.869496079333233,0.8933392895774535,1.0274218720600838
Oval,Female,1.215001022864978,0.886160159541732,0.883337603327629,0.9968148464092962
Oval,Female,1.2234611133260926,0.8957112772197763,0.860818592225909,0.961044718447476
Oval,Female,1.2596773555479268,0.8821509154170124,0.8980053786135819,1.0179725066533256
Oval,Female,1.1778539639598882,0.8960340867834262,0.8773362623402602,0.9791326862237046
Oval,Female,1.2020551675607223,0.8869822498388921,0.8868307150420244,0.999829156900383
Oval,Female,1.2278001374899103,0.8715223253626782,0.8997928038308105,1.0324380427734514
Oval,Male,1.2187607434515284,0.86571785237344,0.9076427049138206,1.048427847970837
Oval,Female,1.226788919312275,0.8725404047627405,0.8987179448065764,1.0300015218790401
Oval,Female,1.1697689416877308,0.8967183673817445,0.8795056824552384,0.9808048038797689
Oval,Male,1.1725584008171237,0.8682200918365204,0.894976435087825,1.0308174661043696
Oval,Female,1.1486768313960942,0.8744941496197881,0.885733793021088,1.0128527371008562
Oval,Female,1.1684968636111295,0.8856789853263859,0.8881185438738284,1.0027544500748695
Oval,Female,1.2058483329273089,0.8930300570872968,0.8800853793442762,0.9855047681314996
Oval,Female,1.1553050184400608,0.8914059719020441,0.8698038350043477,0.9757662192327445
Oval,Male,1.197769793056946,0.8618235083824007,0.8946688781778077,1.0381114804550367
Oval,Female,1.194612410804413,0.8685008288469491,0.9044689573584727,1.0414140405130943
Oval,Female,1.2149484835087245,0.8977360436457202,0.8867933299464764,0.9878107671216972
Oval,Male,1.1946868728302198,0.8732842366981848,0.9089273665763683,1.040815038655624
Oval,Male,1.182287769378787,0.8937281033298929,0.8914724898564157,0.9974761748398946
Oval,Male,1.1746056517026877,0.8412853392174879,0.9358829992337296,1.1124442036565507
Oval,Female,1.185661941720343,0.8734024278147406,0.9060036641860644,1.037326706834205
Oval,Female,1.2136732807698554,0.8851779677494469,0.8763185754941739,0.9899913999466142
Oval,Female,1.222210271230778,0.8641090458602014,0.8863048447279545,1.0256863401373812
Oval,Female,1.177665011335502,0.886015810692782,0.89378786550733,1.0087719143617437
Oval,Female,1.2015004629831374,0.8678754692815225,0.9009855083566991,1.0381506797312603
Oval,Female,1.2363428113728394,0.8867384122696073,0.8873582457794229,1.0006990037887602
Oval,Female,1.265754383631745,0.895588129426456,0.903381917604266,1.0087024246098495
Oval,Female,1.1795216967289326,0.9025219362980329,0.8598523676363576,0.9527218486935648
Oval,Female,1.2063788257720702,0.8748993283066293,0.8802143049649561,1.0060749579824388
Oval,Female,1.1838610727607644,0.8942656911221002,0.8707812974934624,0.9737389079534403
Oval,Female,1.1863986269688802,0.8806700036627015,0.875662253576933,0.9943137042650012
Oval,Male,1.2335065269085335,0.9077623664388157,0.8698408953621752,0.9582253324453097
Oval,Female,1.2394950709675792,0.8871500547202846,0.8864647563677533,0.999227528253101
Oval,Female,1.1653895892625146,0.8851438919997288,0.8744088730570888,0.9878720069813879
Oval,Female,1.2411512193356957,0.8624147820695156,0.9024389271772886,1.0464093913276025
Oval,Female,1.1840362334113015,0.914108912908273,0.8611984767673335,0.9421180174552692
Oval,Male,1.2234138555650473,0.8734990078981073,0.9189204467971198,1.051999416700323
Oval,Female,1.1432714577669272,0.8750109525548524,0.87526777151629,1.000293503710654
Oval,Female,1.2111175630562407,0.9123086203803685,0.8543056525197368,0.936421769382768
Oval,Female,1.2242657347278691,0.882703928759102,0.8939007896608784,1.0126847298816455
Oval,Female,1.2029608985659752,0.897302277900864,0.8853565692479208,0.9866870853366284
Oval,Female,1.153935761474099,0.8911069323322043,0.8930269834151314,1.0021546808954813
Oval,Female,1.231685341930617,0.8815291031120158,0.8997513333128946,1.0206711612090285
Oval,Male,1.2206239521344828,0.8729354002197055,0.8921605418419793,1.0220235559440427
Oval,Female,1.1986159567401997,0.8594411070998224,0.897574268578191,1.044369720232546
Oval,Female,1.200624652738356,0.8715436292125981,0.9048225722156257,1.03818390943101
Oval,Female,1.179641699491833,0.8569065567174874,0.9046818399542882,1.0557532006988153
Oval,Female,1.1961171389592555,0.8768623654854174,0.8849798979802402,1.0092574762178659
Oval,Female,1.1318606084689646,0.877490929972445,0.9081659285676826,1.0349576246858765
Oval,Female,1.2199467922884182,0.8629653429835071,0.8970134109661223,1.039454733911911
Oval,Male,1.202125669082486,0.8856121416268318,0.8854277784805789,0.9997918240530056
Oval,Female,1.1856140194806655,0.9062868831451758,0.9029691805533573,0.9963392357833706
Oval,Male,1.1850342821769901,0.8551828059276881,0.904099765621325,1.0572005884058584
Oval,Female,1.234409465857162,0.8998297989464588,0.8776982103475457,0.9754046947269082
Oval,Female,1.2282379200155327,0.8666058975651745,0.898883049147587,1.037245478796185
Oval,Female,1.202401652253384,0.8864487783347853,0.8850992753559735,0.9984776300539927
Oval,Female,1.2133433750774412,0.8805416183940146,0.8865886275702591,1.0068673746361625
Oval,Female,1.2352141625984836,0.8857833938958836,0.882213698939525,0.9959700136839794
Oval,Female,1.1472542504257626,0.8532339174465857,0.9169367910906813,1.0746605032237055
Oval,Female,1.2146144642992769,0.86542301921444,0.8935772999820409,1.0325323918390306
Oval,Female,1.181411507152261,0.8886176955154533,0.8860290771232547,0.9970869155484271
Oval,Female,1.2479169380357198,0.8906521717249397,0.8868243803339879,0.9957022600825882
Oval,Female,1.2287271260605985,0.8593282803760717,0.9166871012047105,1.0667484384472214
Oval,Female,1.2228064444572468,0.8629943266211775,0.9068287851583812,1.050793449255716
Oval,Female,1.2264623706023756,0.9134594353531111,0.8756888645814112,0.958651069429154
Oval,Female,1.2523520530049683,0.8511731433609891,0.9070584536265267,1.0656568063753347
Oval,Female,1.247111368323317,0.8654518625428277,0.9159907145372583,1.0583959133740148
Oval,Female,1.2093526987291858,0.8844399451158841,0.8751273672093095,0.9894706498072581
Oval,Female,1.2481601667400022,0.8848552213542538,0.8913350476696358,1.0073230356322753
Oval,Female,1.176642301684753,0.8860298472352938,0.8944580049266027,1.0095122728851715
Oval,Female,1.2147622512539995,0.8788573873148001,0.9041537156414226,1.0287832004279
Oval,Female,1.2249198463729414,0.8848053156313729,0.8872701908689942,1.0027857825829882
Oval,Female,1.242976489476076,0.8927500146583571,0.8846482950427199,0.9909249851776954
Oval,Male,1.2561675406161343,0.8616218939658494,0.9165776164301395,1.0637817154475282
Oval,Female,1.2029170922832446,0.8782297485133352,0.8941867340603444,1.0181694887630726
Oval,Female,1.2367757175294738,0.8647629879102471,0.8889981380237929,1.0280251935528735
Oval,Female,1.1615735809974084,0.8718236738278112,0.8836443406672249,1.0135585522557722
Oval,Female,1.2059664848572396,0.8899778673116693,0.8703212729818066,0.9779133897012081
Oval,Female,1.174409087490693,0.8642829214451521,0.906756543740575,1.0491431928614343
Oval,Male,1.1375649602117905,0.8735520633574572,0.8813461888740873,1.0089223365653488
Oval,Female,1.1246704402961898,0.8701294881531124,0.8987364476994578,1.032876669433494
Oval,Male,1.191997848521691,0.8767338937931192,0.8787580757393069,1.0023087757420102
Oval,Female,1.1936660310725857,0.8710633248745356,0.8863720834642392,1.0175747941080042
Oval,Female,1.2083568642379616,0.8887845668135824,0.8757912721101898,0.9853808277184927
Oval,Female,1.1335329234502354,0.8731001147522297,0.8976416104769401,1.0281084555024653
Oval,Female,1.1335750968411562,0.8659808802078799,0.9174589803360169,1.059444846075331
Oval,Female,1.1052978003223717,0.8916356618436034,0.8838291218131664,0.9912446973977065
Oval,Female,1.2228446583848038,0.8723916473229746,0.8888748283415178,1.0188942444246498
Oval,Female,1.1839562194455104,0.8594121526949183,0.9051073955544928,1.0531703475640701
Oval,Female,1.1913428201341734,0.8672709762544043,0.9010365437367326,1.038933122872572
Oval,Female,1.1240577248366832,0.8703814205819459,0.8922514233372685,1.025126918197197
Oval,Female,1.234232220974609,0.8785266302140605,0.8812919339310813,1.0031476606649328
Oval,Female,1.1782287649694347,0.886782882930557,0.8890042218866443,1.0025049411742664
Oval,Female,1.1595024432649923,0.8881775442000218,0.8838018240107081,0.9950733721901797
Oval,Female,1.1821901557290513,0.8759212088163073,0.905935460485335,1.034265926394896
Oval,Female,1.224639844736227,0.8711270426832791,0.9122516810937631,1.0472085429512215
Oval,Female,1.2058162975593256,0.8757139131400596,0.8886271945394976,1.0147460046091246
Oval,Female,1.1302826929260312,0.8585836474159396,0.9125617439321234,1.0628687684404896
Oval,Female,1.218061512818114,0.9108891970876238,0.87632259704296,0.9620518059109898
Oval,Female,1.2072940923437767,0.8735817299370103,0.8991609937064938,1.0292809051436183
Oval,Male,1.1382248069466139,0.8586311757700981,0.9161968535385275,1.0670435448803723
Oval,Female,1.2309870645408663,0.8736789041949102,0.8949564709956441,1.0243539894331557
Oval,Male,1.1876309072492566,0.8712713229104132,0.8972064553491549,1.0297669988174378
Oval,Female,1.2015062084681234,0.8735356680048372,0.8950490473136995,1.0246279346074088
Oval,Female,1.1758137153482358,0.8796768828628483,0.9057877433567857,1.0296823310952101
Oval,Female,1.2393829085604797,0.873807982650717,0.9223882043142819,1.0555959920578841
Oval,Female,1.2102328134251672,0.8741103288770188,0.882783153895021,1.0099218882691208
Oval,Male,1.2078860272295222,0.8563667588375456,0.9164834213793409,1.0701996684497648
Oval,Female,1.2519361471745003,0.9006722646194879,0.8722807803671584,0.9684774524900862
Oval,Male,1.1752921688346343,0.8463254697314295,0.9150249965013856,1.081173885493198
Oval,Female,1.1756334104577053,0.8627510490169605,0.9157452140999263,1.0614246312923625
Oval,Female,1.1605991908311288,0.8750895159379821,0.8978914906971448,1.0260567340184872
Oval,Female,1.2068574532484924,0.8616288789235388,0.9138807930297514,1.0606431787331603
Oval,Female,1.135377018604145,0.8819430620530633,0.8909784819487088,1.0102449016091946
Oval,Male,1.246394876703976,0.8865575706090584,0.8930747067695554,1.0073510580435512
Oval,Female,1.21571484122919,0.8822678341274406,0.9038083967793168,1.0244149926118296
Oval,Female,1.1891272105529531,0.8842125862827133,0.8792068444041006,0.9943387574930854
Oval,Female,1.1886085377466096,0.8762863305725039,0.9058574616186746,1.0337459686571295
Oval,Female,1.1612728642207033,0.8538092907350009,0.9327354617086844,1.0924400470106619
Oval,Female,1.1913052696855295,0.8878092283504255,0.8913527386334477,1.0039912969699651
Oval,Female,1.2054099010446964,0.886326116474044,0.8888876813548326,1.0028900929727524
Oval,Female,1.1932673092420465,0.8732075996442055,0.9046169989423559,1.0359701396448546
Oval,Female,1.2292612401194152,0.8737266489647769,0.8997773262006284,1.0298155919436787
Oval,Male,1.2113047803403945,0.882100245558712,0.8797428763483075,0.9973275495361512
Oval,Female,1.2215279890104467,0.8819630846815881,0.9073292653606282,1.0287610458074874
Oval,Female,1.179201190888003,0.8244748364860575,0.9411436015808136,1.1415067627679247
Oval,Female,1.188745116690889,0.8824256350835515,0.8830487210100699,1.0007061058765132
Oval,Female,1.1406083913394478,0.8739988837287483,0.9118395425003647,1.0432960035488563
Oval,Female,1.2177575658269388,0.8756529372069295,0.8885830391344144,1.0147662405709823
Oval,Female,1.2024854975997135,0.8888853367259487,0.9052520210659702,1.018412593462623
Oval,Female,1.1325771587541504,0.8441717178557331,0.9093950464887701,1.077263105661381
Oval,Female,1.1888799975264999,0.8387781041066797,0.9283840263011008,1.106829114584308
Oval,Female,1.210504930394476,0.8804453221402875,0.8808333013471493,1.0004406624660334
Oval,Male,1.1998515485621186,0.8898160927622281,0.8814490949137149,0.9905969357976661
Oval,Male,1.1906619726161385,0.8717490903097901,0.8877741385331526,1.0183826383089976
Oval,Female,1.1615784307423327,0.873723201913127,0.8976001875169487,1.0273278603012257
Oval,Female,1.236575692177394,0.8742090612513045,0.8835880512664116,1.0107285435839368
Oval,Female,1.1839236033585994,0.8559428896747416,0.8984392352913777,1.0496485760081316
Oval,Female,1.138307376384516,0.8429394144173695,0.9112655153708374,1.0810569535423777
Oval,Female,1.185916730599046,0.8701584697735483,0.8887065091492602,1.0213157028518483
Oval,Female,1.1375755369499683,0.8674297992125749,0.9293963541404905,1.0714369681375564
Oval,Male,1.1323053643705183,0.8684469066067011,0.9194393840536137,1.0587168623193748
Oval,Female,1.2093104405946251,0.8795204043542515,0.8838241497395347,1.0048932865729738
Oval,Female,1.2030865865258462,0.8803710410618321,0.8848978053053097,1.005141882265934
Oval,Male,1.1688971526673377,0.8561616372635041,0.9226119315322502,1.0776141926670961
Oval,Female,1.182040683024202,0.870700394311993,0.891423839530468,1.0238008910457082
Oval,Female,1.1747383069332222,0.875878614431539,0.8878737629570832,1.0136949896114649
Oval,Female,1.1399349700552612,0.8918689555587177,0.8792726876561449,0.9858765485399344
Oval,Female,1.2086292999057884,0.8779517856038219,0.8877143412116628,1.0111196944614977
Oval,Female,1.2446889229299283,0.8811839235666752,0.8929939727026854,1.0134024791194645
Oval,Female,1.19522406547607,0.8621664647519067,0.914575097036613,1.0607871384788634
Oval,Female,1.1771338204725743,0.8806833822241941,0.8889597914025352,1.0093977124417164
Oval,Male,1.2395118633424986,0.8706013644114863,0.8876768795576201,1.0196134716118628
Oval,Female,1.1709946682448344,0.8523781125832028,0.8980210159874256,1.053547718706547
Oval,Female,1.2151182639659017,0.885085713075408,0.8935681672221761,1.0095837657544988
Oval,Female,1.247759857870075,0.8705885061838884,0.8874518526866928,1.0193700541450088
Oval,Female,1.206252561833951,0.8783957663983802,0.8911874494468218,1.0145625508885252
Oval,Female,1.2611344320998534,0.847119456923085,0.907538402154269,1.071322816088581
Oval,Female,1.1649268900855387,0.8877292149287166,0.8845900548589045,0.9964638315186415
Oval,Female,1.2656817327880514,0.8923527142227328,0.8699043079530439,0.9748435726009506
Oval,Female,1.171092347966213,0.8731312204878745,0.8983650935260846,1.0289004360926532
Oval,Female,1.2369518521988807,0.8872665801969845,0.8664042342441041,0.9764869471943273
Oval,Female,1.1976263940682086,0.8741770657327387,0.8950129501000158,1.0238348558707753
Oval,Female,1.2276097930519732,0.8914807537338766,0.8703234890184807,0.9762672782033927
Oval,Female,1.223292463725038,0.8714824366570774,0.9024528376739344,1.0355376077751566
Oval,Female,1.208722169056952,0.8939099595256816,0.8776730488305164,0.9818360780947325
Oval,Female,1.17408782377194,0.8795228211826612,0.8991741968573247,1.0223432243045598
Oval,Male,1.2199245886246277,0.8705478469906075,0.9003286812960366,1.0342093021174865
Oval,Male,1.2239834002784464,0.9004633575794552,0.8789729900200907,0.9761341009842611
Oval,Female,1.1618247538768376,0.862053645892009,0.9156734641049513,1.0622000944702916
Oval,Female,1.2011715308397852,0.8553657466696175,0.9137434895183206,1.0682488667286456
Oval,Female,1.217886170756934,0.8935942053468845,0.8872646792631216,0.9929167780566506
Oval,Female,1.2639044976401446,0.860301875110933,0.9206954565433829,1.0702004530963767
Oval,Female,1.1931897187581615,0.8854717646900857,0.8689620832627115,0.9813549318163154
Oval,Male,1.226007041743953,0.8552981189357654,0.9148756362634324,1.069657019007359
Oval,Female,1.1834852459155902,0.8690185757664259,0.8895894084820941,1.0236713383226888
Oval,Female,1.2137701633012308,0.8838973971833745,0.8830574467291795,0.9990497195071831
Oval,Female,1.2002175090852218,0.8744848764308927,0.8961362418195535,1.0247589935197374
Oval,Female,1.134479095234596,0.877728773572828,0.8827648993813535,1.005737678836739
Oval,Female,1.1732310540451296,0.8825652341272237,0.8857857663507187,1.003649058561297
Oval,Female,1.1611247326920664,0.8874134609175844,0.8959361936810293,1.0096040156463622
Oval,Female,1.2669900098700753,0.8898489877947067,0.8774093752766522,0.9860205352945522
Oval,Female,1.2207291733751646,0.8745081986433053,0.9113592214631702,1.0421391393208603
Oval,Female,1.1771890341475313,0.8663738755999043,0.882894485320018,1.0190686840697665
Oval,Female,1.1531352084547335,0.844830957223785,0.9336080971346625,1.1050827259012972
Oval,Male,1.2182850145477393,0.8775899846900241,0.8861887593376712,1.009798168618212
Oval,Female,1.2156777686791997,0.866774692973306,0.8892321944271173,1.0259092721971095
Oval,Female,1.2495963587767336,0.9121098736903652,0.8691617521412907,0.9529134342386758
Oval,Female,1.200575444591744,0.8895329158862904,0.88975421030518,1.0002487759755008
Oval,Female,1.2208635084869153,0.8679930194387127,0.9077931567972827,1.0458530615652954
Oval,Male,1.1828354347337424,0.8599758352370945,0.9206164869057272,1.0705143670134802
Oval,Female,1.2136077802219447,0.8856021403992849,0.8996328076301275,1.0158430818883486
Oval,Female,1.1690603522255802,0.8480221586505811,0.9197709660312161,1.0846072318379105
Oval,Female,1.2144874915495163,0.8414288240341381,0.9093729275539109,1.0807484858838354
Oval,Male,1.1783730527795677,0.8918731968362663,0.8773296692778858,0.983693278809173
Oval,Female,1.204634054593765,0.894893461837964,0.8797534029844268,0.9830817192222614
Oval,Female,1.1518861042753168,0.8782486522686069,0.8783769731300952,1.0001461099440994
Oval,Female,1.1364212326841943,0.8537692367336044,0.9321105678052789,1.0917593744316636
Oval,Male,1.1734072227356689,0.8589261824280094,0.9044726395460563,1.0530272077506082
Oval,Female,1.1909283984439232,0.8786895207292686,0.8703801134482261,0.99054340915077
Oval,Female,1.1890785756639644,0.8987547066183477,0.8821198492245081,0.981491215265587
Oval,Female,1.1151112921218902,0.8739785509870526,0.8785003213747866,1.0051737772999432
Oval,Female,1.2280053612441397,0.8690710585593829,0.8919799893980238,1.026360250537644
Oval,Female,1.2033111540797432,0.8928647763105106,0.8799890362309043,0.9855792944001986
Oval,Male,1.244074562329541,0.8423807465102481,0.9243396434913015,1.0972943616299238
Oval,Female,1.2278489408180338,0.8634772837255661,0.8993395033086115,1.0415323254693092
Oval,Female,1.1674136005224949,0.8742386895252109,0.8967090644765425,1.0257027917210289
Oval,Female,1.1597942521655866,0.8949404953667512,0.8613810575670381,0.9625009283036631
Oval,Female,1.1904144909891672,0.8782161086278603,0.8887224346398144,1.011963258141973
Oval,Female,1.1846638409176442,0.8936023294057125,0.8573214220742952,0.9593992695212132
Oval,Female,1.1970171027572731,0.8744214335125012,0.8780956638916847,1.0042018988080201
Oval,Male,1.2453511161003123,0.876757596200154,0.906535465448232,1.0339636284614293
Oval,Female,1.143806161892794,0.8680018559275047,0.8815746586325823,1.0156368360417551
Oval,Female,1.1818321501574323,0.888430410031651,0.8974710173958018,1.0101759319155101
Oval,Female,1.285330388805012,0.8797164045900678,0.8624503013258642,0.9803731029976083
Oval,Female,1.1647493888149285,0.881958904084052,0.8738761706743873,0.9908354761517386
Oval,Female,1.171317941455723,0.8602674103809786,0.9077085301801169,1.055146945271504
Oval,Male,1.1773472353251895,0.8673853810929811,0.907256879633726,1.0459674550780453
Oval,Male,1.1555653470785177,0.8667360711919222,0.8894426425647831,1.0261977920702379
Oval,Female,1.2042172941917813,0.876731214663404,0.878861550520178,1.002429861993213
Oval,Female,1.2228248052218604,0.8735041607932587,0.8803595239390454,1.007848117334165
Oval,Female,1.240226620014564,0.8741205680362883,0.8854757244518168,1.0129903777931204
Oval,Female,1.2096643147890256,0.8699387800443701,0.8959149544812246,1.029859772931987
Oval,Female,1.1732442035174706,0.8781027987602995,0.906771374610501,1.0326483139453326
Oval,Male,1.22908167497821,0.8597718801748235,0.9148781607554511,1.0640940717547338
Oval,Male,1.1887658140635808,0.8718938345136116,0.9074717409179258,1.0408053194046973
Oval,Female,1.1426072183232536,0.8763854290814019,0.8914828876791596,1.0172269621296446
Oval,Male,1.1911747724968413,0.8562726708552841,0.9127863554722886,1.0659996360278041
Oval,Female,1.2364061728118119,0.8765182891127038,0.9063709366407882,1.0340582140713848
Oval,Female,1.2326165178256931,0.8835744513274693,0.8999671200591303,1.0185526739790098
Oval,Female,1.1290969543918496,0.8839789633877957,0.9121021328389307,1.0318142971902349
Oval,Female,1.190659392006862,0.9018677620297567,0.8649588281228736,0.9590750047170825
Oval,Female,1.2198184606019975,0.8797419989389259,0.8989267144766525,1.021807206613832
Oval,Female,1.188467269979148,0.8738002180423365,0.894590114325335,1.0237925052588979
Oval,Female,1.2032621279252567,0.8932095537359187,0.891557583801077,0.9981505236616288
Oval,Male,1.241715777324327,0.8652706406826216,0.9226446737412439,1.0663076156303644
Oval,Female,1.2736811318030457,0.8738919733967923,0.9084696267916135,1.0395674230310399
Oval,Female,1.1389816856432313,0.86819997722721,0.9091996698757219,1.047223789131455
Oval,Female,1.2527945753955931,0.8757914179475393,0.8871381161352073,1.0129559367163696
Oval,Female,1.189492098775846,0.8630875157827225,0.9138220966402715,1.0587826610045894
Oval,Female,1.1339847823201104,0.8894446270668792,0.8994077061080087,1.0112014607069861
Oval,Male,1.2394030715892643,0.8811750295255639,0.9073905147835597,1.0297505993469998
Oval,Female,1.190909607812369,0.8786899152898062,0.8950387655841268,1.0186059382380965
Oval,Female,1.2171401653909888,0.8858767306998159,0.8884204993204255,1.0028714701859256
Oval,Female,1.188971197568069,0.8782615326542061,0.8626128042643498,0.9821821543947575
Oval,Female,1.1620845237938529,0.8814149228471424,0.9127746614084172,1.0355788604758096
Oval,Female,1.2018651385806987,0.8807457561967085,0.8707636704142736,0.988666325426829
Oval,Female,1.2359447653000293,0.8779975470985801,0.9003642290324165,1.025474651959734
Oval,Female,1.1567614799901211,0.888010403966303,0.8967233948981741,1.0098118117681443
Oval,Female,1.2164284957979568,0.8544649534383411,0.9083116702469146,1.0630180519305046
Oval,Female,1.2423304373509638,0.8813618791416273,0.9045852928787839,1.0263494647167792
Oval,Female,1.1318396252318688,0.8716078105055312,0.9001172508353453,1.0327090234692582
Oval,Female,1.1704994011607899,0.8823515792185257,0.8769705161888528,0.9939014524862768
Oval,Female,1.1899022065089289,0.8808790351061491,0.8828134889598368,1.0021960493740831
Oval,Female,1.2495214031750494,0.8852011809189873,0.8959072541190627,1.012094508492364
Oval,Female,1.2110692598243853,0.8629489508839153,0.913584227290928,1.0586770241219334
Oval,Female,1.190319947987906,0.8797065807128419,0.870607998508895,0.9896572534485598
Oval,Female,1.2537833550361506,0.8665091069637565,0.9075589610678945,1.0473738288198453
Oval,Female,1.180538057295039,0.8575849634313019,0.9049079434174732,1.055181681120931
Oval,Female,1.1565625997213687,0.8679992317745057,0.9220945796864513,1.0623218845497766
Oval,Female,1.1753183416263966,0.9086319589641909,0.8668827072259078,0.9540526267798506
Oval,Female,1.2504687530265022,0.8814915342576765,0.9004132773903754,1.0214655982472178
Oval,Female,1.1902869006762884,0.8676407779735575,0.9246293110259218,1.0656821745808969
Oval,Female,1.193562465570985,0.8961748634372245,0.8613099799530352,0.9610958922118534
Oval,Female,1.2037281359028305,0.8744917962715747,0.8891220909447888,1.0167300536558386
Oval,Female,1.229637757005935,0.871879399432431,0.9142239610336746,1.048566994046205
Oval,Female,1.1952886729999046,0.8599762618754635,0.9083015149142473,1.0561937057813602
Oval,Female,1.1833977249057956,0.8939501193060023,0.8821610749867428,0.9868124137301848
Oval,Female,1.2377613414775779,0.8851057302953607,0.8897836739427264,1.0052851806143033
Oval,Female,1.2028657020748705,0.84988521876724,0.9278610936907828,1.0917487128869556
Oval,Female,1.2468918778161446,0.8706819573449147,0.906025950688892,1.0405934601559408
Oval,Female,1.241631265468937,0.8564865359530224,0.8997144051954996,1.050471160290193
Oval,Female,1.220086609970011,0.8981345553566328,0.8601455227831971,0.9577022926610914
Oval,Female,1.1961005193036929,0.8799652635246322,0.8751513673174798,0.9945294474603796
Oval,Female,1.2333881643176143,0.8678807242056684,0.8912059330724201,1.0268760536052928
Oval,Female,1.1992502434945684,0.880255747237569,0.8959690294375199,1.0178508146629686
Oval,Female,1.218739547083561,0.8510421934675895,0.919331454393385,1.0802419215521495
Oval,Female,1.1905228905348086,0.9066707644288463,0.8816623625055259,0.972417328423428
Oval,Female,1.2183414659138831,0.882984212470407,0.8947383212584636,1.013311799488658
Oval,Female,1.135580026929782,0.8415355192722879,0.9079878291349667,1.0789655437481034
Oval,Female,1.279036976652475,0.88000888326964,0.9033862888916769,1.0265649654980515
Oval,Female,1.236864101353827,0.8643445084415988,0.9008865729911398,1.0422771987241821
Oval,Female,1.209964385651116,0.893001543781082,0.9076941626857941,1.0164530722337854
Oval,Female,1.2222344570746273,0.8643296344366225,0.9122227123745391,1.055410662818629
Oval,Female,1.1986933833998281,0.8576970345583648,0.9138831096499775,1.0655080673335235
Oval,Female,1.1691839579550085,0.8897835240640867,0.876431720320717,0.9849943234705164
Oval,Female,1.2320546595883033,0.8856936837134585,0.899137776790966,1.0151791678372826
Oval,Female,1.2203663752047722,0.8616715727282993,0.9089708999527518,1.054892523696342
Oval,Female,1.257535102221808,0.8789641957779156,0.8954217386262053,1.018723792080887
Oval,Female,1.2169867831211203,0.9044544620520822,0.8723970848326745,0.9645561180087785
Oval,Female,1.1759928545558826,0.8905559319956841,0.8802776053107224,0.9884585276278735
Oval,Female,1.1442944398333308,0.8809063826680049,0.8813444271245845,1.000497265617775
Oval,Female,1.2900514064358435,0.8844509870001416,0.8907516623371606,1.007123826452373
Oval,Female,1.1764749272271828,0.9027083908462858,0.8740691881031057,0.9682741369930871
Oval,Female,1.1884329620849086,0.8819190137515494,0.9004359349599246,1.0209961696251533
Oval,Female,1.2563260189835812,0.889242495205733,0.9023592470640047,1.0147504779955856
Oval,Female,1.128296003988818,0.845901761054155,0.9106473910911195,1.0765403655813164
Oval,Female,1.1927524816580952,0.8859770691299204,0.9014308437350894,1.0174426349661008
Oval,Female,1.2356425892760265,0.8839420776554866,0.8868496133276496,1.0032892830261853
Oval,Female,1.2075491044354554,0.8671767725471948,0.898839719962121,1.036512679325948
Oval,Female,1.198313591171066,0.8654797197151832,0.8994014824069729,1.0391941739581754
Oval,Female,1.1857272922292241,0.8801941915915498,0.8906443800561806,1.0118725942121194
Oval,Female,1.2222904863858335,0.8910265421193824,0.8836841059047527,0.9917595763228724
Oval,Female,1.1448504196370441,0.8812664655219313,0.8783016157311848,0.9966356943027549
Oval,Female,1.1790355186322345,0.887747108402166,0.916488477405019,1.0323756267193975
Oval,Female,1.2235854103160737,0.8612839000824719,0.911691089756858,1.0585256379105186
Oval,Female,1.2341660347972787,0.8699400959254681,0.8964557352686198,1.0304798450690373
Oval,Female,1.1880753488909168,0.895941888325834,0.8970624275478022,1.0012506829254988
Oval,Female,1.231552444523707,0.8722597744518192,0.9032883449629587,1.0355726257474613
Oval,Male,1.2130349737734791,0.8829725208660393,0.8732807739420444,0.9890237275849887
Oval,Female,1.2075313839114397,0.8499600554854205,0.9192971697938418,1.0815769092452494
Oval,Male,1.1254428893599726,0.8617718673385031,0.8770246342925355,1.017699309448496
Oval,Female,1.2104522547755594,0.8986880414083739,0.8770286466690818,0.9758988728665525
Oval,Male,1.144845149811167,0.8851616135804302,0.8905065375182896,1.006038359386417
Oval,Female,1.1323177091442838,0.8726346619476665,0.9018811172636354,1.0335151198907142
Oval,Female,1.1637490981848713,0.911648322405448,0.865093139451395,0.9489329582363363
Oval,Female,1.2633271865020033,0.877491256352253,0.900536325718591,1.0262624489982233
Oval,Female,1.1973581123812578,0.8634642837096672,0.8908580491582871,1.0317254181388131
Oval,Female,1.2456942299363245,0.8610184542918082,0.9189804278005064,1.0673179224205736
Oval,Female,1.2027688989038896,0.855411314260061,0.9183427575451875,1.073568635621289
Oval,Female,1.2163411886806037,0.8562815812032484,0.9041177699550043,1.0558650212755207
Oval,Female,1.2124610282476784,0.9057462435236351,0.8739818653981104,0.9649301574777155
Oval,Female,1.1994961477498076,0.8886453488579746,0.8707959846422236,0.9799139620336845
Oval,Female,1.115587675468281,0.8709791592546037,0.9004644977984294,1.033853093074075
Oval,Female,1.19686723793224,0.8778619668190141,0.8834899017700795,1.0064109565783543
Oval,Female,1.1471101466605556,0.8519557490046483,0.9109567774533033,1.0692536302708053
Oval,Female,1.1635959461315775,0.8672639915287708,0.9092339820967279,1.0483935583373807
Oval,Female,1.1903508806198921,0.8858191678381869,0.8655558073559106,0.9771247211417559
Oval,Female,1.2156567697200826,0.8903261072361347,0.8730261736146334,0.9805689921019995
Oval,Female,1.2444603232399711,0.8894334576184009,0.8688146524258725,0.9768180463463354
Oval,Female,1.2588054634251677,0.883849336210404,0.8803081674716512,0.9959934701609486
Oval,Female,1.211339599119782,0.8563322067850383,0.9212230753867117,1.0757776807733248
Oval,Female,1.2272869780421776,0.8622275350662906,0.9252141222866416,1.0730510041244603
Oval,Male,1.1930496753850914,0.8625565998660502,0.9106537708268232,1.0557611766790054
Oval,Female,1.220602583008023,0.8734847086088977,0.9060528723380599,1.0372853278462422
Oval,Female,1.1783140686766251,0.8671862641426162,0.9090875426345076,1.0483186602745824
Oval,Female,1.202983703071299,0.8982313678126712,0.8686699637467835,0.9670893211646858
Oval,Female,1.1954423967401013,0.9030850971532898,0.8745529683077821,0.9684059354589653
Oval,Female,1.2079228057179874,0.8841110507736482,0.8961481355093626,1.0136149013465914
Oval,Female,1.2190026272571983,0.8662179147130701,0.8875577051595852,1.0246355912109988
Oval,Male,1.1887658140635808,0.8718938345136116,0.9074717409179258,1.0408053194046973
Oval,Female,1.2255968365847842,0.8716694259874731,0.8983455503258645,1.0306034874495813
Oval,Female,1.1870403626463113,0.8533717765509732,0.9166192462056691,1.0741147895824723
Oval,Female,1.2191937495293195,0.877732435353598,0.8942337846644469,1.0187999766742142
Oval,Male,1.179912106151328,0.8400431993134568,0.907325359191993,1.0800936903405967
Oval,Female,1.2099298570367845,0.8891163016066831,0.8881709663240732,0.9989367698231361
Oval,Female,1.215611187811505,0.8713206854292791,0.8855717899491591,1.0163557513992207
Oval,Female,1.1703767821727977,0.8902168590994678,0.9106824138411183,1.0229894036856966
Oval,Female,1.2060586361036354,0.8863542348393915,0.8757761811146807,0.9880656589556122
Oval,Female,1.2244141084439906,0.873824232011847,0.8989584840799351,1.0287635100370476
Oval,Female,1.1526998240408872,0.8804720953771503,0.9004850548309622,1.022729805474686
Oval,Female,1.2264002209530263,0.8696775236269225,0.897435408259795,1.0319174451204745
Oval,Female,1.2340964212601016,0.8971980125105474,0.8869298665014369,0.9885553179276689
Oval,Female,1.2294085435850683,0.8944298731057183,0.8793811938687087,0.9831751155797646
Oval,Female,1.1471390502955519,0.8771749252913872,0.9085018518784537,1.035713431476236
Oval,Female,1.200784328669168,0.8808917586252615,0.9024669755046792,1.0244924721660338
Oval,Female,1.2011826346882148,0.8809398752333187,0.8912606428608651,1.0117156322669727
Oval,Male,1.209725669047911,0.8921226482478416,0.8790126902443457,0.9853047582311195
Oval,Female,1.2059157649674483,0.9057374859587267,0.8633248680720271,0.9531733879361239
Oval,Female,1.1577420624551997,0.8825371017044908,0.8737307092673409,0.9900215045688825
Oval,Female,1.1505541843686315,0.8707789255936235,0.9093135057833511,1.044253000454114
Oval,Male,1.199874174739351,0.8150724811928628,0.9576851592591293,1.1749693203450473
Oval,Female,1.2105167118912807,0.8578272900667397,0.9000136489771474,1.0491781497265324
Oval,Female,1.1918474592256034,0.8587733367270949,0.8867120637145799,1.0325332957983573
Oval,Female,1.1877027440522885,0.9109349975073305,0.8678187877861461,0.9526681817701954
Oval,Female,1.1536903416871,0.8464762237170761,0.9260104327808899,1.0939591766849168
Oval,Female,1.2109775370281695,0.8902595088776476,0.8696465667588565,0.9768461421492954
Oval,Female,1.1923943659234415,0.8892777794527279,0.8738944507144148,0.9827013233730184
Oval,Female,1.1943050609028623,0.883998015602786,0.8701740966459448,0.9843620475240379
Oval,Female,1.242879611351892,0.8577649938777677,0.9008776199941999,1.0502615826294441
Oval,Female,1.207005708028739,0.8755197836012236,0.8907090023538852,1.0173488012917133
Oval,Female,1.1981930572313617,0.8791130739037573,0.9158932951778468,1.0418378731540923
Oval,Female,1.2171403914863377,0.8889970838956597,0.8923236770226399,1.0037419617985728
Oval,Female,1.1626801461795793,0.8270475600624836,0.9458175890803129,1.1436072539877347
Oval,Female,1.178944739713659,0.8890993522622903,0.9153653029271506,1.029542199753073
Oval,Female,1.2419508055093584,0.8765887714192625,0.8993381128046597,1.0259521250181705
Oval,Female,1.2511588946257444,0.8655510479573761,0.909558717767003,1.0508435290021092
Oval,Male,1.2304304800921106,0.8713391492874291,0.9111273796845638,1.0456633108126419
Oval,Female,1.2029827993206264,0.877298828356792,0.8989571385502647,1.0246874947206295
Oval,Female,1.2003359970302563,0.8889408094976613,0.8679106454906096,0.9763424473459196
Oval,Female,1.1776957825165666,0.8957889159185343,0.8640043056442228,0.9645177455207516
Oval,Female,1.1484799082280728,0.8599352423460779,0.9070795158053386,1.0548230507807095
Oval,Female,1.156188450852862,0.8801302246379832,0.9000982048581696,1.0226875292555708
Oval,Female,1.2471949525181407,0.8857524069837084,0.8939461374636656,1.009250587879134
Oval,Female,1.1383553823104768,0.8817471742421388,0.8840035073352654,1.002558934305705
Oval,Female,1.18090948351479,0.8665037283265707,0.9081333024463567,1.0480431563753139
Oval,Female,1.1808345763859693,0.8532482333325858,0.9111385257854382,1.067846952611606
Oval,Female,1.2029859609199214,0.8802212624128112,0.9052089046339141,1.0283879102767959
Oval,Female,1.230663751571386,0.8616825911133974,0.9059944543071805,1.05142480961177
Oval,Female,1.2083291855243994,0.8837248315010985,0.8850555951464761,1.0015058574772842
Oval,Male,1.2053508379100595,0.8810176697003428,0.9123272310421505,1.035537949372181
Oval,Female,1.2233213781359304,0.8925890119833508,0.8647621016830407,0.9688244982553862
Oval,Female,1.19947603850458,0.8495531493921191,0.9017850792045391,1.0614816505003761
Oval,Female,1.2493065847758944,0.8946516388732474,0.8902333884317192,0.9950614851082229
Oval,Female,1.1932349270974314,0.8864990514229041,0.8838783394339402,0.9970437509383034
Oval,Female,1.185914600278332,0.8796729181309292,0.8764993201453476,0.9963922977277456
Oval,Female,1.1925385396695467,0.8790058405242241,0.8936371951291815,1.0166453440129948
Oval,Female,1.1884292993812913,0.9012383315724366,0.8622217535883598,0.9567078134415316
Oval,Male,1.2572581288015112,0.8936061691664593,0.8713402026932977,0.9750830206399191
Oval,Male,1.1802904352920094,0.8777711149515814,0.8984975039329552,1.023612521109808
Oval,Female,1.2309322326659617,0.870517938597361,0.8993548145909417,1.0331261134492469
Oval,Female,1.2170642988742435,0.8869366369776817,0.8935911744645212,1.0075028330203109
Oval,Female,1.194998256219345,0.8578476392854788,0.9148241081953549,1.0664179351910708
Oval,Female,1.2153586967890937,0.8797596958912516,0.8941882664977088,1.016400581515433
Oval,Female,1.202708905185359,0.8716360985849337,0.9057658176153603,1.0391559265223582
Oval,Female,1.2446194377590412,0.9055929113278266,0.8632657640233682,0.9532602930356465
Oval,Female,1.139946338247383,0.8422437487295242,0.9183426415568747,1.0903525766052182
Oval,Female,1.2249503663693182,0.8831076459573242,0.8811773027767981,0.9978141473586343
Oval,Female,1.264489185645756,0.896118047954353,0.8770715912845597,0.9787455941622063
Oval,Male,1.22480452163681,0.8710930061034543,0.9084544285958858,1.042890279488703
Oval,Female,1.20810124461474,0.865815226273121,0.906891780398325,1.0474426331147084
Oval,Female,1.1831431383129787,0.8883057348991624,0.8855399831019716,0.9968864866131875
Oval,Female,1.1843321386437666,0.8597350317807024,0.8851939237986154,1.0296124864950331
Oval,Female,1.1512780021256033,0.8683728952039506,0.8824336713829308,1.0161920947287029
Oval,Female,1.2066884018917146,0.8802677548298234,0.8745538558369768,0.9935089079868075
Oval,Female,1.194834639430066,0.8638819830330032,0.9092591075621936,1.0525269949141385
Oval,Female,1.187031558264382,0.8671004457151729,0.8859321353302466,1.0217180024622656
Oval,Female,1.2150498340862597,0.8840652934409468,0.8934346476832228,1.0105980342309433
Oval,Female,1.2238319205870951,0.8830352163021713,0.8914879199456971,1.0095723290390644
Oval,Female,1.1983814435733136,0.8973700148576265,0.8775954495728844,0.9779638666800344
Oval,Female,1.1988930869075143,0.8803171036616032,0.8906547654383626,1.0117431113558522
Oval,Female,1.16494601016491,0.8977578356528574,0.8836947572011782,0.98433533198688
Oval,Female,1.1744833997496158,0.8795460932331775,0.9055910531864824,1.0296118192709658
Oval,Female,1.1598173770920273,0.8491303593909222,0.9241313845505941,1.0883268679893507
Oval,Male,1.188618005485778,0.8570811893173322,0.890765383018977,1.0393010535308496
Oval,Female,1.2114522799638978,0.8350554720019483,0.9150142434656344,1.0957526465541196
Oval,Female,1.148789663437314,0.86408394874933,0.9176155416110923,1.0619518426875578
Oval,Female,1.1188077006117605,0.8875051831111703,0.8845058300886977,0.9966204670355182
Oval,Female,1.1568504120399146,0.8495239150931468,0.907360125747473,1.0680807327807655
Oval,Female,1.1740292999008968,0.870649445183185,0.8835406700778629,1.0148064470333011
Oval,Female,1.1571793778689605,0.8566299653707816,0.9153380454877521,1.0685337689436996
Oval,Female,1.182566137265122,0.8566383688742725,0.9083851242048805,1.0604067681425589
Oval,Female,1.1840655949526746,0.8527674566846999,0.9134773795537408,1.0711916506582726
Oval,Female,1.213088417135835,0.868105901132693,0.8938651324022003,1.0296729134497267
Oval,Female,1.1838036915979329,0.8588518982614134,0.9168289466875539,1.0675052922902124
Oval,Female,1.2167516962527838,0.8789965353312198,0.9137286414170576,1.0395133594841193
Oval,Female,1.1921226515291128,0.8908929669828188,0.8869057102126673,0.9955244267067737
Oval,Female,1.1597415250700254,0.8533750429257615,0.9070572985825751,1.0629058186102633
Oval,Female,1.173372647839627,0.8854311356874126,0.8859985601398658,1.000640845379819
Oval,Female,1.1941257143590311,0.881657997291244,0.8970676727817353,1.017478064666611
Oval,Female,1.1568835016367496,0.896081441605595,0.8885195117509637,0.9915611131940397
Oval,Female,1.1784905568200819,0.8591537543539373,0.9146347835621067,1.0645763682309575
Oval,Male,1.1657534573355721,0.8755091295959108,0.8873896232759197,1.0135698112999603
Oval,Female,1.1957850113072503,0.850770789748515,0.9168383745803915,1.077656150902179
Oval,Female,1.132594357898482,0.8599549864032737,0.8953476261730894,1.0411563864730222
Oval,Female,1.191906277006939,0.854890359646276,0.9042699064543058,1.0577612628927777
Oval,Female,1.0977589483260948,0.8723349006029469,0.9104716604875511,1.043718026022167
Oval,Female,1.1544830153672663,0.8672071232101677,0.881072579448448,1.0159886327812369
Oval,Female,1.211664984130057,0.8539291028890778,0.8947038871526508,1.0477496130833588
Oval,Female,1.176433698406715,0.8696847567223274,0.896626693988286,1.0309789691698146
Oval,Female,1.1560307039662836,0.8651495858007189,0.890829605568838,1.0296827510405053
Oval,Female,1.2360990553081461,0.8741654803324502,0.9055029980354193,1.0358484959747567
Oval,Female,1.1993302006315703,0.895279089776629,0.8789054640445553,0.9817111491611417
Oval,Female,1.155570369508706,0.8856662314656859,0.8902108649838861,1.0051313162416493
Oval,Female,1.1712482122689807,0.8514113678568516,0.9035760365948037,1.06126846634578
Oval,Female,1.1584990946276916,0.8658126907325345,0.8913775006907525,1.0295269522286494
Oval,Female,1.2094421862371891,0.895560928077425,0.8794573605901476,0.9820184568325816
Oval,Female,1.1977219262689247,0.8620568383322851,0.9086764790734347,1.0540795440255877
Oval,Female,1.1555148741632084,0.8617935551942668,0.9121693836921971,1.0584546359093792
Oval,Female,1.1596799542837035,0.8670258497702769,0.8899214384179911,1.0264070427124872
Oval,Female,1.2353665535050073,0.859801953025163,0.900076845199238,1.0468420570950905
Oval,Female,1.1485066206922632,0.8628795855255209,0.8940867108595016,1.0361662575606938
Oval,Female,1.2141363239033995,0.8637423539365208,0.8991674074981387,1.0410134496706889
Oval,Female,1.2268213833053812,0.8935622337148081,0.8706078436149135,0.9743113694448945
Oval,Female,1.2071777555166248,0.9016264275924745,0.8910141196513799,0.988229817121231
Oval,Female,1.2209385735958085,0.9014181934798688,0.8723682478405473,0.9677730648777169
Oval,Female,1.1352032569333605,0.8529823036750633,0.9278288152762278,1.0877468515802604
Oval,Female,1.1713765781629715,0.8832107636571757,0.8813535783966066,0.9978972343442929
Oval,Female,1.2060514600349774,0.8929676592254577,0.904726063351775,1.0131677827352854
Oval,Female,1.1879260163810612,0.8807967292422894,0.8861793135234961,1.006111040269004
Oval,Female,1.1478986291668647,0.854585390511338,0.8976060538107223,1.050340976778977
Oval,Female,1.1942286494944194,0.8972098306145705,0.8791868147367257,0.9799121506888757
Oval,Female,1.2059850500803404,0.8736228779207735,0.8770023511791045,1.0038683433592928
Oval,Male,1.1898216633859815,0.8493284726591124,0.9224834179492076,1.0861326891126806
Oval,Female,1.1451525264700297,0.8633639944059861,0.9315596912159313,1.0789883493541623
Oval,Female,1.1541307445498683,0.833847006885763,0.930343944505342,1.1157249913026301
Oval,Female,1.1895432224922744,0.8509548300738237,0.9078565845096879,1.066868125574806
Oval,Female,1.1080308517328403,0.8577826453792027,0.9085969206704537,1.0592391039443185
Oval,Female,1.1995493011621536,0.8954276831343299,0.8706343750562495,0.9723112111172456
Oval,Female,1.160575548517033,0.8773438045304713,0.8795339053478121,1.002496285727478
Oval,Female,1.1752916555279351,0.8926545135200349,0.8771087241512765,0.9825847636086483
Oval,Female,1.1364753309915407,0.8464944476122894,0.9216700254828659,1.0888081169139674
Oval,Female,1.1514619311433032,0.8762594601853437,0.9004136873894143,1.027565154274011
Oval,Female,1.2247018075982445,0.8655794036897275,0.8985012199714092,1.0380344265833326
Oval,Female,1.133850203908978,0.8420234264234849,0.9072327158237107,1.0774435572145586
Oval,Female,1.2115230416042064,0.8697029673573905,0.8800895628114493,1.0119426929007942
Oval,Female,1.207810399291913,0.8809591752771307,0.8819826760079053,1.0011618026799625
Oval,Female,1.2314661605719388,0.8770165415521786,0.9025336158839596,1.0290953170468369
Oval,Female,1.160460731701609,0.8485237014893497,0.919899693398507,1.0841178529060254
Oval,Female,1.1713307395087362,0.8853417086263802,0.8823219144700549,0.9965891201929135
Oval,Male,1.191485380877337,0.8971022624641722,0.8890595676231888,0.9910348070922353
Oval,Female,1.2115595330019542,0.852157534592968,0.9160412423083599,1.0749670162171434
Oval,Male,1.1916090911628598,0.8893412650210448,0.8871504135137861,0.9975365457632208
Oval,Female,1.173372647839627,0.8854311356874126,0.8859985601398658,1.000640845379819
Oval,Female,1.243560899857724,0.8728850928186046,0.8836035495506375,1.0122793444637967
Oval,Female,1.1678699488946058,0.8720035990348025,0.8930213497680708,1.0241028256724312
Oval,Female,1.1851223999113711,0.8713992628387462,0.8774547163299011,1.0069491147736664
Oval,Female,1.2304837281541423,0.8990499779443422,0.8815885587612944,0.980577921571198
Oval,Female,1.1959226893296955,0.889702688404233,0.889275162644032,0.9995194734535782
Oval,Female,1.1690919857761572,0.8721923026622821,0.8982619464882753,1.029889788922028
Oval,Female,1.241921209631001,0.8624591222284155,0.9035172679307363,1.047605903449934
Oval,Female,1.15073456096493,0.8709774675434557,0.9065496754063184,1.0408417085268487
Oval,Female,1.2192549258967902,0.8885942704421237,0.8888470766209243,1.000284501247881
Oval,Female,1.164174126746377,0.8635844869671585,0.9149466051952405,1.0594754989271076
Oval,Female,1.221907783144605,0.8742733074221594,0.9090390669881905,1.039765321977563
Oval,Female,1.2152893531525872,0.8624542150564447,0.9053595181198101,1.0497479197322461
Oval,Female,1.2174999828282569,0.857953123714956,0.8995830245553837,1.0485223489369317
Oval,Female,1.2395411293085359,0.8964435610821585,0.8896676486647166,0.9924413396318423
Oval,Female,1.1570193568565157,0.864042175183862,0.9271189984064042,1.0730020189224212
Oval,Female,1.1682824707299193,0.8636126812873902,0.9090072308873598,1.052563551443339
Oval,Female,1.2323011090066334,0.8790658890131874,0.885728029174754,1.0075786584883248
Oval,Female,1.1381221442957026,0.8760582553681168,0.8832656560800856,1.0082270792699057
Oval,Female,1.1939077819055797,0.8948641028737688,0.8784534213507912,0.9816612584298818
Oval,Female,1.2058700148103252,0.8639400350252235,0.8914851851563967,1.0318831736167535
Oval,Male,1.2056127918494755,0.8770608686524185,0.9018529530384899,1.0282672335207061
Oval,Female,1.232244383404395,0.8721706591453794,0.890834220730329,1.0213989789604223
Oval,Female,1.1885890828105352,0.8507880401178629,0.9477876775539948,1.1140115197466742
Oval,Female,1.1763650904618848,0.8592025836887193,0.8935658223767957,1.0399943381694088
Oval,Female,1.2352019093273217,0.8790897992617105,0.8820092469758448,1.003320989182887
Oval,Female,1.172373481870051,0.890415923266632,0.8918366492672974,1.0015955756894523
Oval,Female,1.1742815569050338,0.8556015902269868,0.9118302158393872,1.0657182341111395
Oval,Female,1.1696273572453224,0.8692301088441405,0.881193952698231,1.0137637246252311
Oval,Female,1.2111520948309638,0.8685952933589259,0.8956627279499119,1.0311623086124655
Oval,Female,1.1586382471298204,0.8615057530751116,0.9102548328369691,1.0565859015889905
Oval,Female,1.1101124785938565,0.8830434348766746,0.8842317577830563,1.0013457128601468
Oval,Female,1.1259922253857269,0.8600031662588589,0.8971262035219991,1.043166163474294
Oval,Female,1.1384922997847717,0.8517182881647405,0.9243950016001672,1.0853295208583915
Oval,Female,1.1807605091431659,0.8411099064716189,0.9319819934106177,1.1080383030086984
Oval,Female,1.2311866577107473,0.8701049595682083,0.8842606863542578,1.0162689875863646
Oval,Female,1.1947831464525727,0.8827586358962293,0.8837661903236798,1.0011413702301848
Oval,Male,1.2013468080466312,0.9044031207780364,0.873044145549514,0.9653263301418675
Oval,Male,1.2095065698573482,0.8654276079471915,0.9141301744075669,1.0562757254484851
Oval,Female,1.2266798874975386,0.8796438242641832,0.896516126764565,1.0191808343729298
Oval,Female,1.1515753722222943,0.8903367825510825,0.8808929268359594,0.9893929399523812
Oval,Female,1.199415935623759,0.8675461430948969,0.9017740682751085,1.0394537229548464
Oval,Female,1.207581420737311,0.866819717922278,0.9009522744262844,1.0393767652007506
Oval,Female,1.207911807251958,0.8784109560430245,0.8906462956506225,1.0139289469506556
Oval,Female,1.2247781823191897,0.8516696799622675,0.9014533527839741,1.0584542035404056
Oval,Female,1.2111216668883678,0.8892617361753063,0.8926833214751779,1.003847669545063
Oval,Female,1.1825508552530173,0.8741447156379853,0.8882166680178344,1.0160979665358714
Oval,Female,1.2010979221884046,0.8838753062561909,0.8958608287977731,1.0135601961687888
Oval,Female,1.2118188781297088,0.8882633838771747,0.8844622324394452,0.9957206933138031
Oval,Female,1.2016935669239757,0.8914156606405964,0.8660713904898445,0.9715685159350478
Oval,Female,1.1829368562025384,0.9013945303905245,0.8776653775314615,0.9736750645149992
Oval,Female,1.179939709804733,0.8688069451836489,0.908031605759036,1.0451477290701168
Oval,Female,1.2271376547340107,0.8743963918542413,0.8945181942150215,1.0230122202564331
Oval,Female,1.1582169358528345,0.8722594230276087,0.897000843425941,1.0283647499186135
Oval,Female,1.2628941242700016,0.8563429136174308,0.9388753123595466,1.096377744744189
Oval,Female,1.1744036992665883,0.8810683516231632,0.8831534005059802,1.0023665007135665
Oval,Female,1.1914118054366778,0.8704479949666788,0.8698723641015985,0.9993386958572956
Oval,Female,1.2719689392581879,0.8486117491776164,0.9489962395396903,1.1182926001900821
Oval,Female,1.2592076062676785,0.87181163573447,0.8991532815808051,1.031361873053347
Oval,Male,1.2016209962610624,0.8914336909058239,0.8868445096323839,0.9948519095472187
Oval,Female,1.2150660079380513,0.8933489969064486,0.8708621629422346,0.9748286122869303
Oval,Female,1.1975217036355097,0.8941399323613483,0.8733691452579337,0.97677009341417
Oval,Female,1.1971414187952913,0.9041622854952863,0.8828274897950277,0.9764037982533502
Oval,Female,1.1791805561912148,0.8622157174085378,0.8992698644273514,1.042975494729072
Oval,Female,1.2203948744212727,0.8840504600550736,0.8969599487495247,1.0146026604563352
Oval,Female,1.2159043854200822,0.8678996059366156,0.9019252284265153,1.0392045603629236
Oval,Female,1.137370215364685,0.8916066503163459,0.8708832946095004,0.9767572889911793
Oval,Female,1.2038099803543756,0.8650950927500068,0.8909202673092467,1.0298524113426022
Oval,Female,1.1971459645988285,0.8624913657965956,0.8752559711689919,1.0147996906155772
Oval,Female,1.1750123063454152,0.8645256154972363,0.9035642144074579,1.0451560927871042
Oval,Male,1.1822268960469828,0.8943818776432597,0.8630606471420187,0.9649800255526487
Oval,Female,1.2096084900723576,0.904902439778423,0.8718795356379261,0.9635066691293451
Oval,Female,1.2312197087317052,0.89200856174896,0.8682502579148837,0.9733653858798246
Oval,Male,1.1991910849905782,0.8732247463859087,0.8883552668596633,1.017327177838668
Oval,Female,1.203714736878065,0.871204159975144,0.9099686727167554,1.0444953255764038
Oval,Female,1.1564805606469082,0.8709805613957441,0.9028044274088745,1.0365379750406056
Oval,Female,1.2429140939731222,0.868698033646904,0.904061365169474,1.0407084281912211
Oval,Female,1.178782266506658,0.8958207218240429,0.8545570647853323,0.9539375948407502
Oval,Male,1.1689637409237323,0.8968985729964395,0.88777302126618,0.989825436225445
Oval,Female,1.1965486728934625,0.888007652681599,0.8769170903311804,0.9875107356148031
Oval,Female,1.1963128844918498,0.8672541353706179,0.8899858651541258,1.0262111517909265
Oval,Female,1.185177088089102,0.8630029783179949,0.884883536352631,1.0253539774303926
Oval,Male,1.2028414127219147,0.8779938703259123,0.8791728940174532,1.0013428609599555
Oval,Male,1.186894963884507,0.8565632949232562,0.9019129242235462,1.0529436990460268
Oval,Male,1.2054542139523676,0.8761751667436896,0.8893448575559917,1.0150308880143766
Oval,Female,1.189119293894921,0.8750859264669376,0.890713326143747,1.017858131646458
Oval,Female,1.1792447687866772,0.8979322798248005,0.8908170672808594,0.9920760031643707
Oval,Female,1.1557433888686814,0.8642742709843371,0.9313436132591526,1.0776019193518618
Oval,Female,1.253618094768475,0.8842550132247547,0.882877462404647,0.9984421340003672
Oval,Female,1.182069276623463,0.8866894659468523,0.873314588517067,0.9849159396345113
Oval,Female,1.211766735397173,0.8816717603496654,0.8651214089257481,0.9812284433184595
Oval,Female,1.1589572836767963,0.8714524773104078,0.8865618394704093,1.0173381366780139
Oval,Female,1.1913924451172044,0.8719766026846668,0.8975693440533724,1.0293502615665489
Oval,Female,1.2393816479411315,0.9015442344329265,0.8812519114209391,0.9774915947138729
Oval,Female,1.2329944996262245,0.8732777775571785,0.8896806018968872,1.0187830547865222
Oval,Female,1.1847064804112097,0.8930852366822993,0.8631253415319202,0.9664534873942421
Oval,Female,1.1741503446977348,0.8707177545167009,0.9040823313873217,1.038318475415883
Oval,Male,1.1656988843345528,0.8807940043209839,0.8592693803580649,0.9755622496777636
Oval,Female,1.1495936966130647,0.8575492952070277,0.9466171961751985,1.1038633014638164
Oval,Female,1.2513442986807255,0.8629093265958914,0.9107409043724842,1.055430595431486
Oval,Female,1.2083578298449595,0.903124352446148,0.8854023787160638,0.9803770392392991
Oval,Female,1.2424619898700164,0.9045303321120253,0.8733659173178293,0.9655463021108105
Oval,Female,1.241247539780706,0.8557264249493373,0.9219602682971789,1.0774007222597608
Oval,Male,1.2279183857691223,0.8665550172148977,0.9080061604286476,1.0478344044986014
Oval,Male,1.2339197810100755,0.8534444844143865,0.8903853643072662,1.0432844556002114
Oval,Female,1.2189933605499792,0.8758359623864592,0.8883899138734783,1.0143336789377915
Oval,Female,1.221849512376229,0.8877480293374044,0.8899894979823654,1.002524892842211
Oval,Female,1.275329417739354,0.87862728672677,0.882826470245005,1.0047792546187344
Oval,Female,1.13056762122112,0.8736588381143475,0.9008718082259295,1.0311482799971632
Oval,Female,1.2098440875740362,0.8457115348055245,0.9069440210528973,1.0724035131688885
Oval,Female,1.1594208080624975,0.864827893416639,0.9068281428083843,1.0485648644215402
Oval,Female,1.205668856217543,0.888485574568279,0.8954425662734199,1.007830168439731
Oval,Female,1.214957321599719,0.8921023451044705,0.8907610411541431,0.9984964685299977
Oval,Female,1.1946418492136621,0.8714238145383478,0.8957914401060058,1.0279630016544443
Oval,Female,1.1854268076654915,0.8762629368145307,0.898465662236923,1.025337971617407
Oval,Female,1.1453359261328662,0.8592127966420446,0.9199318540320601,1.0706682414732605
Oval,Female,1.2402869708161344,0.878659918822818,0.8896164824976389,1.012469629534826
Oval,Female,1.222996350806337,0.872744154094314,0.9040297944241669,1.0358474361393109
Oval,Female,1.2321955371262305,0.8827301652145509,0.8911131438910186,1.0094966491537425
Oval,Male,1.210328938193534,0.9001344965819202,0.8780419187565038,0.9754563591226549
Oval,Female,1.2105640286269104,0.8874888797522487,0.8798535245969297,0.9913966751251571
Oval,Female,1.186744358058435,0.9008682111183921,0.8819888546552174,0.9790431538929132
Oval,Female,1.1905197837916872,0.8626836967126332,0.9022230238145057,1.0458329365125854
Oval,Female,1.209522622277494,0.8620590320514757,0.9146216646690316,1.0609733564213932
Oval,Female,1.1734106399376454,0.8918717805952883,0.9017598028647565,1.0110868204203842
Oval,Female,1.1925529062413704,0.9039962260072463,0.8867272876318304,0.9808971123124164
Oval,Female,1.2220702840339293,0.8505988302497555,0.9144230443714808,1.0750344484990475
Oval,Female,1.2315092175217046,0.873671128359382,0.8997284055512917,1.0298250409634588
Oval,Female,1.3045199349195002,0.8681615586096247,0.8980005864443583,1.0343703629109324
Oval,Female,1.2177540779154425,0.8948903439232947,0.8959816003693185,1.0012194303508066
Oval,Female,1.227595917028298,0.8852561810117676,0.8979967305277133,1.0143919351134996
Oval,Female,1.1908187025516097,0.8612315724733394,0.9179265106201564,1.0658300739997222
Oval,Female,1.198189980907967,0.8944507706566794,0.8937633478135966,0.9992314581577495
Oval,Male,1.2375408204464493,0.8611331775247689,0.9109351364365411,1.0578330509282226
Oval,Female,1.212878262321501,0.8631703258576301,0.9142156917446562,1.059137072206819
Oval,Female,1.2381883820646307,0.8663046065153066,0.8914214471436108,1.0289930821554052
Oval,Female,1.234403916030285,0.859961126108552,0.9100345472478829,1.058227540314433
Oval,Female,1.1911987956268302,0.8563849190576298,0.9018205911025148,1.0530551987006993
Oval,Female,1.2101009046773097,0.8646220217808611,0.910245708941901,1.0527672046417103
Oval,Female,1.167872877753283,0.8622930513410405,0.9037261222213857,1.0480498721587845
Oval,Female,1.157817437860869,0.8757880960156015,0.8977022441899195,1.025022203743139
Oval,Male,1.2203078582969267,0.8808381497588362,0.8859841169667851,1.0058421257178267
Oval,Male,1.1992540361300128,0.8802830640453029,0.9152468661902597,1.03971881724531
Oval,Male,1.2067554548057169,0.8791892161316831,0.8961455674466365,1.0192863504281355
Oval,Female,1.179130863052188,0.8852352126643004,0.8855549527285446,1.0003611922115951
Oval,Female,1.1893464039902877,0.8698909242317823,0.8955300394505294,1.0294739426571091
Oval,Female,1.1967794347841192,0.8608757003758816,0.9094385036121675,1.0564109350688864
Oval,Male,1.1689363796113057,0.8662452844997354,0.9153286911696917,1.056662249767169
Oval,Male,1.1496140435978952,0.8621559061856566,0.9028142296656729,1.0471588992064051
Oval,Female,1.1971337971989715,0.9005224398787313,0.8826477301956456,0.9801507337390807
Oval,Female,1.174184125259106,0.8688443769004988,0.9042712746409294,1.0407747332920678
Oval,Female,1.1910294159618562,0.8590132741585436,0.8974095626760519,1.0446981317664967
Oval,Female,1.1901164022222916,0.8887886754731157,0.902467804964837,1.0153907558334265
Oval,Male,1.1999106212873665,0.8701184165431403,0.9042515847042953,1.0392281872354356
Oval,Male,1.1907689335470668,0.8777326427269698,0.8976588190264151,1.022701874499663
Oval,Female,1.1797224459463371,0.895104853850618,0.8717229605885202,0.9738780399173212
Oval,Male,1.1366056448762918,0.864072113342154,0.9133427934467917,1.0570214908499513
Oval,Male,1.1405819714939915,0.8762075145805386,0.9062589942312554,1.034297217440669
Oval,Female,1.1954271712162723,0.8808633167205461,0.8913311926592269,1.0118836552050468
Oval,Female,1.209009399827553,0.8799282646519037,0.9127580699020046,1.037309638261351
Oval,Female,1.1707743170258655,0.8680329219323509,0.9021333265241777,1.0392846903962063
Oval,Female,1.1858655511401581,0.8809001583125707,0.8954009375992146,1.0164613198780905
Oval,Female,1.1613623559651327,0.8652023452553894,0.903931043368404,1.0447625903066442
Oval,Female,1.1910574351017627,0.8876453831562185,0.9016096011595045,1.0157317530944994
Oval,Female,1.2071579777818595,0.9048718096314001,0.9114747120262012,1.007297058350719
Oval,Female,1.1661216570970383,0.859559166572893,0.8986530686809348,1.0454813393054851
Oval,Female,1.193389672076109,0.853881089210142,0.9156558593417905,1.0723458698315844
Oval,Female,1.1649649630512258,0.8468271210252085,0.9067940819652283,1.0708136991023869
Oval,Female,1.1686279249582299,0.8694484963001728,0.8965397808365552,1.0311591596876248
Oval,Female,1.2119428503348937,0.8404701801746138,0.9102664512062398,1.0830443157627856
Oval,Female,1.14558883923441,0.8661565259468336,0.8883599378174412,1.0256344104159882
Oval,Female,1.1889849154585879,0.8687070724425907,0.9101602231938283,1.047718214880744
Oval,Female,1.1531131587843557,0.8917615163040136,0.9051933952461956,1.0150621872514207
Oval,Female,1.16030507818955,0.8653081673701508,0.9309482945370908,1.0758575148625187
Oval,Female,1.1632295212480352,0.881304379176662,0.889840770825543,1.0096860878608773
Oval,Male,1.1845159754797556,0.8429890415776408,0.9304050545261595,1.1036976860160852
Oval,Female,1.1466912740968513,0.8575494748743786,0.9053404389285027,1.0557296872709587
Oval,Male,1.1879701559587557,0.8591814292576959,0.917556989682611,1.0679432287955173
Oval,Female,1.1802921907955557,0.8563988235890648,0.912589005212664,1.0656121658225928
Oval,Female,1.1894127108583743,0.856912369402388,0.9288150398594688,1.0839090121983253
Oval,Female,1.1932427128212446,0.8698705608273054,0.8973570243050333,1.0315983374027353
Oval,Female,1.2360053878157617,0.8614440251089419,0.9042119914842383,1.0496468315162877
Oval,Female,1.189360282684061,0.88607937974327,0.8970341176414374,1.0123631563363336
Oval,Female,1.1715719945969625,0.905951412136984,0.8780813502775584,0.9692366925134704
Oval,Female,1.1913831574021703,0.8596354038365954,0.907681667830733,1.0558914439536864
Oval,Female,1.2230508653187513,0.8799201682633485,0.8897515801073996,1.0111730725111743
Oval,Female,1.1358734216228188,0.8618236174655959,0.9115890580747366,1.0577443453632522
Oval,Male,1.2165043303344707,0.8524033731553293,0.9147555874852744,1.073148718427916
Oval,Female,1.2095711674770488,0.876120914751858,0.8829536097940042,1.0077988037120211
Oval,Female,1.1606932079267618,0.8600576884065962,0.911941407622036,1.0603258594334097
Oval,Female,1.2100864500012263,0.87610641529239,0.8962309387336742,1.02297040986119
Oval,Female,1.228508585336542,0.9019956348613448,0.8735428358364942,0.9684557242572194
Oval,Female,1.1881076670622104,0.863850004413484,0.8986415895535649,1.0402750303436101
Oval,Female,1.1622155572200452,0.8790583520043057,0.9041305037800366,1.0285216012322331
Oval,Male,1.1579439177983613,0.8756965225158071,0.8937515887903512,1.020617949038639
Oval,Female,1.2155677108785887,0.8783793873784632,0.8772569139102487,0.9987221085964181
Oval,Female,1.1904864515004165,0.8816362795020203,0.9035307968914359,1.0248339569258451
Oval,Female,1.2269004442769416,0.8828313797637592,0.8841248135107264,1.0014650971596788
Oval,Female,1.1413735593271306,0.8808379276780254,0.8759367087923026,0.9944357313284148
Oval,Female,1.1653891307843194,0.8886467694059683,0.8714179502434994,0.9806122975341645
Oval,Female,1.2560060209538833,0.8819686905288247,0.887868046413062,1.006688849556213
Oval,Female,1.233092374336699,0.8467702088086276,0.9140286047570076,1.079429336611889
Oval,Female,1.2485940880207076,0.8595955831827327,0.895670037215586,1.0419667745374916
Oval,Female,1.240809399917488,0.8706802397262423,0.8935024996470011,1.0262119879141103
Oval,Female,1.216689107219872,0.8820340323512564,0.9027529519317923,1.0234899321574986
Oval,Female,1.16596056476357,0.8891540282811363,0.8742671324384561,0.9832572362389689
Oval,Female,1.1816047809960433,0.88990740371099,0.8906206806155216,1.000801518114758
Oval,Male,1.192324581280829,0.8821841985486673,0.8706334289420755,0.9869066237803912
Oval,Female,1.2549953544058308,0.8575894094340433,0.9195461468740075,1.0722452221988747
Oval,Female,1.1475353196129299,0.8508739762261917,0.9102634965770752,1.0697982568632416
Oval,Male,1.1796114108619247,0.8785305191141993,0.899826958457178,1.024240978406136
Oval,Female,1.220524010463831,0.8608428589127397,0.9299949159592233,1.0803306391294503
Oval,Female,1.194132780012347,0.9009809539893469,0.8714596302392088,0.9672342421674686
Oval,Female,1.1747783826616718,0.8829764202093378,0.897417928258128,1.0163554855127008
Oval,Female,1.1982804585658982,0.8765175056008766,0.8928171641948427,1.0185959304746484
Oval,Female,1.2168943058959587,0.8914709073829838,0.8716917637412871,0.977812911809135
Oval,Female,1.2121954197063178,0.9016755160745246,0.8911366872144311,0.9883119496180016
Oval,Female,1.226605513428557,0.8474009963730295,0.91723639950853,1.0824112827745116
Oval,Female,1.2044437361214022,0.9020298690229325,0.8755904640226734,0.9706889916750784
Oval,Female,1.249968600445456,0.9004793893751357,0.8799922543315968,0.977248635243328
Oval,Female,1.2074603078004467,0.8539597011718294,0.90026168465361,1.0542203378195056
Oval,Female,1.1943307867027408,0.8525102443311396,0.9091960784712095,1.0664928480531566
Oval,Male,1.1995361521286054,0.874906661830955,0.8966279704449256,1.0248270010523335
Oval,Male,1.1983616314313557,0.886484964796971,0.8866538496754622,1.000190510708244
Oval,Female,1.1758412065196708,0.8814159828736928,0.865007722014639,0.9813842031709503
Oval,Female,1.2251221206750935,0.8867715404912587,0.8894218846131167,1.0029887564054996
Oval,Female,1.2556368452665252,0.842366874944743,0.9331314617900095,1.1077494729968107
Oval,Female,1.1774980061303517,0.8717444778373634,0.9081944902867952,1.0418127253755107
Oval,Female,1.1361450909549422,0.8598087252646837,0.9070442476861874,1.0549372448005372
Oval,Female,1.1730728479494645,0.8658507123369141,0.9002214146111444,1.039695875726041
Oval,Male,1.2016495311373818,0.8693508932417627,0.9108027124657123,1.0476813442606334
Oval,Female,1.1964742023327029,0.8999484054647395,0.8625809832581667,0.9584782616651496
Oval,Female,1.2010836631569486,0.8616899920260603,0.9083841955948833,1.0541890981686262
Oval,Female,1.189475033208914,0.8659459897407588,0.9043653094147313,1.0443668775294799
Oval,Female,1.162320163275605,0.8941105234940878,0.8737044067282067,0.9771771875739298
Oval,Female,1.2043456407902782,0.8448454885104775,0.9375189566768114,1.1096928011413352
Oval,Female,1.177613909835792,0.8608140342219052,0.9034117490382729,1.0494853860681674
Oval,Female,1.212638559397527,0.87854230336233,0.9061795997525188,1.03145812817939
Oval,Female,1.204771842451368,0.8740934019542234,0.8883292328248464,1.0162863955256909
Oval,Female,1.2303979626964137,0.9002397498716024,0.8842342730960532,0.9822208730753869
Oval,Female,1.12320651519704,0.8615624596272297,0.9130493147950094,1.0597598637132546
Oval,Female,1.1687233643096242,0.858061647491231,0.9094832963151286,1.0599276858186615
Oval,Female,1.1861095849944412,0.8882141086590909,0.8965652581004964,1.0094021805778486
Oval,Female,1.1555570042932521,0.8616463919878767,0.9025741752534711,1.0474995121504207
Oval,Female,1.1942121703931035,0.8852728407161164,0.9045031801127733,1.021722500129001
Oval,Female,1.2300053372500321,0.8721627721161858,0.8918583372527954,1.0225824419091185
Oval,Female,1.188986436912389,0.9066447966315925,0.8650718378933472,0.9541463659277603
Oval,Female,1.2160129522660468,0.8598182491495756,0.9174245822371148,1.0669982675344658
Oval,Female,1.1912233974535813,0.8611459476520276,0.9175553337001993,1.0655050240925779
Oval,Female,1.2029372817157609,0.897124999187668,0.8835630694795168,0.9848828984584853
Oval,Female,1.170160109469843,0.8725516871186157,0.8913192592228634,1.021508837105367
Oval,Female,1.2116369127377449,0.9113868663786998,0.8607781291483698,0.9444706314109852
Oval,Female,1.181283352789067,0.9100191208099147,0.8618600190808314,0.9470790221570051
Oval,Male,1.1960351112411527,0.8805495948636483,0.8958397867807293,1.017364373348498
Oval,Male,1.2030086169058314,0.8656567863082716,0.900885151895335,1.0406955344707691
Oval,Female,1.1616668419783989,0.8434047369309978,0.9309586908502901,1.103810128264024
Oval,Female,1.232870250184172,0.9000525387409261,0.8725823733558783,0.9694793757001391
Oval,Female,1.2465994160389215,0.8684354893906863,0.9033405367581743,1.0401930227333043
Oval,Female,1.1858088461366778,0.866910829036479,0.9039745929325221,1.0427538365592195
Oval,Female,1.221758331947383,0.8917525221506649,0.8710819061316638,0.9768202326255842
Oval,Female,1.2288616700635426,0.8925587953047632,0.8790314433750449,0.9848443015733217
Oval,Female,1.229470225835571,0.8524425945977239,0.9110922374598913,1.0688018679895328
Oval,Male,1.1865826696167205,0.8719709992744182,0.8923410088716143,1.0233608796785056
Oval,Female,1.1657144031306421,0.8295542408260206,0.9279765959471424,1.118644870072774
Oval,Female,1.131866896171884,0.871340069102194,0.8892260045416333,1.0205269286627303
Oval,Female,1.195251147218721,0.8623429414203282,0.9293589503920998,1.0777138720024686
Oval,Female,1.1276347086867238,0.8694470644497237,0.9033553848774358,1.0389998676333134
Oval,Female,1.258423430868657,0.8952356630789996,0.8819161745678322,0.985121807518975
Oval,Female,1.1735240547671628,0.8689494906165472,0.9058981713638778,1.0425210914400953
Oval,Female,1.135252374132191,0.8845086451932744,0.9022145965875271,1.020017838706804
Oval,Female,1.23040897273088,0.8768396068122718,0.8937800427434518,1.0193198799410608
Oval,Female,1.2681708434953987,0.9195035060397776,0.8689126804787562,0.944980279869827
Oval,Female,1.202014528516708,0.8702490021217586,0.8914006855837749,1.0243053234309334
Oval,Female,1.2080039923660337,0.8677652121713249,0.9048938669768615,1.0427865213824752
Oval,Male,1.2094583065769935,0.8574337194544677,0.9132312874547215,1.0650750801306885
Oval,Female,1.1710603741288685,0.8935660024572876,0.8747500624621581,0.9789428649440713
Oval,Female,1.2000864155455921,0.8616336826795513,0.9282495064882407,1.0773133933222343
Oval,Female,1.2139783728856146,0.8816583964022991,0.9009588112116413,1.0218910349950725
Oval,Female,1.2060428795725546,0.8661778237012642,0.8878985779271088,1.025076553141282
Oval,Female,1.2319979163941712,0.8522817917342045,0.9258617433496045,1.0863328916902955
Oval,Female,1.2008733457709937,0.8481180382618738,0.935663330892166,1.1032230051487961
Oval,Female,1.2511178023010565,0.8656386203220946,0.9216853787958488,1.0647461390446047
Oval,Female,1.181888827455186,0.8548386541872467,0.9137827818581045,1.0689535123173624
Oval,Female,1.1926301242222779,0.8862444404391603,0.8824672121117668,0.9957379384794542
Oval,Female,1.1865085503860109,0.8787868244954805,0.9060021412277353,1.0309691906770213
Oval,Female,1.2150263886557857,0.8655468372701967,0.8994400783527641,1.0391581825767644
Oval,Female,1.1475125631964058,0.8852154732257256,0.9013819769785483,1.018262789390601
Oval,Female,1.21168122343045,0.8755102837459124,0.909326108066749,1.0386241314906706
Oval,Female,1.1954025436519369,0.8854340553403572,0.8838954612064098,0.9982623278101089
Oval,Female,1.2504547542281592,0.8892211361637581,0.8795609488776082,0.9891363498984904
Oval,Female,1.179392541657112,0.8692649231188533,0.8949639922779439,1.029564139165865
Oval,Female,1.1531624149961555,0.8560624683105358,0.9215362399058852,1.076482469468103
Oval,Female,1.216831075138141,0.8516190115970009,0.9145577219307282,1.0739047737035616
Oval,Female,1.1433928392388528,0.8717474130765257,0.8867106752373433,1.0171646762999962
Oval,Female,1.2066091492231739,0.8790958674705082,0.9176663152427993,1.0438751326215114
Oval,Female,1.126143884161113,0.8758058639121115,0.8953632626267409,1.0223307464821818
Oval,Female,1.2445338693258277,0.8882033816505986,0.8883614427937991,1.0001779560250117
Oval,Female,1.1807439537380058,0.877703993577066,0.8814564605537664,1.0042753217533023
Oval,Female,1.242046286436112,0.8672962249367927,0.9084817939733574,1.0474873150053965
Oval,Female,1.179822409704231,0.8633314376365961,0.8906317703757923,1.0316220764691855
Oval,Female,1.1818029260839058,0.8824479731088215,0.9115096301648565,1.0329329976855772
Oval,Female,1.169472326233456,0.874620959197066,0.8917240138905703,1.01955481916327
Oval,Female,1.1298586901262986,0.868750617285317,0.9316423307062028,1.0723932877508744
Oval,Female,1.2117482335862853,0.8567850481143208,0.9249161120575731,1.0795194361680336
Oval,Female,1.164699053625759,0.8736782932416108,0.8824249538420618,1.0100113058411904
Oval,Female,1.1697271055680878,0.8747416777397015,0.8994484688970805,1.0282446712968112
Oval,Female,1.185729251913021,0.8575748704661506,0.9068757596621906,1.057488728849111
Oval,Female,1.1516843625748017,0.899638817375052,0.8736091220434283,0.9710665048807335
Round,Female,1.0859547456680307,0.8791291620348415,0.8955021095365306,1.0186240523108028
Round,Female,1.0879343110244963,0.8714008064569997,0.896095525505451,1.0283391051115234
Round,Female,1.1087855208351451,0.8702166027357485,0.8857439648392111,1.0178431002748607
Round,Female,1.164820205847808,0.8864992288914609,0.8665009255588951,0.9774412625743928
Round,Male,1.118919672625379,0.8589007499037707,0.9005026887732388,1.04843625864121
Round,Female,1.148910491490599,0.8615124409087904,0.9176245970058964,1.065132148338931
Round,Female,1.1493273499791656,0.8600752564808218,0.8833365154327588,1.027045608830924
Round,Female,1.1180984956409892,0.8523343736800788,0.9190901063853641,1.0783210612720657
Round,Female,1.1050079425227748,0.9115173041293204,0.8681567292994479,0.9524303327721348
Round,Female,1.123618519124784,0.9186570621663143,0.8721969885276056,0.9494260964704831
Round,Female,1.0977003996875754,0.8351729252295692,0.930137293374779,1.1137062340941026
Round,Female,1.1746449704716773,0.8653799535781432,0.8992471940529789,1.0391356887050627
Round,Female,1.186141300880346,0.8851846062801372,0.9080650494796458,1.0258482163349638
Round,Female,1.176133269773813,0.8962495532942757,0.876172664503507,0.9775989971576848
Round,Female,1.094515886416078,0.8754522927098487,0.8837551740263351,1.0094841048285863
Round,Female,1.1114229102232989,0.8754602001898937,0.8991103601564753,1.027014546134081
Round,Female,1.1282715217364838,0.8919639244480143,0.8967532368006056,1.0053694014088688
Round,Male,1.2020970917530898,0.8718600109388058,0.886011208090268,1.016231042798057
Round,Female,1.077753172209956,0.8706684159103842,0.9031605971563714,1.0373186630549966
Round,Female,1.035014772182305,0.8718074948764476,0.9017529754918021,1.034348730415077
Round,Male,1.094555166794348,0.8577331427822542,0.9000996110059465,1.0493935305872255
Round,Female,1.1393702260582181,0.8669552938259069,0.8899159406621928,1.026484233962007
Round,Male,1.2034996716885553,0.8974676770014453,0.8819806589823715,0.9827436481380389
Round,Female,1.2140910706575776,0.8932675292200096,0.8439454926551382,0.9447846978072305
Round,Female,1.1423990581270038,0.886428008951384,0.8738385840433401,0.9857975777153786
Round,Female,1.1480596716958826,0.8471264228220768,0.9360498654992725,1.1049706871153426
Round,Female,1.1857427220405747,0.8959110391200551,0.8927968233699138,0.9965239676550922
Round,Female,1.2130908780055134,0.8542197329066966,0.9070406445974848,1.0618352745271429
Round,Female,1.152706779425196,0.8965342537543546,0.8715372193376444,0.9721181490701198
Round,Female,1.1792836767911115,0.8802191656449244,0.8851025254785075,1.0055478908255822
Round,Female,1.2157868472543265,0.8938498103629724,0.8741927594789579,0.978008552828319
Round,Female,1.2028445605160827,0.8464403893634083,0.9096487766009758,1.0746755330107833
Round,Female,1.1782968454661171,0.8795013589057785,0.8932058589409201,1.0155821249124526
Round,Male,1.1256378529504587,0.8706081193319368,0.895330425466521,1.0283965949611806
Round,Female,1.1659923881708083,0.8843539457399677,0.8871278869510444,1.0031366866450238
Round,Female,1.199515160602861,0.8839823773972701,0.883761122512668,0.999749706679387
Round,Male,1.2112994692831722,0.8838424056025773,0.8759633552872573,0.9910854579217114
Round,Female,1.1298776012509106,0.8965402283176083,0.8789756756137086,0.9804085169308462
Round,Female,1.1452175613299673,0.901600378351284,0.8686221818092204,0.9634226012611381
Round,Female,1.1528511774149852,0.8922962112868188,0.877012111279215,0.9828710468404186
Round,Female,1.0833533561726376,0.8585202182027688,0.9094945445013835,1.0593746369833021
Round,Male,1.107430008483636,0.8870933511787169,0.892353199607912,1.0059293065630648
Round,Female,1.2206031693651425,0.88428062635569,0.8768158661076175,0.9915583808741391
Round,Female,1.1257832386349018,0.8816912169867139,0.8861182340802025,1.0050210515974272
Round,Male,1.1423434229543783,0.8853428424560903,0.8916506349391902,1.0071246890815777
Round,Female,1.222302662038391,0.8531379061026353,0.9026755962114943,1.0580652784907432
Round,Female,1.0963426674019623,0.8769491822515081,0.8927898241617246,1.0180633521654547
Round,Female,1.270364090442174,0.8635030701395862,0.9077947879716806,1.051293063526612
Round,Female,1.1271244514591996,0.8756916796327212,0.8953876293572424,1.022491877201325
Round,Female,1.2215712474403615,0.8867694415566995,0.8898095183715027,1.0034282606868663
Round,Male,1.2301575813152945,0.8917510193693302,0.8694270691173435,0.97496616234005
Round,Female,1.1573619243155153,0.8550737114195522,0.9055353390357104,1.0590143597472832
Round,Female,1.0712527129087714,0.8854831530931481,0.8935690152519254,1.0091315821543663
Round,Female,1.155318927087221,0.8649625500918555,0.8942760783774143,1.0338899392608913
Round,Male,1.1111947981618997,0.8660175695894774,0.9124281050878923,1.0535907551164523
Round,Female,1.1196694029271674,0.8751081695590679,0.8936959049324076,1.021240500340324
Round,Female,1.1496306746688352,0.8924548408655307,0.8625448250829517,0.9664856815011823
Round,Female,1.042725344191551,0.8737321725616071,0.8881625387124584,1.0165157774933988
Round,Female,1.1166087744625772,0.8664674977091367,0.8724586192420016,1.0069144215434567
Round,Female,1.0525332680895958,0.8708944138599544,0.8823424192085346,1.0131451128476536
Round,Female,1.1574553116896618,0.9006432024956086,0.895423645202187,0.9942046336674072
Round,Female,1.1833218835827295,0.9032886791596321,0.8813479358072532,0.9757101535106238
Round,Female,1.1262868023215695,0.8730415489601324,0.8876139625411522,1.0166915464657744
Round,Female,1.163309444682549,0.8719366303101367,0.8777813223154062,1.0067031155729638
Round,Female,1.1382285189549737,0.86460120620751,0.8980435349315496,1.0386794842338136
Round,Female,1.1674284486695967,0.9017816207098408,0.8789505968119908,0.9746823140175795
Round,Female,1.179334633525528,0.8941583089731142,0.8906297114113884,0.9960537216661575
Round,Female,1.1601954495290097,0.8560275248751509,0.9016034380720477,1.0532411772665182
Round,Female,1.0824182930516968,0.8357373411273902,0.9205326929829493,1.1014617244948899
Round,Female,1.2460859723224114,0.8727393662689499,0.8920538017731785,1.0221308173444723
Round,Female,1.1673219193204112,0.8543410541438871,0.9034684735464035,1.0575032876674126
Round,Female,1.157522562891983,0.8848996272687787,0.884821332564229,0.9999115213724393
Round,Male,1.085405178398114,0.890882919438211,0.8939757248724816,1.0034716182865207
Round,Male,1.180943073568296,0.8804469170084146,0.8668018000322778,0.9845020560438781
Round,Female,1.0882855035130534,0.8305700827885029,0.9499970351096679,1.143789133266405
Round,Female,1.1353940197309462,0.8690034016455016,0.8912413836272507,1.0255902128111816
Round,Female,1.1636885167010544,0.9018095167034327,0.8905246010632015,0.9874863644359363
Round,Female,1.2066255637261065,0.9020203744159706,0.8656021195872723,0.9596259066184863
Round,Female,1.106912056475818,0.8929489346525006,0.8823170660237976,0.9880935312019375
Round,Female,1.174100907968004,0.8949850959548137,0.8776628031525666,0.9806451605948066
Round,Female,1.160249202753444,0.8851938355241873,0.8679945957123644,0.9805700863228018
Round,Female,1.1106548878655345,0.8883610339168287,0.8989120244103382,1.011876917256253
Round,Female,1.0883061991206693,0.8954591631132659,0.86569431105396,0.9667602351001451
Round,Female,1.1272358047502566,0.916083258943889,0.8715936333202753,0.9514349539856195
Round,Female,1.1062227215765756,0.8905811577690194,0.8781795458934366,0.9860746976652303
Round,Female,1.1531164723068636,0.894199098161843,0.9030534963380881,1.0099020432859378
Round,Female,1.1385578082987537,0.8711136864472883,0.8990339737831476,1.032051255502285
Round,Female,1.1777657252552503,0.8744653328973325,0.8783533467686078,1.0044461612427713
Round,Female,1.144469267279467,0.9024872006997977,0.8885859693905711,0.9845967551689958
Round,Female,1.1277340930167012,0.877907875234485,0.8746971501421726,0.9963427539689688
Round,Female,1.1174047825907636,0.8674636676496116,0.8976116591434034,1.0347541835100456
Round,Female,1.0525658045934394,0.8820756405951361,0.8986279309376134,1.018765159789822
Round,Female,1.1336859661889893,0.8985000809779999,0.8765623504573834,0.9755840528175159
Round,Female,1.186310160589781,0.8624430110108676,0.8793046470397448,1.0195510147495006
Round,Female,1.1554768000589315,0.9067459613356411,0.8622079167929533,0.9508814525326552
Round,Female,1.1326648176842178,0.9242959303186808,0.851373847362051,0.9211052644887362
Round,Female,1.1769734296070493,0.8900147178992351,0.8728521271886109,0.9807165091032043
Round,Female,1.160179456665085,0.8890425732967141,0.8933175879897279,1.004808560153831
Round,Female,1.2052099460088628,0.889284458960773,0.883869812729415,0.9939112325906543
Round,Female,1.19154790491228,0.8982792818737755,0.8917521400876923,0.9927337277862316
Round,Female,1.1418331454902615,0.8576226423081307,0.9047884367681446,1.0549959762408743
Round,Male,1.1088148368988393,0.8893610579700613,0.884725600511757,0.9947878789870961
Round,Male,1.0961968225025394,0.8653844647224511,0.9010779163617381,1.041245773519559
Round,Male,1.1560575619360978,0.8875432942726559,0.8803901030138507,0.9919404593500226
Round,Female,1.1925923768793385,0.8939746734753458,0.8956597745952798,1.0018849539812835
Round,Female,1.1001149654319655,0.8817578872889535,0.895556888985075,1.0156494224719075
Round,Male,1.1115346649591415,0.8414073794703144,0.9138479542546414,1.086094532270361
Round,Female,1.1812877176050705,0.881899028010628,0.8855439307140179,1.004133015898217
Round,Female,1.1772893297359062,0.8956466520426689,0.8928734111552034,0.9969036439971716
Round,Female,1.1018394306664268,0.8756339703260057,0.9110922712338746,1.0404944327304566
Round,Female,1.1365566328965544,0.8762085200716833,0.8903382658964154,1.0161260082515247
Round,Female,1.1827429992798673,0.87967882339686,0.8852046636033216,1.0062816565085921
Round,Female,1.0548784863923935,0.86111911342731,0.9141904053110964,1.0616306049375206
Round,Female,1.1412088301095478,0.8492571806498317,0.8965950288076695,1.0557402977995618
Round,Female,1.1074199657561465,0.8670915786342502,0.873071119220754,1.0068960888720915
Round,Male,1.1907607233162147,0.8777881996564075,0.895298071231531,1.0199477181192198
Round,Male,1.1457552840767882,0.9051920746038787,0.8804838983113649,0.9727039409803423
Round,Female,1.1625938515356589,0.8870849199889477,0.8812651469436211,0.9934394408988498
Round,Female,1.14567543984524,0.8710696505958522,0.9125709008496946,1.047644008978448
Round,Female,1.1107000122012083,0.8761503119830357,0.8933169669903582,1.0195932761451267
Round,Female,1.1725399266804741,0.8881939571853612,0.8848992462897385,0.9962905502013732
Round,Female,1.1534158637599738,0.9092995157768989,0.871712795765935,0.9586640932291158
Round,Female,1.1196793512354255,0.8827669406640393,0.8905298346812878,1.0087938204974112
Round,Female,1.1536131815059034,0.8977030918566207,0.8835838973944806,0.9842718660654951
Round,Male,1.070740022954516,0.8620276085289318,0.8935731271854838,1.0365945572327842
Round,Male,1.1783187551305514,0.8642741443604477,0.9125833050618608,1.0558956449370138
Round,Female,1.1748779698970202,0.8993434560929833,0.8493792262192572,0.944443661056049
Round,Female,1.110529680140337,0.8337074776131751,0.9309817163221447,1.1166767017461046
Round,Female,1.1790238447774504,0.8937693791828341,0.8796856560461703,0.9842423297724292
Round,Female,1.1780191304937246,0.8879942337223872,0.9035800137524002,1.0175516680605896
Round,Female,1.2135367942815176,0.9122412633188544,0.8849423149228055,0.9700748590381324
Round,Female,1.1995315673085745,0.870692140219994,0.8912360974636334,1.0235949726598528
Round,Female,1.1165157003971906,0.8767299251725219,0.9017011903127227,1.028482277635598
Round,Female,1.0900708382405828,0.8645439873769534,0.9093784522817205,1.0518590905256262
Round,Female,1.1192695577586662,0.8643768562865418,0.8986662941005567,1.039669546407485
Round,Female,1.2101516883881553,0.8973390867589622,0.8541802541482917,0.9519035409829822
Round,Female,1.2060748533738945,0.8912604388954316,0.9015469518434024,1.0115415343249379
Round,Female,1.1281814586155656,0.8581573960290336,0.8972575582416118,1.045562926327393
Round,Female,1.2730909888462816,0.8934756642442423,0.8872618844697632,0.9930453844204753
Round,Female,1.1920722736423799,0.8943435892387148,0.8885602396403507,0.993533414150945
Round,Male,1.1139939335182845,0.8988286856747737,0.8930327556392837,0.9935516855126416
Round,Female,1.1235195114228396,0.8722799483072605,0.8988372285451006,1.0304458222264274
Round,Female,1.1928773326155322,0.8717782203526772,0.8954429479029979,1.0271453530242443
Round,Female,1.2214812921324059,0.8621069985348734,0.9050000274212526,1.0497537184587002
Round,Male,1.1884214721148543,0.8909917993442008,0.8890630453943429,0.9978352730616852
Round,Female,1.1755691365955279,0.8979621411136478,0.8689656280514608,0.9677085349876492
Round,Female,1.1832559752951544,0.9170679990688283,0.8709534145425417,0.9497151960671287
Round,Female,1.153797580729316,0.9056926803429698,0.8649221612164686,0.9549841574174343
Round,Female,1.1368991136649869,0.887141697306421,0.9042716492431956,1.0193091498108875
Round,Female,1.1455881285586946,0.8981903469599686,0.8780230417000838,0.9775467356912225
Round,Female,1.1865280731546355,0.8612321456072888,0.9066969737599435,1.0527904449277095
Round,Female,1.1453351702020746,0.8925290612169531,0.8927502826546329,1.0002478590863788
Round,Female,1.0968114411100933,0.9049701813375153,0.8751343274845668,0.9670311194023519
Round,Female,1.1244514575710816,0.8648643424844492,0.9044919894335929,1.0458194944600299
Round,Female,1.1525998325858566,0.8813082012898081,0.8984100971604617,1.0194051250693283
Round,Female,1.1683193712669229,0.8890171155032113,0.8859457447541547,0.9965452062783761
Round,Female,1.197636987246868,0.9030015639702285,0.8903149934891825,0.9859506661037587
Round,Female,1.1581872926118266,0.9010241468349716,0.877998464973559,0.9744449891356465
Round,Male,1.1312089415199365,0.8722518878315083,0.9205222465612837,1.0553399303609183
Round,Female,1.1217115871608894,0.8657824731235889,0.9076155751289574,1.048318259267183
Round,Female,1.1852855607745605,0.8869904809373634,0.8952848255569684,1.0093511089440774
Round,Female,1.2093329485167559,0.892727462291892,0.8930644820200375,1.0003775169269244
Round,Female,1.2081074603035582,0.8984339608118795,0.8829905921927318,0.9828107915631414
Round,Male,1.1008030378011695,0.8914971446750781,0.8786110743402605,0.9855455842884229
Round,Female,1.152637053451697,0.8970285483707205,0.8853827685697688,0.9870173810832397
Round,Female,1.205019399687717,0.866838914214402,0.8821544493414717,1.017668259783826
Round,Female,1.148790431507682,0.897020162200041,0.872692425808275,0.9728793873126558
Round,Female,1.216688436119408,0.9002889289347136,0.8700905356772779,0.9664569980959685
Round,Female,1.077367288697575,0.8937582209437472,0.8887749108685831,0.9944243197339185
Round,Female,1.1805367769860413,0.9175826919731531,0.8650628777648702,0.9427628543261368
Round,Female,1.1263601313187936,0.9069819462761232,0.8778394528184065,0.9678687171477122
Round,Female,1.145723835417813,0.8520329232957946,0.9065632705706308,1.064000281895099
Round,Female,1.0945410336592,0.8882769491818273,0.8861437873470028,0.9975985396932912
Round,Female,1.1284682025125927,0.8868219390347308,0.8716964708115451,0.9829441880523963
Round,Female,1.1132847730732842,0.9097453893913408,0.8777123654381811,0.9647890230313878
Round,Female,1.137813523181603,0.8945489667564585,0.8920475601247475,0.9972037230775853
Round,Female,1.1497267148493533,0.8866721127818522,0.8978575128619367,1.0126150353877617
Round,Female,1.1156250495035152,0.887979646175775,0.8937390222259967,1.006485932504225
Round,Female,1.161063282437932,0.8873017559884034,0.8808876535554749,0.9927712276126586
Round,Female,1.108409577332489,0.8963562097256749,0.8678362886060753,0.9681823801629845
Round,Female,1.1283935128927154,0.9004137701660392,0.872818756606448,0.9693529636330389
Round,Female,1.1769731360397293,0.8737843640101789,0.8813389211330386,1.0086457911517077
Round,Female,1.177202068995604,0.9045154112912801,0.8938284781215473,0.9881849075910424
Round,Female,1.1386088032341473,0.8908098677100348,0.8827690547655057,0.9909735924174266
Round,Male,1.1285181097686858,0.8617032273984417,0.9121702424430078,1.058566584689407
Round,Female,1.1870813609438795,0.8986007265449677,0.8750810294511139,0.9738263097290332
Round,Female,1.2538931671342095,0.8840653116416326,0.9116266956080253,1.0311757328372195
Round,Female,1.2042774527855997,0.9148110351817687,0.8865411577634713,0.9690975771704806
Round,Female,1.2083353388831488,0.9102432782335992,0.8862329271934781,0.9736220507041643
Round,Female,1.1516952781073873,0.8740473676763632,0.9090229737036134,1.0400156871591892
Round,Female,1.192268249099445,0.8737920217334736,0.8914105826156236,1.020163334573824
Round,Female,1.1917826224049237,0.8794901018074335,0.8887387083993877,1.0105158734281916
Round,Male,1.087224260912758,0.8840601415468395,0.9003263389238491,1.0183994239900338
Round,Female,1.1365207028120163,0.8719764539565067,0.8993514833016404,1.0313942299943104
Round,Female,1.1393608338298251,0.9113555925785115,0.8695348814616203,0.9541115329104776
Round,Female,1.123515181245173,0.8975674536969953,0.8865229787034703,0.9876951030833016
Round,Female,1.096960225356419,0.8690939426600852,0.9060954983732532,1.042574863195934
Round,Female,1.1189970268340028,0.9033019358933654,0.8876409661092244,0.9826625304764212
Round,Female,1.0978197629387538,0.897698912762121,0.8915578594438929,0.9931591169033136
Round,Female,1.138651779880977,0.8963292069174346,0.8803516108983499,0.9821744110358366
Round,Male,1.0979874873940199,0.8807593959083515,0.8954063863230841,1.0166299564702648
Round,Female,1.150198884875691,0.867204681996045,0.8908666241641946,1.0272853026043252
Round,Female,1.137311524395925,0.9114275783936688,0.8583832681589392,0.9418008501254518
Round,Female,1.1217047750770122,0.9077434935175684,0.8720077090498606,0.9606322879503887
Round,Female,1.165182099419001,0.9048858496560418,0.8758591774228477,0.9679222829661581
Round,Female,1.1035549909848412,0.9014787876649104,0.8808298619228916,0.9770943853315667
Round,Female,1.1583082994734828,0.8823527152226437,0.9123738381775136,1.0340239480617395
Round,Female,1.180732356615578,0.9060144798357336,0.8547202233632594,0.9433847277123272
Round,Female,1.209644808471032,0.8950955829658693,0.8589728668309183,0.9596437332253841
Round,Female,1.162336534184189,0.8751848074935573,0.8867179281838843,1.013177926069531
Round,Female,1.193986751061334,0.9040291471249337,0.8801089261916674,0.9735404317334907
Round,Female,1.1289770734204625,0.8700863875874937,0.9007499271143776,1.0352419483448136
Round,Female,1.202784421696635,0.881302403950074,0.8943161211571883,1.0147664605801432
Round,Female,1.164355984956628,0.8840329399898251,0.8925272554332341,1.009608596081846
Round,Female,1.1376641548585722,0.8422767765004434,0.9125366037835262,1.0834165552741508
Round,Female,1.1893185663517711,0.8993956171473397,0.8534753494595175,0.948943193837802
Round,Female,1.128302084997376,0.8674979029791736,0.930801136290528,1.072972203268685
Round,Female,1.1315760852276266,0.8815628452102883,0.9084798382580203,1.0305332662259732
Round,Female,1.1893133262104572,0.8943739059491486,0.8857950297805303,0.9904079534168497
Round,Female,1.1299224145991422,0.8735226518238162,0.9020006687650071,1.0326013491255572
Round,Female,1.1349700142746666,0.878132270739962,0.9035139491936648,1.0289041631875284
Round,Female,1.13727348038267,0.8910912846674504,0.89613979684614,1.005665538722639
Round,Female,1.1167902794170697,0.9010992882954565,0.8889992036944157,0.9865718631029776
Round,Female,1.0934081019294466,0.8649440877691943,0.9019379932845364,1.042770285430535
Round,Male,1.0690614169010606,0.8697984843596106,0.9110336840039793,1.047407762126337
Round,Female,1.0675853708720309,0.8716165945556344,0.8908844447788429,1.0221058781390362
Round,Female,1.0984861275840097,0.8646928613759828,0.9123873582345315,1.0551577317090979
Round,Female,1.144237244403361,0.8761233722328934,0.8952864348728519,1.0218725618415125
Round,Female,1.0798704771410654,0.8824107391497471,0.8819959017585125,0.9995298817514003
Round,Female,1.1514605953737445,0.874764003438111,0.9154394356391555,1.0464987494240465
Round,Female,1.159907256139357,0.8696401193674949,0.9197075910518533,1.0575726332874034
Round,Female,1.1282981628373527,0.8943410294725821,0.8892563852841001,0.9943146472979323
Round,Female,1.1166435871720333,0.8916810299938513,0.8683512251442131,0.9738361543367149
Round,Male,1.1373368943043947,0.8862602677833301,0.9000738260599598,1.0155863449810059
Round,Female,1.11821183397781,0.8817070572806526,0.8760209924832981,0.9935510726035341
Round,Female,1.2013874939732274,0.8823066989269615,0.8743942291995389,0.9910320643183992
Round,Female,1.1365068071994675,0.8896862270478187,0.8986510895472983,1.0100764316979784
Round,Female,1.1345743296860733,0.8844699488342517,0.892047185341522,1.0085669801639472
Round,Female,1.1118387030812702,0.8816253842737061,0.8956477724409746,1.015905154748715
Round,Female,1.1528993233155609,0.8691995216990661,0.9015196101326745,1.0371837393219348
Round,Female,1.1588268094830827,0.8794554949893802,0.9049277242560575,1.028963636490764
Round,Female,1.1513720675071444,0.8672317713675589,0.8979177695738166,1.035383849184709
Round,Female,1.128343215836483,0.8686421913574276,0.9046967249996624,1.0415067722946918
Round,Female,1.137950354062803,0.8851604575483668,0.8932240189492144,1.0091097171502457
Round,Female,1.14927685441869,0.8889818532771753,0.9010168940656901,1.01353800501568
Round,Female,1.1623716464882201,0.861558512646498,0.8920656105518083,1.035409200254548
Round,Female,1.041939614256226,0.863798313738607,0.9092377418359177,1.0526042102358872
Round,Female,1.1418130539400162,0.8767449279782357,0.9016983503140229,1.0284614390565447
Round,Female,1.0880095350759202,0.8637537235426471,0.9111820459983742,1.0549095432679605
Round,Female,1.1294214551206991,0.8810454472639132,0.8916166754511944,1.0119985049807705
Round,Male,1.168796470403834,0.882309034018447,0.8971022631050289,1.0167664939564391
Round,Female,1.1605819798450863,0.8847505243408476,0.883312814248538,0.9983750107485038
Round,Female,1.15249979578506,0.8900356366667429,0.8812615539912184,0.9901418748710061
Round,Female,1.1374308365315475,0.8780197848112147,0.9072357077618457,1.0332747888555984
Round,Female,1.1619531314534541,0.9010059553839544,0.8933850987300462,0.9915418354247607
Round,Female,1.1315843034274888,0.8791533857430547,0.8955989164557536,1.0187060995036712
Round,Female,1.1333201602478256,0.8698878463992352,0.9172630636676836,1.054461293446679
Round,Male,1.079286552214013,0.8579415508188946,0.9160187736499978,1.0676936823676033
Round,Female,1.1234547363919531,0.8880540300593549,0.9016538407074609,1.0153141702956936
Round,Female,1.1080425788057535,0.8987135131436469,0.8887724635414886,0.9889385778039711
Round,Female,1.1135996026373498,0.8967860291040872,0.8907646133646856,0.9932855602741524
Round,Female,1.1860652040284847,0.8859155738689992,0.9017809268991255,1.017908425473139
Round,Female,1.1656566128519026,0.8658021615156861,0.8846787077695326,1.02180237829483
Round,Female,1.118220203652811,0.8662682523899036,0.8876807298200295,1.0247180678399008
Round,Female,1.122408600222863,0.8700526181008982,0.899645457979263,1.0340127013731173
Round,Female,1.1327533733235375,0.8932564388616595,0.8800407449170726,0.9852050392590189
Round,Female,1.1052054881771405,0.876168653899927,0.8880879379773516,1.0136038695568148
Round,Female,1.1263297250205078,0.8777661983310845,0.8978205379751127,1.0228470174428659
Round,Female,1.1796044486912571,0.8825346824328714,0.8981084314468111,1.0176466141489282
Round,Male,1.153933252411741,0.8800635794579216,0.879220635847985,0.9990421787361593
Round,Female,1.1442978106154624,0.8800174444657319,0.8985267298834244,1.021032861943924
Round,Male,1.167818838657464,0.8949948039646062,0.9135514824410897,1.0207338393410577
Round,Female,1.1145991364127754,0.8696637045749467,0.9006452729754535,1.035624768789965
Round,Female,1.1194139123338283,0.874529797994355,0.897771956601168,1.0265767486255089
Round,Female,1.111068606589442,0.8857861422766188,0.8910608178528874,1.0059547957735169
Round,Female,1.106571624962837,0.8626779599101727,0.9070908180478627,1.051482546444463
Round,Female,1.1196050323682067,0.8789581438077171,0.9059676640765152,1.0307290175978014
Round,Female,1.1340087791589402,0.8848300236710296,0.9058886050929886,1.0237995782902913
Round,Female,1.1463464472343359,0.8752240512822105,0.9036005443770254,1.032421975896621
Round,Female,1.1198223121764963,0.8562289275936956,0.9191505836332121,1.0734869542615764
Round,Male,1.2044591443786345,0.8644564602049212,0.9077226266470689,1.0500501395199144
Round,Male,1.124131804893904,0.8847470662812875,0.9106076640092805,1.02922936815907
Round,Female,1.2385813514246877,0.8685125642360703,0.8803964851029874,1.0136830730564848
Round,Female,1.1470480343978002,0.8781104440623138,0.902171644344555,1.0274011093307684
Round,Female,1.2344429044990863,0.8728450974605049,0.9022909564810008,1.033735492249618
Round,Female,1.2168568461388058,0.8566916362339203,0.9213073333292399,1.0754246853387934
Round,Female,1.1430988979720296,0.9077241892822244,0.8744599179832895,0.9633542085892429
Round,Female,1.1979559376574722,0.8898021569669994,0.8823848117372564,0.9916640511919796
Round,Male,1.1551733818461603,0.8830215096210279,0.8704010961215404,0.9857076941365746
Round,Female,1.1493669886004494,0.8611015432975181,0.9113987428185173,1.0584103000540332
Round,Female,1.236526347941814,0.8694503130304359,0.8951925540442697,1.0296074895000156
Round,Female,1.1980843968741743,0.908864952545187,0.8680175926397916,0.9550567333562525
Round,Female,1.175794948462513,0.8783815265502467,0.8723499860861321,0.9931333477745111
Round,Female,1.1939607165393262,0.8845597470040716,0.8911330928229557,1.0074312061351962
Round,Female,1.1554017894395763,0.9100408675166373,0.8844837161265956,0.9719164794656054
Round,Female,1.2218937568912813,0.9185172323783057,0.858163306954506,0.9342920053143413
Round,Female,1.1531213134860965,0.898302367534163,0.8665987970194559,0.9647072392765329
Round,Female,1.1329930501201841,0.8924879498155306,0.8721801981399445,0.9772459093931929
Round,Female,1.14088851497912,0.8825336645499688,0.8928811773569487,1.0117247797139346
Round,Female,1.1574726259553803,0.8906399204216288,0.8776552510987125,0.985420966402708
Round,Female,1.214303863076977,0.8837630568442373,0.8946384094259223,1.012305733417415
Round,Female,1.128674555418828,0.8623749933435901,0.9173634106817335,1.0637639284100098
Round,Female,1.119617968086903,0.8792635482756258,0.8784141520492912,0.9990339685660796
Round,Female,1.1144216252695882,0.8917473229625424,0.8599406410073084,0.9643321811726144
Round,Female,1.0967340140511506,0.9115901313657536,0.8684327763492858,0.9526570620594488
Round,Female,1.1304800664929742,0.9049143748991626,0.8618082154519598,0.952364377621909
Round,Female,1.1329063203439695,0.9135428856331586,0.8709069848362506,0.953329064822876
Round,Female,1.0954637960301905,0.8652948551786832,0.9152196875021412,1.0576969018417988
Round,Female,1.2174467880679112,0.9086363390750667,0.8735603639580118,0.9613971248907346
Round,Female,1.1869232656098183,0.8673696741034087,0.8926492340177393,1.0291450815829615
Round,Female,1.1446743215499975,0.860922411144554,0.9044196529730382,1.050523997593066
Round,Female,1.172543736629146,0.9079396419143987,0.8708300381262687,0.9591276753707063
Round,Male,1.1229131621085557,0.8833912872126023,0.8838530432569104,1.0005227083977306
Round,Female,1.1777780900866226,0.879032930951341,0.8938944776405874,1.016906700722989
Round,Female,1.1851519632498073,0.8987665613588387,0.8815556333711208,0.9808505025357231
Round,Male,1.0773133713434448,0.8599080378184605,0.9116480646930002,1.0601692560123073
Round,Male,1.1055006415232893,0.8680108835327812,0.9013742979132128,1.0384366313987254
Round,Female,1.1915652696676682,0.8739905778617241,0.9128302180376672,1.044439426648016
Round,Female,1.1259242708323807,0.8959054375703119,0.8983067543385381,1.0026803239131337
Round,Male,1.1238038599703082,0.8671180744869227,0.9047911702012718,1.0434463273489487
Round,Female,1.2309040938963893,0.8780526262947435,0.8858580989452602,1.0088895271385439
Round,Male,1.1365987082745288,0.8903762774057294,0.9009016920132689,1.0118213106914833
Round,Female,1.1635278385661973,0.8723978024400547,0.9191921646186914,1.0536387896069375
Round,Female,1.1727930655456027,0.8824410985208789,0.893875174763336,1.0129573251536248
Round,Male,1.109886740063487,0.8517557704142499,0.9197125678501087,1.0797843698820004
Round,Female,1.080614893075206,0.8690856801682884,0.8982405785442447,1.033546633020476
Round,Female,1.156436766669308,0.8986934109661397,0.8804565271310516,0.9797073355467437
Round,Female,1.0774347829620807,0.8830048051365631,0.8805144144466595,0.997179640840665
Round,Female,1.071293617860502,0.8631381601674804,0.9003080587586859,1.0430636719664825
Round,Female,1.157395437906791,0.8969447075465534,0.8906779438249448,0.9930132106596066
Round,Male,1.0805296176973462,0.8888997406946806,0.8833086112590046,0.9937100561742696
Round,Male,1.1074880313861206,0.8683541457870381,0.8926403951850006,1.0279681389393847
Round,Male,1.105387363458107,0.8604167368381951,0.9044597087882468,1.0511879535396975
Round,Female,1.1158769413505092,0.886089814423497,0.8969197175349882,1.0122221279775543
Round,Female,1.1885096838668738,0.8863448955475535,0.8763553732337834,0.9887295314003035
Round,Female,1.1213911498278442,0.8868670267755672,0.885427854309512,0.9983772398537719
Round,Female,1.113103628611978,0.9013565711674509,0.8819127109720227,0.9784282260568155
Round,Female,1.1413688724109694,0.8935750420587295,0.8856635034630841,0.991146195648641
Round,Female,1.1044842773848544,0.9000308233589431,0.8849565889895833,0.9832514243088893
Round,Female,1.0992372431659883,0.8788428897794927,0.8952581046148533,1.0186782131667236
Round,Male,1.0751264160974827,0.8846065708541876,0.8867794126239719,1.0024562803865296
Round,Female,1.073406184993568,0.8642632777692316,0.9154325012917387,1.059205597227943
Round,Female,1.056035370739329,0.8979607379584487,0.8801700422828983,0.9801876686546471
Round,Male,1.1525074922937155,0.8665897356349617,0.907018344554084,1.0466525360925256
Round,Female,1.1192401331106325,0.8715801902681936,0.9076288805998496,1.0413601533561283
Round,Male,1.1443124605822552,0.865773505415679,0.9026762653261144,1.0426240346691107
Round,Female,1.2862847119647831,0.896804627896151,0.8574700365976808,0.9561391744925015
Round,Female,1.1098673543749062,0.8626440152151745,0.9076272444225039,1.0521457616512981
Round,Female,1.0795520340204563,0.8594668852782071,0.9229620364084483,1.0738773677239328
Round,Female,1.0168730301808933,0.8845483769621448,0.9153870279030406,1.034863724522119
Round,Male,1.0192199925732106,0.865659336314751,0.8849043682270433,1.022231645989312
Round,Male,1.0868380200034344,0.8720468213135283,0.8952891949058153,1.026652667063539
Round,Female,1.1242034305010162,0.8693467863921622,0.8928588250314925,1.027045638181866
Round,Female,1.1272386065300535,0.8910404735982311,0.8977215069457388,1.007498013328764
Round,Female,1.1054276503141032,0.8857194260871472,0.9009876463487957,1.0172382131541353
Round,Female,1.0867100961731242,0.8400697242743508,0.9151450460375753,1.089367965055608
Round,Female,1.114620654898948,0.915334496702004,0.8639650874430949,0.9438790852480753
Round,Female,1.1666938239596027,0.8731271763849934,0.9000996665075007,1.0308918229234159
Round,Female,1.1580812352342649,0.8509463697450248,0.9057874272371991,1.0644471372603737
Round,Female,1.144327789654245,0.873324783208232,0.8875833252848495,1.0163267347392084
Round,Female,1.1689154363170282,0.8744356562270431,0.8973202238572593,1.026170670726028
Round,Male,1.1553307038359766,0.8926509006494646,0.888782400148517,0.9956662783870681
Round,Female,1.0789854462803372,0.8781899909152889,0.8985226849243626,1.0231529557606116
Round,Male,1.1928024268944006,0.8425023199386987,0.9085291124877827,1.07836986437484
Round,Female,1.1290453557030495,0.8732354524939865,0.8937402504666557,1.023481408037325
Round,Female,1.2091784115417847,0.9027673088592567,0.8877899550251117,0.9834095079793368
Round,Female,1.115037507774668,0.885614173484765,0.8930967656995507,1.0084490429792274
Round,Female,1.1459112873432105,0.8912434546909798,0.880806341052094,0.9882892675576455
Round,Female,1.082052961615393,0.8564046219393524,0.9306870123116581,1.0867374935507599
Round,Female,1.1719977952529304,0.8507298167649566,0.8984214850111248,1.0560597116808763
Round,Female,1.195406139678213,0.905546228221191,0.8667788154305456,0.9571889191490554
Round,Female,1.157227359699501,0.8644608526991553,0.9098450551813121,1.0525000089251597
Round,Female,1.1424069396700678,0.8872610696801989,0.8996767735916823,1.0139932927700281
Round,Female,1.1400728973441954,0.889530229382068,0.885540062848242,0.995514299118763
Round,Female,1.171414266296712,0.8765175871892388,0.9012462389883282,1.02821238519399
Round,Female,1.1099408853072095,0.8841521791171952,0.8865220731884856,1.0026804142174446
Round,Female,1.176342748793244,0.9033340601168104,0.8528310807377105,0.9440926877344032
Round,Female,1.1555961992637063,0.8886225112254049,0.8909476190118195,1.002616530368118
Round,Female,1.1181400319228092,0.9075866450757494,0.8705682319189415,0.9592122544358085
Round,Female,1.1452361764922294,0.8626527002851475,0.9026957273429967,1.046418479933597
Round,Female,1.1216605732421594,0.8902054869619022,0.8949344724080192,1.0053122402808998
Round,Male,1.1194766672321859,0.847959697821336,0.9302882368358681,1.0970901556124175
Round,Male,1.156367432745703,0.8893929912129711,0.9027686293571062,1.0150390640316302
Round,Male,1.1627404167379394,0.9027664595439618,0.8785633571863087,0.973190073576859
Round,Male,1.186575641780263,0.9076969621467935,0.871503833746164,0.9601264189371868
Round,Female,1.2696316171015642,0.8906989168413315,0.8735172109909484,0.980709861070322
Round,Female,1.2177958428179296,0.8849451620773283,0.8752192182021674,0.9890095518999955
Round,Female,1.1438321402380447,0.8906575774491754,0.8635677993883956,0.9695845196328263
Round,Male,1.1605480917335498,0.8894225137364018,0.8967996168067119,1.008294261676961
Round,Female,1.1955863725109406,0.9020036276466422,0.874194660880566,0.9691697838969553
Round,Female,1.1767545413375056,0.8715446921689092,0.8922630718647269,1.0237720221142743
Round,Female,1.117909920092541,0.9080714203536969,0.8754336070328754,0.964058098747223
Round,Female,1.1284447170771084,0.8751657406262116,0.8692122293282274,0.9931972756454974
Round,Female,1.1539966119158724,0.8912962864642844,0.9024689562525486,1.0125353038691383
Round,Female,1.2148128005558108,0.896039053929742,0.8810089904206599,0.9832261066711714
Round,Female,1.1724353893901442,0.8874015345363536,0.9078824997464324,1.0230797045226878
Round,Female,1.1574571527945638,0.8931709910320922,0.87430096454663,0.9788729966882858
Round,Female,1.175459883675746,0.8986464891026732,0.8915257924514399,0.9920761982185636
Round,Female,1.1651017057540076,0.8908815454154048,0.8944968719433856,1.004058145043621
Round,Female,1.1812865135504709,0.8927227166602875,0.8972186883697096,1.0050362465584408
Round,Female,1.0608778776494243,0.8532663097014298,0.9163867030095643,1.0739750211516277
Round,Female,1.1463597271509693,0.8847669516431189,0.8856993727915822,1.0010538607333057
Round,Female,1.188890493439895,0.9014838112040853,0.8815753526039578,0.9779159000386969
Round,Female,1.1052730654982752,0.8910321999879212,0.8754159665902685,0.9824739965650351
Round,Male,1.0598617393967456,0.8758925787255272,0.8976961310704764,1.0248929524858799
Round,Female,1.0942514788115807,0.8607754612182792,0.9009792620441965,1.0467064904115828
Round,Female,1.1793644163636954,0.8970581844226743,0.868726066123077,0.9684166325088142
Round,Female,1.1719962256094727,0.8894500091805227,0.8697702776027684,0.9778742690711916
Round,Female,1.1339339143108411,0.8698628920233467,0.909418295682221,1.0454731475748624
Round,Female,1.136694306971802,0.8952370843557509,0.8958875886039996,1.0007266279063014
Round,Female,1.1979081742664284,0.8984564317662406,0.867801218720417,0.9658801340143343
Round,Male,1.1294950484936053,0.8761491824527521,0.901447871371267,1.028874864492474
Round,Female,1.142835092952606,0.8663865687463852,0.9105814526809579,1.0510105829531964
Round,Female,1.11107003304771,0.9005870249185113,0.8758340623070193,0.9725146355359364
Round,Male,1.0843978638822267,0.8642481265914016,0.9006261155679273,1.0420920657589396
Round,Female,1.1301962398421395,0.893306567869915,0.8791918879612997,0.9841995117731288
Round,Female,1.1298894108850466,0.8751309104549397,0.9095160917565155,1.0392914715853203
Round,Female,1.1843766421622737,0.896274131437022,0.8629738889345172,0.9628459180796466
Round,Female,1.1303902090983249,0.909081809060695,0.8738580546236865,0.9612534822653604
Round,Female,1.1526035074542096,0.9025418361326848,0.8953419681634178,0.9920226767546668
Round,Female,1.1806291401722564,0.8834553329448124,0.9092651474671705,1.029214623037394
Round,Female,1.1233748488371254,0.8617051046834108,0.9029702192517476,1.0478877452901914
Round,Female,1.1412991760011337,0.8927758998891437,0.8793704650649411,0.9849845467089029
Round,Female,1.133362347948584,0.8370485518252935,0.935312647101494,1.1173935431366828
Round,Male,1.1857349017302716,0.8583393409339822,0.9043251764022827,1.0535753556609233
Round,Female,1.1333758493186517,0.893671446971754,0.8761154986540127,0.9803552542970568
Round,Female,1.1728176352508337,0.8820191926373359,0.9113526422768407,1.0332571557221952
Round,Female,1.1267827252699247,0.9020895735767394,0.8713224641680111,0.965893509569412
Round,Female,1.0533562135761652,0.8606128560872572,0.9020406047123763,1.0481374968222863
Round,Female,1.069884487086403,0.8484636751909164,0.9260553344585861,1.0914495947633944
Round,Female,1.2132360448672477,0.8789695623414379,0.8950868398145151,1.01833655926622
Round,Female,1.2094862079391349,0.9057283278780988,0.8685014818652504,0.9588984413239433
Round,Female,1.186235861584797,0.8956457376060404,0.8808362529924066,0.9834650197150295
Round,Female,1.120325877472785,0.8689992147867771,0.9133541109624438,1.051041353571936
Round,Male,1.123685898098558,0.8915809718097476,0.8710734113508337,0.9769986561991254
Round,Female,1.1138799469109781,0.8789313319644751,0.9101038244675402,1.0354663571196083
Round,Female,1.2016418070355486,0.8785840654145382,0.8892227645552053,1.0121089142854502
Round,Female,1.1501211044219282,0.8683902328668809,0.9068663120494863,1.0443073605924627
Round,Male,1.0991950300656477,0.87232087383388,0.8917987738446285,1.0223288248567781
Round,Female,1.2401988061104974,0.8885528649112471,0.8765994000558932,0.9865472665415942
Round,Male,1.1440072618985795,0.8723519264939081,0.8956229056491793,1.0266761366009705
Round,Female,1.1903623737574232,0.9015629178056463,0.8761545835219007,0.9718174585689613
Round,Female,1.1703866071116584,0.8809845438094233,0.8929860912978753,1.0136228808698013
Round,Male,1.0911843567330248,0.8930961415375416,0.8740825017264832,0.978710422174342
Round,Male,1.1129191552794973,0.8809444018757353,0.9081443068352337,1.03087584744461
Round,Female,1.1795913394468873,0.8825365116208228,0.8625888650249923,0.9773973695896212
Round,Female,1.1800703549176959,0.8518778799262943,0.8981447895658031,1.0543116692307024
Round,Female,1.0733484599445926,0.9074924141945611,0.8832580497697741,0.9732952429731371
Round,Female,1.1106912360303123,0.8963287358983998,0.8974462966322164,1.001246820155438
Round,Female,1.1600308535464803,0.8803690689771597,0.8997814593428897,1.0220502866920165
Round,Female,1.20820538267262,0.9035274417595297,0.875308459269857,0.9687679851375416
Round,Female,1.1854165442952793,0.90185521092314,0.8736940684260911,0.9687742088131607
Round,Female,1.1771545919541548,0.9218082602517548,0.8586890003189412,0.931526693072185
Round,Female,1.1477611588536676,0.8562715832681871,0.9148126574850096,1.0683674144520656
Round,Female,1.151113849362794,0.885277804110724,0.904343218708415,1.0215360811139307
Round,Female,1.1804164809761708,0.9111209480947622,0.8638141299357933,0.9480784430893705
Round,Female,1.234988093147746,0.8950010189118399,0.8771577533809007,0.9800634131650114
Round,Female,1.1652731087957662,0.8756008368927337,0.9002516242945213,1.0281529966203167
Round,Female,1.1667714946557592,0.8910179415637548,0.8766444862434308,0.9838685006778894
Round,Female,1.133363590354502,0.8889972325086006,0.8884015474073116,0.9993299359328621
Round,Female,1.202613101185652,0.8805291701894205,0.8910341327133701,1.0119302833791297
Round,Female,1.0792027503689008,0.8672733358296543,0.8988097191510547,1.0363626806204436
Round,Female,1.1480400916233544,0.86619629323895,0.8739894351303787,1.00899696980033
Round,Female,1.2581947594409988,0.9065156826311181,0.8817499472824332,0.972680301264283
Round,Female,1.1358784248244265,0.8930989141746318,0.8920012879345259,0.9987709914067915
Round,Female,1.1861768602834624,0.8946644997632124,0.8708712896475759,0.973405438438729
Round,Female,1.213737195713508,0.8722072884490437,0.8862616380642201,1.0161135429631272
Round,Female,1.1480274279507445,0.8868653555006919,0.8992253951617493,1.0139367713310656
Round,Female,1.0907564946290458,0.8226040694591076,0.9414922941091663,1.1445266672802046
Round,Female,1.1561774859721776,0.9238561657096036,0.8653222277913882,0.936641719684518
Round,Female,1.1703589043507174,0.8929228525006094,0.886732430398188,0.9930672374605652
Round,Female,1.2003553592142877,0.8838893798050982,0.8934070435450038,1.010767935397079
Round,Female,1.2063807312728103,0.8794710231040019,0.908794361150437,1.0333420172764094
Round,Female,1.133628001308293,0.8662787307096373,0.8900818921766228,1.02747748573659
Round,Female,1.1344139003717064,0.8447380081232485,0.931026217964005,1.1021478955735196
Round,Female,1.1268501169166611,0.8780645226039796,0.913038253862871,1.0398304798321354
Round,Female,1.1201680715853153,0.8881920829777117,0.8853121046341298,0.9967574825324645
Round,Female,1.1305826214797505,0.904649820555401,0.8741300997971969,0.9662634976929894
Round,Female,1.1511501844837748,0.894738769606749,0.8759644351859026,0.979016965556217
Round,Female,1.1374670504312814,0.8953909675504422,0.8582098180655943,0.9584749558211807
Round,Female,1.1238320930672552,0.8688793588618199,0.9136721912776422,1.0515524185941052
Round,Female,1.1351300661802695,0.8929975102487114,0.8901675366240843,0.996830927754951
Round,Female,1.13729614556643,0.8662889676359696,0.9028446082455781,1.042197975473895
Round,Female,1.1606844305056476,0.8976114938372179,0.8637069225421361,0.962228011196534
Round,Female,1.0914581753956019,0.888151952236206,0.8842456047345999,0.9956017126441363
Round,Female,1.170520281016635,0.8949957427404112,0.8810008856823345,0.9843632138235368
Round,Female,1.0778211210358222,0.8626666103090334,0.909264934175926,1.05401660770225
Round,Female,1.1322019330945334,0.8898484559381339,0.8756895602196927,0.9840884190741064
Round,Female,1.116297668271367,0.8987619094394347,0.8717277603837335,0.9699206777993488
Round,Female,1.1802671255196178,0.88969364498037,0.8770492055161418,0.9857878725608891
Round,Male,1.1560803883885005,0.8791402251220456,0.8904136399314349,1.0128232271567648
Round,Female,1.1739894100344226,0.9034322088148803,0.8648524960064857,0.9572965050039524
Round,Female,1.1245496258738499,0.8836473961136124,0.8853738105731452,1.0019537368266187
Round,Female,1.0893529542954798,0.8954654400682274,0.8913272809364241,0.9953787617627231
Round,Female,1.155234791105984,0.8730188579312942,0.9119856663408584,1.0446345552052563
Round,Female,1.1279526903914787,0.8857051042491594,0.9004103165976738,1.0166028312109372
Round,Female,1.1811752212625493,0.9137328190670252,0.872028107623639,0.9543578707329686
Round,Male,1.1357618079308263,0.8811404187097253,0.8890182003369722,1.0089404383909462
Round,Female,1.1550335490747246,0.8880622586688182,0.8843854589792846,0.9958597500866155
Round,Female,1.1283683093476558,0.894955904234607,0.8771861187251634,0.9801445127906712
Round,Female,1.2236888340804177,0.8905675633387226,0.9164371559178873,1.0290484334306766
Round,Female,1.1190065470053636,0.8474254935860871,0.9178668571240287,1.083123960833243
Round,Female,1.1786081236642767,0.9078019568975462,0.8787446557150922,0.9679915856518324
Round,Male,1.1705896333106531,0.8658957834054913,0.9003569805714485,1.0397983196435308
Round,Female,1.1028011440598098,0.8927759157362934,0.8905246604231063,0.9974783646450291
Round,Female,1.1355167091311762,0.8784546591659579,0.886269061434636,1.0088956239085776
Round,Female,1.1093657358361266,0.8551535618476473,0.9114289023518874,1.0658072924150037
Round,Female,1.093080106334663,0.8915970828689797,0.87121826996954,0.9771434728859085
Round,Female,1.1641014171153565,0.9005827864892996,0.8549160040360717,0.9492919661153545
Round,Female,1.1282703001769316,0.9007125345492754,0.8838602873831521,0.9812900936539577
Round,Female,1.1834213032275809,0.8740335476618123,0.9061140919918509,1.0367040194462322
Round,Male,1.1027130228825337,0.8654441474148933,0.9234244386170829,1.0669948388643895
Round,Female,1.1583186025557008,0.8865320098808129,0.8818527741820034,0.9947218649223522
Round,Female,1.1226727716850737,0.8688113078333962,0.8998105532734749,1.035680066730926
Round,Female,1.1450211639430041,0.8782774377678804,0.8945438118570062,1.01852076962203
Round,Female,1.1555484376030305,0.8981118396973766,0.8944650874295345,0.9959395343579136
Round,Female,1.1664780247597561,0.8993569077555942,0.8864219868952641,0.985617588802859
Round,Female,1.142160150526254,0.8922773891454673,0.89363185522451,1.0015179876745952
Round,Male,1.1761620879952321,0.8842379008500879,0.9076445281387819,1.0264709613399192
Round,Female,1.136318179164255,0.8811394217475749,0.8845760164881162,1.0039001713641702
Round,Male,1.1406125977817703,0.8863031821017584,0.8996011834094946,1.0150038966081578
Round,Female,1.186402003885962,0.9080662658638995,0.8622653279665089,0.9495621193968511
Round,Female,1.0810444242241146,0.8694809680488081,0.898454864907574,1.0333232099648897
Round,Female,1.07612973968884,0.9108209021570298,0.8756528645148522,0.9613886357253202
Round,Female,1.1323987180036508,0.8752523019023596,0.8952220071214199,1.022815941387022
Round,Male,1.15050679734412,0.8589972954158007,0.9160653644631161,1.0664356795438936
Round,Female,1.185387604707698,0.9071499957031864,0.8589981714080149,0.9469196665124314
Round,Female,1.2180741104345527,0.8513392849661096,0.9034681401039378,1.0612315865817274
Round,Female,1.1504000775501104,0.8852929840013821,0.9009113887978241,1.0176420745207415
Round,Female,1.175405391835499,0.9035285486151274,0.8673617675202756,0.9599716233092069
Round,Female,1.1001816260536155,0.8574763067778254,0.8961786389402394,1.0451351621689087
Round,Female,1.082395626272683,0.8822491180737153,0.8917762873525651,1.0107987291612728
Round,Female,1.130587439824778,0.9027264965833568,0.8593135069031844,0.9519090335284474
Round,Female,1.1505934869804568,0.8838630734998054,0.8987625750681826,1.016857250874143
Round,Female,1.1065270187880953,0.9094653073597518,0.8823381585936186,0.9701724204907987
Round,Female,1.2139519446237426,0.8912693132597949,0.8828483548444052,0.9905517240523066
Round,Female,1.2040222489703727,0.858497447964678,0.8998892772429296,1.048214271779588
Round,Female,1.1589604609621185,0.8842807727462471,0.897627678082997,1.0150935152590728
Round,Female,1.1656445574305154,0.8995967209718758,0.8971618947409774,0.9972934247378448
Round,Female,1.1470768050010238,0.888918801743549,0.8687430662396475,0.977303061354616
Round,Female,1.1826878993545753,0.8494938818920634,0.9287667871784432,1.093317806020941
Round,Female,1.1256953169760286,0.8752689143194408,0.8736213967042837,0.9981177012136458
Round,Female,1.1594382950126956,0.8944834346798338,0.8764389644421248,0.9798269374947477
Round,Female,1.1365248620462864,0.8785251444277138,0.9098032444843427,1.03560296510011
Round,Female,1.1567422769709044,0.8816927836277574,0.8783540747991517,0.9962132968641658
Round,Female,1.1937179593375602,0.9120041837451849,0.8845181691352222,0.9698619643419943
Round,Female,1.1348971892371422,0.8961596916433886,0.8889728426972152,0.9919803925425456
Round,Female,1.1883542022489153,0.8786771563479543,0.8933929241135801,1.016747638947152
Round,Female,1.1350418920902179,0.8813211935701667,0.8849810468511342,1.004152689516227
Round,Female,1.1378327935690826,0.8563833025101296,0.9126334335087251,1.0656833579469867
Round,Female,1.1372479470784354,0.8702658945987282,0.90776963912055,1.0430945815004211
Round,Female,1.14630741593051,0.8834957447683828,0.9079968309618566,1.0277319798522595
Round,Female,1.1125989987863343,0.8880095398201568,0.8630941382427072,0.9719424167644689
Round,Female,1.096188787458764,0.8656167508593571,0.8769196262698585,1.013057597833314
Round,Female,1.1086388997743548,0.8980635834364629,0.8685068913425571,0.9670884193067864
Round,Female,1.1714189081361868,0.8472843153970263,0.909883111375889,1.0738816886389897
Round,Female,1.1725733538968965,0.873194996505091,0.8997862389774662,1.0304528113179816
Round,Female,1.1065782714137555,0.8728644655841435,0.8808102412435526,1.0091031036005018
Round,Female,1.1126744222249543,0.8532272764188082,0.9034626090759043,1.058876847992888
Round,Female,1.2097960303064295,0.8497582458919302,0.9106884865240708,1.0717030295695296
Round,Female,1.1527948862239867,0.8491444854183321,0.8936395421785069,1.0523998654224955
Round,Female,1.2302278110132392,0.8860104776613297,0.8758829285278835,0.9885694928121185
Round,Female,1.0878326848488469,0.8918500330695471,0.8765529964687333,0.9828479721549543
Round,Female,1.1686209047703942,0.8758508893399044,0.8954521475667481,1.0223796749714058
Round,Female,1.1226769612869953,0.8725456955689946,0.8874717633668945,1.0171063451160187
Round,Female,1.135753439839409,0.9062461208226011,0.8766309435427473,0.9673210438098514
Round,Female,1.1652165840630722,0.8912677601669793,0.8909245574879995,0.9996149275287198
Round,Female,1.1578552626586087,0.8602457628322359,0.9010388162705765,1.0474202317533483
Round,Female,1.1054224414483365,0.8780072743707592,0.9019482967487495,1.0272674533307804
Round,Male,1.170147629550506,0.8789580020609746,0.8898409208907421,1.012381614143394
Round,Female,1.0942897074863387,0.8348617216183446,0.9168023855582191,1.0981487853833278
Round,Female,1.1662730059402215,0.8901414049765992,0.8722532344757075,0.9799041248942217
Round,Female,1.0950070899970117,0.8541144037808528,0.9227395907513175,1.0803465983791938
Round,Female,1.132711453281409,0.8715360343879728,0.9037754989449502,1.0369915451397456
Round,Female,1.1017031726200577,0.8360084318090989,0.9148173413880046,1.0942680798187232
Round,Female,1.1244589309438013,0.8587076555047405,0.9090919345168083,1.058674542714368
Round,Female,1.1470503330768083,0.8540403397567197,0.9000766806473361,1.0539041761232617
Round,Female,1.1644960364206318,0.8728836003287663,0.8763116275698114,1.0039272444112295
Round,Female,1.157148953885468,0.8689030788161929,0.9165487174245981,1.0548342384438532
Round,Female,1.2082920404907764,0.9185275455915047,0.8922980738130216,0.9714440008855781
Round,Female,1.1261970712683402,0.8904240945983871,0.8746543324935783,0.9822896053684154
Round,Female,1.1195841606893067,0.8729506265018354,0.900354979450181,1.0313927868499995
Round,Female,1.1097484443351833,0.8524223115299983,0.9032292263320905,1.0596029856502698
Round,Female,1.1049759467493125,0.8982080828788174,0.8779800348152312,0.9774795524008715
Round,Female,1.1618836999286783,0.8818330823239189,0.891051060156026,1.0104532002902575
Round,Female,1.1289997984102296,0.8723543323808359,0.8756674311045547,1.0037978818935611
Round,Male,1.1912524133863556,0.8812283646087883,0.8710753929977061,0.9884786146033899
Round,Female,1.1015181163069938,0.8784153462502884,0.8971672172110535,1.0213473854262811
Round,Female,1.1435804609390041,0.8833332221958751,0.8828810058066368,0.9994880568534328
Round,Female,1.188165769086871,0.8656835578621089,0.8988364250017998,1.0382967503986853
Round,Female,1.1392187559843965,0.9075208882685277,0.8706366161410201,0.9593571094568637
Round,Female,1.147871433395856,0.8782484117142726,0.896040488390087,1.0202585924876149
Round,Female,1.1512705846296096,0.8936613380574382,0.877224558622463,0.9816073732464424
Round,Male,1.090288874765074,0.883932253436163,0.88605018793222,1.0023960371259493
Round,Female,1.1742460478960468,0.8576302247925379,0.9168543849526986,1.069055588816832
Round,Female,1.1654870736189824,0.8876306980710883,0.8739105726670138,0.9845429800547798
Round,Female,1.1575227839726208,0.8544427113770933,0.909951134208498,1.0649644757832186
Round,Female,1.1454250738179887,0.8733165862024338,0.8780811061349281,1.0054556617929502
Round,Female,1.1559799942258042,0.902966426887245,0.8717285749559267,0.9654053007939585
Round,Female,1.0968115957337143,0.8931321943069856,0.8859363820717981,0.991943172263798
Round,Female,1.1153668123326341,0.9051328573618228,0.858587840859119,0.948576591685813
Round,Female,1.1239061762607758,0.8827953179137321,0.8715384401935286,0.9872485982970477
Round,Female,1.1298952852343043,0.8719533221145006,0.8973007959693418,1.0290697600570786
Round,Male,1.1106742020362936,0.8486996976743938,0.9136814590263448,1.0765662595733378
Round,Female,1.143643715383604,0.8342964297997245,0.9409474435550981,1.1278334773420708
Round,Female,1.1376165102954863,0.855476364165419,0.8871617164736312,1.037038255684742
Round,Female,1.148468686977587,0.8398794554857384,0.9302804207000336,1.107635642976899
Round,Female,1.0946843785752902,0.8807809801532761,0.8987819618957926,1.0204375232301042
Round,Male,1.1136618930261635,0.846808812711237,0.9155839289058578,1.081216816785861
Round,Female,1.1650821745652657,0.8680012939486541,0.8972385458026224,1.033683419665153
Round,Female,1.1021465947936606,0.8968541091486387,0.8789149744504087,0.9799977114279388
Round,Female,1.1032837613192894,0.8832941016452419,0.8709401532866841,0.9860137769112833
Round,Female,1.152888153496048,0.8876950657355949,0.8837042747765168,0.995504322246321
Round,Female,1.1252838653890342,0.8535363287034312,0.9057818899225635,1.0612107059326885
Round,Female,1.1592212436600418,0.8655281126782292,0.9019662958343851,1.042099364101998
Round,Female,1.172664944320665,0.8642056850022761,0.9044745952906008,1.046596442244208
Round,Female,1.144550773465577,0.8837788713039181,0.8896704126174778,1.0066663070422441
Round,Female,1.1767674150994258,0.8799597925960748,0.8892225815799429,1.0105263775252058
Round,Female,1.168106137689221,0.8453991674235524,0.9412733348850287,1.1134069811704022
Round,Female,1.1287566141020615,0.8784325699592882,0.9005823086967213,1.0252150699950249
Round,Female,1.1309311180879775,0.8853315519915659,0.8828457071616631,0.9971921876902378
Round,Female,1.1123259758717254,0.8761038744750687,0.89669719628432,1.0235055709821967
Round,Female,1.1607476375252843,0.8967018239073983,0.8941956784966033,0.9972051518754871
Round,Female,1.2312655229932274,0.8872832908781685,0.891420585532808,1.004662879034434
Round,Female,1.1212125775410877,0.9066445189496234,0.8451901483341374,0.9322177884153727
Round,Female,1.1504506710783629,0.8781751921735602,0.895475017822617,1.0196997430617896
Round,Female,1.1337459288273328,0.8524650896431166,0.9148154961364748,1.0731413019147342
Round,Female,1.1223558559909192,0.855594937554205,0.9125029272124053,1.0665127704248425
Round,Female,1.1155965506344578,0.9020324209417918,0.8776052610378442,0.972919864811019
Round,Female,1.194445237109759,0.872839496204094,0.9040497539990664,1.0357571557321859
Round,Female,1.103478168068241,0.8840438757218831,0.908447190621815,1.0276041897581214
Round,Female,1.158255659009788,0.8666683344359161,0.8949865807017968,1.0326748366597611
Round,Female,1.121223953378296,0.9050822325348443,0.8565591356834092,0.9463881898161479
Round,Male,1.1354316996746048,0.9176425831231027,0.858954691053152,0.9360449338889523
Round,Female,1.182520948743835,0.8852552558521768,0.9001187865021328,1.0167901072054613
Round,Female,1.1226643368382063,0.8927645179050958,0.8734088557550854,0.9783194092486683
Round,Female,1.0094764964306633,0.8366992693542501,0.9010288510014848,1.0768849501887139
Round,Female,1.117280606588398,0.8437485459478927,0.9171801614477267,1.0870302127956128
Round,Female,1.1399611189421006,0.8295101140565134,0.9105144325934786,1.0976532017684915
Round,Female,1.0652324691686887,0.8909848039616796,0.8720720937467473,0.9787732516527344
Round,Female,1.1532874903417174,0.8758057858676217,0.9157677226157411,1.0456287654100513
Round,Female,1.1506028265438624,0.8799929038923561,0.8876987790380151,1.0087567469141794
Round,Female,1.0937089104532995,0.8336421295822133,0.9149521862484062,1.0975359255259116
Round,Female,1.1690752562173155,0.8585711718389576,0.9056861754591852,1.0548760605592111
Round,Female,1.1326739424193348,0.8564632871010927,0.9139874870166727,1.0671648169652252
Round,Female,1.1580281139450144,0.8851641394393038,0.9060367815154572,1.0235805328595609
Round,Female,1.1383306609056918,0.8610381687670655,0.9188087638422249,1.067094116347806
Round,Female,1.146299237288652,0.8940888496246742,0.8750623195515295,0.9787196428172305
Round,Female,1.1084822162833643,0.8791119223518244,0.8913123927117163,1.013878176429746
Round,Female,1.1768179356511577,0.9014502786216418,0.8710760784159717,0.9663051851821337
Round,Female,1.1891024313111556,0.878236817257365,0.8868830441726927,1.0098449834320644
Round,Male,1.2141267911015237,0.8975472729101523,0.8782482986997825,0.9784980972113079
Round,Female,1.182107618161736,0.8905944206944473,0.8679883186675198,0.9746168384826617
Round,Female,1.2353389289279688,0.865061485411706,0.9083308468841378,1.0500188277967764
Round,Female,1.1037940936112745,0.8659003354813175,0.9088328446412077,1.0495813518030639
Round,Female,1.0673164170351273,0.8653212020879207,0.907545311797787,1.048795880197994
Round,Female,1.1932116459913986,0.8762954493375895,0.8860923166632638,1.0111798678551622
Round,Female,1.117809630873668,0.8623125361690662,0.8903122419481492,1.0324704844295494
Round,Female,1.1110581241853172,0.8871970950082609,0.8801948772386468,0.9921074834340514
Round,Female,1.1958816679152966,0.9031444852892919,0.8761325283538408,0.97009121200934
Round,Female,1.1445725198917176,0.86688922929766,0.8871526608468767,1.0233748798166908
Round,Female,1.1017706210450051,0.8784667200774631,0.9051305317911085,1.0303526714265216
Round,Female,1.1818253222111335,0.9115506676380957,0.8715753273595883,0.9561457835557436
Round,Female,1.1825738837769526,0.8879099640177536,0.8833271613484287,0.9948386628655591
Round,Female,1.2123085020624538,0.8752216373986113,0.8856804925138569,1.0119499503535265
Round,Female,1.2287770884672276,0.8834493914377036,0.895343215744521,1.013462937913695
Round,Female,1.1910009983033456,0.8807429908973187,0.8990627128282266,1.0208003039709046
Round,Female,1.171547096696254,0.8545549309323951,0.9112944040148804,1.0663965194379927
Round,Female,1.1741465787793586,0.8949619457344822,0.8953438487343054,1.0004267254061956
Round,Female,1.1564452675002335,0.879848997591922,0.8888084365008115,1.0101829279040049
Round,Female,1.1681320378433215,0.8766739466118908,0.8889197374740222,1.0139684667366449
Round,Female,1.153701273428388,0.8872326633048115,0.8758910590392415,0.9872168769989551
Round,Female,1.1834463117582328,0.8574913339109542,0.910676764479013,1.0620244525684988
Round,Female,1.20315446943919,0.8613599341185278,0.906025271671993,1.0518544406168293
Round,Female,1.2318659968339725,0.8986175488438609,0.880422835389676,0.9797525504842479
Round,Female,1.183968301657579,0.8783417178274872,0.8968204271664656,1.0210381779254254
Round,Female,1.1826263950844496,0.8893767825290101,0.8732517327438405,0.9818692705926988
Round,Female,1.1818670675045118,0.8729397093596383,0.9078944229020582,1.0400425289027826
Round,Female,1.2147706050187643,0.8767447127401208,0.8918684739068193,1.0172499029043833
Round,Female,1.154015504072955,0.8715189309380539,0.8969782476869018,1.029212580295238
Round,Female,1.1379205673968922,0.8821359584467621,0.8867111348734096,1.005186475375863
Round,Female,1.1772375164017035,0.8773437263666587,0.8730649996650486,0.9951230896477375
Round,Male,1.1958421918342392,0.8561774517280283,0.9163282684580881,1.0702550815939582
Round,Female,1.1672236948067736,0.8984501171552124,0.8818665391016418,0.9815420158148794
Round,Female,1.1873467122895756,0.8795907961484715,0.8790545824365655,0.9993903827617866
Round,Male,1.2203547942607529,0.8604364904263694,0.8967910301438342,1.0422512760929634
Round,Male,1.2085273144993656,0.8414849410930592,0.9075546592571134,1.078515627479004
Round,Female,1.1663829903898169,0.8728610852596319,0.9148656636947577,1.0481228675953993
Round,Female,1.1892847668931117,0.8601914242786362,0.9160848867437484,1.0649779350125292
Round,Female,1.1822758827799316,0.870406857047832,0.9035920889856695,1.0381261150106194
Round,Female,1.1794148240698323,0.8824160246460455,0.923330710780301,1.0463666626528765
Round,Female,1.160796925622546,0.877245876006993,0.906988285551004,1.0339043024965715
Round,Female,1.1268686016026388,0.9039609527713417,0.8692691623077375,0.9616224679204927
Round,Female,1.1669130089070898,0.8964883107774697,0.8920706818700952,0.9950722961423297
Round,Female,1.1671061502892106,0.9092998723659829,0.8790170420824797,0.9666965418078112
Round,Female,1.1217076561116819,0.8733953441054704,0.8794572195624977,1.0069405859533587
Round,Female,1.146079944343359,0.8983611969981998,0.8839608746676793,0.9839704537789054
Round,Female,1.1369861168637194,0.9097372968773643,0.871985698357483,0.9585027472771952
Round,Female,1.1112410086992788,0.8939947299059045,0.8925179405273032,0.998348100576883
Round,Female,1.0841453502607497,0.8883810086999975,0.9017610243066096,1.0150611229591588
Round,Female,1.203117660501135,0.8922210519072379,0.8914041954009961,0.999084468468329
Round,Female,1.1511049399798314,0.8966297473909562,0.8740486895970027,0.9748156272311277
Round,Female,1.1488556110244086,0.8873000210189789,0.8940035095519356,1.0075549288562604
Round,Female,1.185911953505994,0.8898900346006214,0.9026012445720819,1.0142840232806576
Round,Female,1.1651679669658885,0.8872825898983718,0.8899120456311943,1.0029634929871931
Round,Male,1.1723884914300842,0.8963149848823396,0.8843291257223618,0.9866276260442625
Round,Male,1.1780428091766828,0.8922106093077709,0.8954522741938067,1.0036332956055645
Round,Female,1.2417883411021817,0.8891401908243781,0.8968233975198531,1.0086411645483615
Round,Female,1.2180691251408056,0.8973375610884435,0.8867971264614052,0.9882536571697131
Round,Female,1.17735385491495,0.8871009785081729,0.8967010201633885,1.0108218138496023
Round,Female,1.1957797181281264,0.8821096242499029,0.8886412402210467,1.0074045399705256
Round,Female,1.1699833391498464,0.8708190302049273,0.9057838159811044,1.0401516096495373
Round,Female,1.2052204901587904,0.8541262679319026,0.9062050147353703,1.0609731239498885
Round,Female,1.162881904562332,0.8906255469560704,0.8965073900191536,1.0066041706115278
Round,Female,1.1630153145926472,0.8764481658697261,0.9121777848865902,1.0407663800418916
Round,Female,1.12578447326434,0.8985499714549016,0.8819761332350071,0.9815549065200474
Round,Female,1.164391496362379,0.8911534726655449,0.9026005554347751,1.0128452428457588
Round,Female,1.170132451354248,0.8739144549129998,0.9000537724233855,1.029910613519933
Round,Female,1.16097822806013,0.9113326028579138,0.865084812556126,0.9492525668929698
Round,Female,1.2076521024806495,0.8980900288112539,0.8862490145640165,0.986815337140631
Round,Female,1.1872095197074883,0.8849262508875695,0.9054252388346137,1.0231646286077332
Round,Female,1.1784640366933654,0.894272707021452,0.8788338982767463,0.982735905251847
Round,Female,1.1677268058863,0.8927918749562016,0.899269498624092,1.0072554688831685
Round,Female,1.135918623530161,0.8810357917118676,0.8777631146257406,0.9962854209591552
Round,Female,1.2094602407786188,0.892256351543518,0.8788417856704833,0.9849655697604968
Round,Female,1.202873267435281,0.8644844713387095,0.8914784672068774,1.0312255416530107
Round,Female,1.2116547311579013,0.8487513310487009,0.9081071648254894,1.0699331259998726
Round,Female,1.1804343686704943,0.8693801610161871,0.8914815264485118,1.0254219804216502
Round,Female,1.1545285876538325,0.8486602012092418,0.9171330349053727,1.0806834509248402
Round,Female,1.2261935846046363,0.8955944491891137,0.8774951926228884,0.9797907897010611
Round,Female,1.1470971678377095,0.85416476525098,0.9092513881476034,1.0644917996359138
Round,Female,1.2290753334408309,0.8822715357338754,0.8905881856469654,1.0094264062437106
Round,Female,1.200972090325391,0.8827246281147745,0.8977726349502453,1.0170472266845083
Round,Female,1.1671782988863202,0.8482949627403817,0.9214006206428325,1.0861795261241278
Round,Female,1.1048665614901476,0.8711396100652059,0.8813203545934803,1.0116866968401452
Round,Female,1.190098238611229,0.8926797301774546,0.8721759198237826,0.9770311684464975
Round,Female,1.1958315826292432,0.8840526810703752,0.882302244875514,0.9980199865547132
Round,Female,1.1231120948849014,0.8822162275795307,0.8700138959327132,0.9861685477263368
Round,Female,1.125624093489505,0.8874965827975995,0.8754688340135117,0.9864475548219312
Round,Female,1.2191774780823106,0.8859065001911184,0.8783377420346878,0.9914564819709555
Round,Female,1.244283280021763,0.8730685080311464,0.8801790777596897,1.008144343385582
Round,Female,1.2350562373585174,0.8771652623939358,0.8787478882912555,1.001804250538833
Round,Female,1.1566513730235755,0.8761551889587212,0.8950081253608704,1.021517804881753
Round,Female,1.1423369045470357,0.919197973168389,0.8606816475411777,0.9363398012883872
Round,Female,1.177303250318233,0.8868578962351378,0.8957826947241789,1.0100633918093624
Round,Female,1.1157483189471744,0.8878311009191903,0.8766166860149245,0.9873687519026363
Round,Female,1.1839632562912439,0.9094269975722056,0.8769322894551425,0.964269030715153
Round,Female,1.2016109093962093,0.9023954818538239,0.8877034897708178,0.9837188988880753
Round,Female,1.108626351079552,0.9155657956869053,0.8519262593269151,0.9304915750896477
Round,Female,1.171599110379209,0.9007488119059998,0.884427173463547,0.9818799223193914
Round,Female,1.1919212653451214,0.8984677832095311,0.8941120176336254,0.9951520069419227
Round,Female,1.2310896427143287,0.9091325460458743,0.8850538488254648,0.9735146461039856
Round,Female,1.1481004703308135,0.9064543753241587,0.8748543602125958,0.9651388796041032
Round,Female,1.156480630843484,0.899841672774176,0.8750732524880542,0.9724746907867006
Round,Female,1.1565884000933637,0.8780521017194447,0.9001794117281513,1.0252004521888574
Round,Female,1.181930370363872,0.9253071722628976,0.8667753603801763,0.9367433716745349
Round,Female,1.1380578036696236,0.8683513504676227,0.899025792397696,1.0353249199342576
Round,Female,1.1463862572106838,0.8805090727369709,0.8762709116277813,0.9951866922892506
Round,Female,1.1699557225851012,0.8924509971380913,0.8801950709843992,0.9862671158495039
Round,Female,1.1407132190183147,0.8741352476919102,0.8764562427226621,1.0026551898426248
Round,Female,1.2045245552173394,0.8934983989087991,0.8935019202879638,1.0000039411141297
Round,Female,1.168134328391548,0.8847876758767342,0.8788190975042289,0.9932542252393026
Round,Female,1.1864561003345684,0.9150305222815579,0.8763468239843263,0.9577241443260528
Round,Female,1.1073497955941942,0.9064062015938885,0.867861018276973,0.9574747136006628
Round,Female,1.1052474207737737,0.8899361704876566,0.8650187837304542,0.9720009281749403
Round,Female,1.1442328020145864,0.8923300365445409,0.8872639731227725,0.9943226572968604
Round,Female,1.1171390218389767,0.9216431162138302,0.8675534169833443,0.9413116657858956
Round,Female,1.141915172720632,0.8348574774978488,0.9227646963526367,1.105296078940629
Round,Female,1.1407490581902977,0.9158996950928238,0.8708180849381653,0.9507788785210922
Round,Female,1.187438265283414,0.8893457874136722,0.8738579050433206,0.9825850837890712
Round,Female,1.130219064973899,0.8990646704527241,0.8625577861222439,0.959394595816898
Round,Female,1.1305276871553616,0.878215190261685,0.8847272443136329,1.0074151006770988
Round,Female,1.1335785321968386,0.853312027408716,0.9234208223680046,1.0821607954738321
Round,Female,1.1202394970069527,0.8778065918494055,0.887385650071728,1.0109124929241426
Round,Female,1.049967328874457,0.8525036802375667,0.9074219870167249,1.0644200231063567
Round,Female,1.086364535126454,0.8764264062544377,0.8985057977272723,1.0251925219451052
Round,Female,1.0877383355959427,0.8415138328624631,0.9210896615252351,1.0945627101483166
Round,Female,1.1128463256351255,0.8761733535798015,0.9094014343436584,1.0379240941625263
Round,Female,1.1475657878234091,0.8802195106667983,0.9007679733066355,1.0233447025325206
Round,Female,1.1914354993460297,0.8798433053743092,0.8924329510612334,1.0143089634370388
Round,Female,1.1494509711329939,0.8655139649152301,0.8989591220533619,1.0386419613014648
Round,Female,1.1392511437238282,0.8287168122129588,0.9336039948882461,1.1265657714789235
Round,Female,1.2031321811565077,0.8425825233217887,0.9196782382657213,1.0914993045903578
Round,Female,1.1673503745644602,0.878516905385486,0.9023797775911088,1.0271626784406065
Round,Female,1.1728396891524604,0.8804972220655622,0.9125843138427799,1.0364420136408203
Round,Female,1.1669151995855085,0.864568933610672,0.891594460664514,1.0312589615509038
Round,Female,1.1566327546438733,0.8732757702071338,0.8987110507456286,1.0291262867999438
Round,Female,1.206519858624063,0.8596641550022432,0.8887759398046896,1.0338641370970858
Round,Male,1.122427161435545,0.8760310200005671,0.8813527028808262,1.0060747653436468
Round,Male,1.175056906288829,0.8981248890950915,0.890598968089674,0.9916204070315875
Round,Female,1.2060905813994085,0.8728145808727211,0.8933377912040216,1.023513826167729
Round,Female,1.1467280396911317,0.8897253624940744,0.8882213135161033,0.9983095356821627
Round,Male,1.1334868813796684,0.8646673781421769,0.9029572173707859,1.0442827383066986
Round,Male,1.0714090324138805,0.8762801006403516,0.8917410867566412,1.0176438859047368
Round,Female,1.126992833267799,0.8858214787256541,0.8810877082134777,0.9946560671355741
Round,Male,1.167638973989179,0.887347013000905,0.9103378368008509,1.0259096198703521
Round,Female,1.1138378320466653,0.8738099952256498,0.8862940247332635,1.0142868925462334
Round,Female,1.1324457821756597,0.9111022342783132,0.8642790274058058,0.9486081746802034
Round,Male,1.1431561372580474,0.88512975617441,0.8965453540752267,1.0128970897443959
Round,Male,1.136186925421407,0.8993808609265913,0.8964106001289828,0.996697438285991
Round,Male,1.1728461136449813,0.89270348250993,0.8923664415258752,0.9996224491215077
Round,Female,1.0542838251108344,0.8816662506687738,0.8920583062475218,1.0117868360854974
Round,Female,1.1268019972345518,0.901332921260037,0.8836365334068974,0.9803664246187741
Round,Male,1.1435811412708388,0.8974851729979655,0.8934376791420909,0.9954901830385072
Round,Female,1.151353028400064,0.8881479921179154,0.9015106065332646,1.015045481759728
Round,Female,1.1083340877046994,0.8798661275768925,0.8895208698431195,1.0109729673226717
Round,Female,1.183390390244503,0.9056095061426339,0.8585185225273202,0.9480007847798619
Round,Male,1.1049988163008113,0.8932082159777522,0.8790383113080843,0.9841359445466399
Round,Female,1.1153370946075576,0.8901392309881336,0.8960755238263391,1.0066689486672953
Round,Female,1.1530437187923064,0.8740671047341966,0.9030502516715955,1.0331589494449773
Round,Female,1.0872827379301138,0.8590639247613017,0.911252902562813,1.0607509828980566
Round,Female,1.1368476229619164,0.8790218766402681,0.8907208839879133,1.0133091196687394
Round,Female,1.1679148177395084,0.8993296737768124,0.8827473075545835,0.9815614154567037
Round,Male,1.1423857481221902,0.8848707846970366,0.9060145708212899,1.0238947725361873
Round,Male,1.1542878817398798,0.8826055735602997,0.898166481751165,1.0176306480006634
Round,Female,1.0815904207709115,0.8936517677848892,0.877131749884321,0.9815140320915867
Round,Male,1.1835204781173152,0.8985803261191598,0.901616614055887,1.003378983323439
Round,Female,1.1726071565668144,0.9034154996521198,0.8658605934682352,0.9584300842764532
Round,Female,1.1602980270428351,0.9013872915646679,0.8878942124410472,0.985030763968062
Round,Female,1.1748553191154265,0.9089428750527295,0.8729937067915835,0.9604494746063547
Round,Female,1.1445768249892359,0.882891767383234,0.9076913428128145,1.0280890323658616
Round,Female,1.1193863818427927,0.8849810848454982,0.8822949822747884,0.9969647909806132
Round,Male,1.081317713512347,0.8882586844777242,0.8789639903409023,0.9895360503654553
Round,Female,1.143990527822931,0.8982918820630816,0.8918278353974525,0.9928040687056155
Round,Female,1.1953043261028582,0.8850153491090041,0.8717309029592202,0.9849895867194188
Round,Female,1.2541714911994584,0.8904165368696494,0.8666656573675244,0.9733261024265972
Round,Female,1.187257531811471,0.8876608369652883,0.8772586076428313,0.988281301946338
Round,Male,1.0938431901834647,0.8903258977168014,0.8792216618970446,0.9875278975392798
Round,Female,1.1491757456479204,0.8777521535084384,0.8889455543744639,1.0127523479393183
Round,Female,1.105104327907728,0.8676822802266938,0.9304465395792545,1.0723355320062116
Round,Female,1.162582511535944,0.8584300936029351,0.8988410262518833,1.0470753914035547
Round,Female,1.1830409756591702,0.8855915797271894,0.8964283089854507,1.0122367121665719
Round,Female,1.072419282047426,0.8610483691277027,0.8874729193781428,1.0306888105220033
Round,Male,1.0996669753195656,0.8757934398618072,0.9058008238411626,1.0342630837519065
Round,Female,1.1425598624752191,0.8994175711605178,0.8766178290971642,0.974650548538945
Round,Male,1.1784677143546065,0.9001664034450849,0.8849364847553742,0.9830809963230984
Round,Female,1.0940177502259076,0.8507165937087035,0.8993159835653932,1.0571275912755158
Round,Female,1.0803549080455337,0.8694860093411771,0.9117354734840847,1.0485913099106914
Round,Female,1.2353238225762742,0.8801263619462691,0.8849465314734377,1.0054766789583593
Round,Female,1.164583072332672,0.8872448603901305,0.8857832469222907,0.9983526379998447
Round,Female,1.1677842191821677,0.9041665459791871,0.872187629192557,0.9646316080496012
Round,Female,1.1754442553828865,0.91000765035675,0.8870055045448788,0.9747231291925362
Round,Female,1.1196768397414636,0.865736303188066,0.9056459074468464,1.046099030515197
Round,Female,1.1720560067394377,0.8911016297525932,0.8799543421336566,0.9874904418904142
Round,Female,1.1874044344691672,0.9063636767881388,0.8662030092767596,0.9556903387239706
Round,Female,1.1834356276117342,0.867798729482885,0.8847927721473239,1.0195829310266051
Round,Female,1.1197802425997532,0.9045696389595218,0.8623231021838781,0.9532965346656586
Round,Female,1.135335477272028,0.8676729483123528,0.8865515555831887,1.0217577455970654
Round,Female,1.1025924803874034,0.8936218397243229,0.8730526742905,0.976982248508868
Round,Female,1.179043066420925,0.9027884916317506,0.8756530370377584,0.9699426223910476
Round,Female,1.1221561382109655,0.8985703101642766,0.8744120024537246,0.9731147274316961
Round,Female,1.1632977393230166,0.8981924048807333,0.8914308610744419,0.9924720541283255
Round,Female,1.1390969056425382,0.8918310616635504,0.8917395902245149,0.9998974341184473
Round,Female,1.1528907340475245,0.9009683312332608,0.8760823448125795,0.9723786224687643
Round,Female,1.199114062318166,0.8662068516462399,0.9066143128158041,1.0466487434182368
Round,Female,1.1840681331918506,0.8816525414465828,0.8737057553050933,0.9909864875697509
Round,Female,1.0647367388599314,0.873662713900532,0.9038402805105321,1.0345414381658458
Round,Female,1.1673026792589696,0.8695999313488438,0.9103889792988545,1.0469055326243442
Round,Female,1.1215029137532995,0.9016279210062984,0.8782363041091039,0.9740562416577702
Round,Female,1.092509349982768,0.8872635727658762,0.8901553221439529,1.0032591773930966
Round,Female,1.1627755949366085,0.9128328657517569,0.8773799511416243,0.9611616584587632
Round,Female,1.1953320950902377,0.878318008451614,0.9163990823424676,1.0433568178318315
Round,Male,1.2051680608143218,0.8929437109827565,0.8733066526039018,0.9780086268178736
Round,Male,1.2115464776673641,0.9054254777625143,0.9059538249433198,1.000583534695877
Round,Female,1.2027159002726764,0.8864553605163751,0.8818580357619265,0.99481381132179
Round,Female,1.1845822513406938,0.867691017808317,0.8805310256472357,1.0147979033727363
Round,Female,1.1714890595496545,0.8876375829641412,0.8741580495375627,0.984814147479464
Round,Female,1.1533593420062558,0.890585769387575,0.8896789503485552,0.998981772368041
Round,Female,1.1397072694666766,0.8589194470336147,0.8794615195205436,1.0239161804496026
Round,Female,1.1473946451927428,0.8920939669213281,0.8661545084034017,0.9709229526487607
Round,Female,1.188450885935445,0.8542918753014281,0.8990115701222748,1.0523470913323012
Round,Female,1.1346740051698556,0.8741642366217477,0.8805650213554216,1.0073221763891989
Round,Female,1.1506341520750554,0.8667484437028392,0.8921572534114041,1.0293150912391786
Round,Female,1.1329753676807774,0.8719221139390245,0.8905795664572987,1.0213980723966118
Round,Female,1.200392681934287,0.889343954999459,0.8831388540111174,0.9930228333442201
Round,Female,1.1403075150224784,0.8900129360532646,0.8761828938812489,0.9844608526328341
Round,Female,1.1661539171080162,0.8783448690198953,0.8557731902270156,0.9743020314810213
Round,Female,1.1661680784969184,0.8982028497569109,0.8834202961245825,0.9835420766741843
Round,Male,1.0531491728653535,0.8814049705068714,0.8908307477776893,1.010694036891348
Round,Female,1.1157701480763584,0.8859004168208922,0.8702153172110443,0.982294737295491
Round,Female,1.1263026672735523,0.8969782154101131,0.8873833555076557,0.989303129398666
Round,Female,1.121830585392733,0.8869440256600206,0.8803079877744776,0.9925180871694751
Round,Female,1.1380297678221072,0.8855754031942632,0.8823186421775454,0.9963224351026794
Round,Male,1.190784308521573,0.8714175734175049,0.897251704207589,1.029646098011047
Round,Female,1.1194467877286072,0.8818263073288743,0.8636297584491845,0.9793649285256542
Round,Female,1.1299083169885205,0.9209894155580456,0.8674572350022861,0.9418753574672482
Round,Female,1.1399351155227855,0.8857373385670846,0.8827499691740279,0.9966272513724108
Round,Female,1.196988998243649,0.882601255298931,0.872444294573065,0.9884920164514995
Round,Female,1.1617511347301124,0.8958749759190726,0.8677931033495083,0.9686542505099495
Round,Male,1.1098607754282592,0.8588057195920785,0.8990144507370038,1.0468193564943
Round,Female,1.10554224079824,0.8974980520899344,0.8849470841496626,0.9860156042555799
Round,Female,1.1551075245371158,0.8660652970116813,0.9074837773072947,1.0478237385085467
Round,Female,1.1576806108135764,0.8946499506211121,0.8850406208501017,0.9892591177540008
Round,Female,1.1628052204785886,0.880896273400823,0.8924365495287558,1.0131006072751108
Round,Female,1.1759324637373463,0.8946755979645825,0.8975477033566522,1.0032102198814898
Round,Female,1.199971154692072,0.8626295905299163,0.9057264029830794,1.0499598123299811
Round,Female,1.1404846308828864,0.8940953060581827,0.8665317300737837,0.9691715460335888
Round,Female,1.1639223170091029,0.894762942063787,0.8996287075111312,1.0054380498102897
Round,Female,1.1456020388048898,0.8992423462654622,0.879778955045146,0.9783557888469695
Round,Female,1.1651315217893097,0.8610677091908067,0.9062273273857578,1.0524460709801675
Round,Female,1.142721242216002,0.8963826995020296,0.8764362047916201,0.9777477915164019
Round,Female,1.1439623886334465,0.8799224328653774,0.8800411896115514,1.0001349627441447
Round,Female,1.155143114795886,0.8825049170163548,0.8821790548724331,0.9996307531690323
Round,Female,1.1547566247167202,0.8833803946414972,0.8821197716155772,0.9985729556218738
Round,Female,1.1358647249269727,0.9054828764671334,0.8644650033371556,0.9547005534880849
Round,Female,1.1234892699279395,0.9197221080677853,0.9103770217308466,0.9898392283332499
Round,Female,1.162037065892271,0.8767901117329958,0.8893023818629777,1.0142705420174631
Round,Female,1.0464122642913967,0.855177057469759,0.9209533237275882,1.0769153775622136
Round,Female,1.1674032417078701,0.8703794650433239,0.9078928081127119,1.0430999863576984
Round,Female,1.1151445664546125,0.8899388814471176,0.8813174987898131,0.9903123879211959
Round,Female,1.1647633585079504,0.8863157654573448,0.9020706260416007,1.0177756745375348
Round,Female,1.1554476584389408,0.8500249022385964,0.9096141825018829,1.0701029818142436
Round,Female,1.1130981252850594,0.8841399229586568,0.9082931291609663,1.0273183074026158
Round,Female,1.2171817421271018,0.9032087100557773,0.8667782381303796,0.9596654997678798
Round,Female,1.1175113661253073,0.8503242279529358,0.9383031078236007,1.1034650983454448
Round,Female,1.1294901513196227,0.8936764596437973,0.8861175252595377,0.9915417550695332
Round,Female,1.1123865232539083,0.8851066168651377,0.8935272674336378,1.0095137132725596
Round,Male,1.0663476598328383,0.8730711236332752,0.8921730223935214,1.021878972105679
Round,Female,1.1235718301882576,0.9038538289597985,0.876889512810719,0.9701673929067586
Round,Female,1.1263525613725518,0.9137924115519057,0.89177504596805,0.9759055062117846
Round,Male,1.0992247599737865,0.8776106462508119,0.9077026413518471,1.0342885483780186
Round,Female,1.1609366546380202,0.9038437323923797,0.8826912005923525,0.9765971361619794
Round,Male,1.0852828028615116,0.8767053395794533,0.8957933602520374,1.0217724471505334
Round,Female,1.1620533711519612,0.8912319437188889,0.8857963070961151,0.9939009854156571
Round,Female,1.043614355770416,0.8644387299436965,0.9007957522163095,1.0420585300186411
Round,Female,1.1947604335529318,0.8907361061625015,0.8777763052946551,0.985450459706096
Round,Female,1.1874580523423057,0.8692160831219745,0.8783407034880288,1.0104975282248359
Round,Female,1.1250702327659194,0.8737004816943322,0.9061172906785382,1.0371028855579218
Round,Female,1.1051813776002177,0.9024550358913972,0.8729784696782492,0.9673373574961188
Round,Female,1.197426299288281,0.9277194621593671,0.8587905797964289,0.9257007261629514
Round,Female,1.1763988322430106,0.8982928927256513,0.8953226967863889,0.996693510587343
Round,Male,1.089182290151094,0.8659930863923908,0.901741356516774,1.041280087204051
Round,Female,1.1346851266661655,0.8921352262565843,0.8906397197798669,0.9983236773611186
Round,Female,1.176089082426201,0.8958860106245139,0.891350011469684,0.9949368568087497
Round,Female,1.1829041349808036,0.8894687567537767,0.8901821202399034,1.0008020107291122
Round,Female,1.1275187543302176,0.8868442515011993,0.8990105609044364,1.0137186539605378
Round,Female,1.0179037658598875,0.8879131416529976,0.8841844930482007,0.9958006606391078
Round,Male,1.099647317074108,0.870304609620234,0.9115140565188332,1.0473506016664456
Round,Female,1.144099333352344,0.8941828233951019,0.8982821982034828,1.0045844929036056
Round,Female,1.112711461945807,0.853473729678472,0.923774480704293,1.0823701404989996
Round,Female,1.0985260737857245,0.8986630859108514,0.8690161465880187,0.9670099509063692
Round,Female,1.1277551933201158,0.8501552476168428,0.9291849799400747,1.0929591772147125
Round,Female,1.1803928677338895,0.8732401354353165,0.893043224873741,1.0226777133056906
Round,Female,1.1500028827492215,0.8727579117690256,0.8855936824964691,1.014707137631587
Round,Female,1.156110042265053,0.867607325011288,0.881717693397744,1.0162635422496835
Round,Female,1.1698981123094883,0.8972257862526932,0.8767414242378149,0.9771692228102
Round,Female,1.1713246647296924,0.8789660681853692,0.8832318043399459,1.0048531294995078
Round,Female,1.1195655466535162,0.8755193666821792,0.8846344626792542,1.0104110729516094
Round,Female,1.0881406022656361,0.8794966682687649,0.8920089447638392,1.0142266331943064
Round,Female,1.1145658532392169,0.8779500333641366,0.8898045452804595,1.0135024904218053
Round,Female,1.1205193861600427,0.8971160573887762,0.8844618890207148,0.9858946138976781
Round,Male,1.0890042031825031,0.883805898307158,0.8921286505929561,1.009416945849467
Round,Female,1.1464981434473307,0.9074111128195015,0.8588701569314882,0.9465061037910509
Round,Female,1.0867967845461033,0.8814383811403468,0.868097212333614,0.9848643205331349
Round,Female,1.187537561960614,0.9189906952891809,0.8670504026967543,0.9434811550773292
Round,Female,1.132011824393378,0.8707266492895676,0.8973815290393206,1.030612224595975
Round,Male,1.0990839068111566,0.8691268960403832,0.9052548593002885,1.041568110968029
Round,Female,1.1870612861867504,0.8966417960973956,0.8707729780446742,0.9711492168162197
Round,Female,1.171214942958675,0.8944540302917738,0.8811370767864299,0.9851116401130197
Round,Female,1.1210836252551923,0.8755927845714122,0.9013914227867948,1.029464196907482
Round,Female,1.133764866463473,0.8890234306940277,0.8791358391053239,0.988878142861786
Round,Female,1.2103098404389756,0.8698960808607826,0.8923981776814329,1.0258675689151098
Round,Female,1.2072456474567712,0.896930922759538,0.8851824222614267,0.9869014433553419
Round,Female,1.1604242577985107,0.8837839394861827,0.8916012311411272,1.0088452519961941
Round,Female,1.1669883078988519,0.9182451663869435,0.8662681385234653,0.9433952611283604
Round,Female,1.202654303085518,0.8909880757641175,0.8938175817860179,1.003175694601158
Round,Female,1.1124397473360528,0.8859900594985126,0.8801502931564968,0.9934087676499201
Round,Female,1.0970169970081418,0.8829522403799211,0.9092086194587523,1.0297370320590993
Round,Female,1.2123711636119996,0.9082690427970058,0.8530158776315657,0.9391665216340649
Round,Female,1.1452231412810818,0.8680277060155032,0.9337619961250618,1.0757283317733002
Round,Female,1.166048070143685,0.8844046142985458,0.8925768299209935,1.0092403584177696
Round,Female,1.1787645128823232,0.8902435334358124,0.8842907418407453,0.9933132998202269
Round,Female,1.184862889081171,0.8749100602321774,0.9057686505205886,1.0352705857333748
Round,Female,1.1280645759044623,0.8900213853257284,0.8791609112663465,0.9877975133649095
Round,Female,1.1364637782470488,0.879650642552145,0.8942568865114464,1.016604596475851
Round,Female,1.2156603299276303,0.8913890305583386,0.8799685626447817,0.9871880093628665
Round,Female,1.2259904361636549,0.9064052697794366,0.8923623012671973,0.9845069650624863
Round,Female,1.1398076676169884,0.9332396234580518,0.84843286772985,0.9091264948503189
Round,Female,1.1494336231831004,0.8834949486278673,0.893551028152164,1.0113821584830955
Round,Male,1.088249316788722,0.8788072190470004,0.898971837210581,1.0229454398263222
Round,Female,1.1327082143367913,0.8786164423086844,0.8957602880293963,1.0195123206158812
Round,Female,1.1344167727475196,0.8653073631911111,0.9148383998921545,1.057240974488396
Round,Female,1.1599713002044445,0.889895682797638,0.901219962576492,1.0127254014125036
Round,Female,1.1796760860193543,0.8780489102863777,0.8991137446978354,1.02399050231107
Round,Female,1.2161602319928915,0.8957264709406212,0.8640509034730182,0.9646370086234697
Round,Female,1.1539845670408437,0.8885948325252614,0.8911953140628549,1.0029265098584956
Round,Female,1.2078478140921225,0.8987772951872239,0.8609111290461204,0.9578692448687017
Round,Female,1.209624456762876,0.8803016678041019,0.8961077244284008,1.0179552728370116
Round,Male,1.154034086354372,0.8462800631995364,0.9089509098917361,1.0740544997069406
Round,Female,1.189097676193068,0.8809431853429093,0.9080625707413973,1.0307844885455715
Round,Female,1.1145020776000454,0.8698579058691085,0.894614681370405,1.028460712185585
Round,Female,1.195954717623906,0.9154224213333746,0.8580308683779809,0.9373059348144445
Round,Female,1.1404096282106853,0.9026788497270013,0.899958999990723,0.9969869131894463
Round,Female,1.1704415694784827,0.8927297439364579,0.8931844978367021,1.0005093970525043
Round,Female,1.1683808702508498,0.8617391803972217,0.9062526318365264,1.0516553644674551
Round,Female,1.1554918015942683,0.8787566557070777,0.9093117811131387,1.0347708608607638
Round,Female,1.089147085669961,0.8658090377173172,0.9085472032991377,1.0493621153395425
Round,Female,1.2096139873443603,0.8704119495260871,0.9175407312824908,1.0541453753961718
Round,Female,1.1367412847205152,0.8561595592462985,0.8923799115203095,1.0423056098397088
Round,Female,1.0811894003672675,0.8994835349674757,0.8794720674330523,0.9777522692117461
Square,Female,1.1297203900790738,0.9022164790203743,0.8812854729819202,0.9768004613912827
Square,Female,1.178564899365965,0.902345959640866,0.8828468333996194,0.9783906316275777
Square,Female,1.1786567986933878,0.8957711533074114,0.8924997712028339,0.9963479711391701
Square,Male,1.1914916773473259,0.8922813151341163,0.907452813299751,1.0170030436683013
Square,Female,1.1950712024593935,0.8746452394067611,0.9104709848113256,1.0409603160120826
Square,Female,1.1435446404886704,0.9062948747574756,0.8956788059879872,0.9882862972469868
Square,Male,1.1132994195672394,0.876296830954648,0.9190776545533265,1.0488200140494317
Square,Female,1.1338277999536672,0.8939946125500711,0.8789078958610987,0.9831243762801452
Square,Female,1.1244130779642942,0.8662701766450515,0.8941888833089714,1.0322286365346725
Square,Female,1.2167737386774211,0.9018201224554955,0.8760142787928159,0.971384710742077
Square,Female,1.168284184226307,0.8897804762941609,0.8931230330522153,1.0037566083400433
Square,Female,1.1531018424352384,0.8960060524327006,0.8938499769625006,0.997593682024417
Square,Female,1.193901254763484,0.8667305207551322,0.9019882515025262,1.040678999877235
Square,Female,1.1732726103116662,0.8946675420547126,0.8951161297570868,1.0005014015612368
Square,Female,1.0916377080312096,0.8896959158814066,0.8954990466520684,1.0065226002132568
Square,Female,1.1347593454463993,0.8863351352884715,0.9014463977558665,1.0170491520258609
Square,Female,1.1227655749800762,0.8839053325603909,0.9033602962051719,1.0220102344992377
Square,Female,1.267984322800973,0.8839105887577318,0.8822452895205567,0.9981159867769934
Square,Female,1.1777964576438273,0.8977760900349615,0.8815243732174386,0.9818978061479783
Square,Female,1.1794470040043,0.8834796037883992,0.910463457222456,1.0305427010633283
Square,Female,1.1027348579988874,0.8892575455623414,0.8905150237435414,1.001414076481527
Square,Female,1.1876080529120243,0.9122692012132726,0.8846087207060148,0.9696794756739888
Square,Female,1.191545714079071,0.8904028475219841,0.8829771026639965,0.991660241340587
Square,Male,1.1428423408043695,0.8760722076070921,0.896591030885117,1.0234213836483526
Square,Male,1.0739487263335301,0.8735060790198046,0.8866818673154765,1.0150837969100992
Square,Female,1.1519836519599949,0.9104027911005768,0.8625924969569834,0.9474844600533396
Square,Female,1.2620849693513607,0.8987537061680216,0.8818814225879077,0.9812270219701773
Square,Male,1.1969459910803881,0.899000340796405,0.8887482644246262,0.9885961373911196
Square,Female,1.1920722431046633,0.8810088904265112,0.898082640637335,1.0193797706202015
Square,Female,1.1194896043415792,0.8788447826224558,0.8895482849004331,1.0121790587935657
Square,Female,1.0829446736704633,0.8903208639264462,0.8905274677860389,1.0002320555071365
Square,Male,1.0500528165758447,0.8718744745854157,0.9201083687378011,1.0553220624738682
Square,Female,1.1369313643615642,0.8823138151218309,0.8717539869398412,0.9880316640168084
Square,Female,1.113706827137557,0.8890850634273555,0.9018754439026392,1.0143860030962366
Square,Female,1.1578704936624953,0.887765176750151,0.8983944668949979,1.0119730875046908
Square,Female,1.1551160260109328,0.874965589541523,0.9153749448559406,1.046183936599829
Square,Female,1.18756907230517,0.8831092732335065,0.9071376309901584,1.0272088160377617
Square,Male,1.224018658774783,0.9070897195191954,0.8892467972224403,0.9803294846002524
Square,Female,1.1514075864036455,0.9166602270151848,0.8584018464843619,0.9364449565783791
Square,Female,1.134255126223519,0.8808689471828809,0.9092535728494021,1.0322234377285049
Square,Female,1.1904826582601218,0.8821839335050283,0.9205003986369373,1.0434336465182183
Square,Female,1.133759939900213,0.8738607379098702,0.8955205544970561,1.0247863482675656
Square,Female,1.1668520552726807,0.8981947907361092,0.8863620839292862,0.9868261239890673
Square,Female,1.1543011520659099,0.8983249120053935,0.8947762664356931,0.9960497081598476
Square,Female,1.159619220830003,0.875034989637917,0.9000948755448661,1.0286387243981165
Square,Female,1.2262077759742713,0.8905717274532008,0.8975200139134439,1.0078020514755317
Square,Female,1.0954029357062331,0.8875733360053317,0.876767290555583,0.9878251801722852
Square,Male,1.0175106556170739,0.9016271457352841,0.8890231680750394,0.9860208538309192
Square,Female,1.1456938463136428,0.8920541332818966,0.8889731027456974,0.9965461394984361
Square,Female,1.2158039371355405,0.8599208337880205,0.9153344247012056,1.0644403400125613
Square,Female,1.1581719618293866,0.923031576874635,0.8468067566920615,0.9174190546756059
Square,Female,1.1520401087783614,0.9028471669153217,0.8882112797795007,0.9837891863959365
Square,Female,1.1718157358655206,0.9330767567084272,0.8717388874115731,0.9342627829319928
Square,Female,1.1236384798942103,0.8971309958845518,0.8733245524273074,0.9734638045430906
Square,Female,1.175631799639085,0.901548382102375,0.8909454547431342,0.9882392031645432
Square,Female,1.0999783679106332,0.8706810970283112,0.9255471919709137,1.0630151442702316
Square,Female,1.1088190875215453,0.875265657197553,0.8950874177846118,1.0226465649875085
Square,Female,1.1189592643000565,0.9089575428390559,0.8581384202773952,0.9440907631362722
Square,Female,1.166688818019958,0.8821726003882132,0.9030757310937195,1.0236950577430173
Square,Female,1.1047731715575824,0.9036767338634795,0.8695811841785612,0.9622701919754535
Square,Female,1.1615149510192702,0.8871457873124948,0.8938448755551153,1.0075512822564536
Square,Female,1.2036304174189705,0.9228862619903302,0.8899342992292301,0.9642946654227632
Square,Female,1.1094001646325045,0.9007798336968544,0.8743349370996919,0.970642219543669
Square,Female,1.209649475127619,0.8905648485199393,0.889505996711144,0.9988110334575241
Square,Female,1.2037683610694687,0.8959218077307803,0.8972136011551279,1.0014418595609582
Square,Female,1.2000285587407047,0.9116180811602387,0.8865599405994802,0.9725124577072162
Square,Female,1.1581416748653934,0.9082112496044782,0.8850539775963436,0.9745023285956661
Square,Female,1.1349437728297478,0.896508720579942,0.8686671693196267,0.968944472461679
Square,Female,1.1093179603457295,0.88792171977421,0.8780745196516505,0.9889098330367867
Square,Male,1.1278943277378346,0.892865750381289,0.8888017511252452,0.9954483647129387
Square,Female,1.0902025384306375,0.8820696466911383,0.9092005577384713,1.030758241312472
Square,Female,1.0904985839316688,0.8709244291178109,0.9119391478785843,1.0470933153205022
Square,Female,1.169890398170708,0.9097734925456752,0.8874280798806515,0.9754384878784521
Square,Female,1.1545623634210507,0.8805265381077798,0.8862500985701713,1.0065001566843075
Square,Female,1.130535311631327,0.9196346247910306,0.8753376537526044,0.9518319886569171
Square,Female,1.07988537026755,0.8929189052715341,0.8771351260993534,0.9823233900872769
Square,Male,1.1574711725697104,0.8774004744913202,0.8766464016841096,0.999140560292439
Square,Female,1.1637335875240207,0.8951180066070499,0.8858530522096371,0.9896494603739102
Square,Female,1.1554226693725826,0.8772500714430316,0.880976032012504,1.0042473186275647
Square,Female,1.0988741888782183,0.9047752840796212,0.8804247314970084,0.9730866293420214
Square,Female,1.1493785091185087,0.8825967609480135,0.8923411598576311,1.0110406012584396
Square,Female,1.1877945910049785,0.9180857400420939,0.8886591799104147,0.9679479172279377
Square,Female,1.2041856960461137,0.9042927632672232,0.8879315892845646,0.9819072156194799
Square,Female,1.1808786111698069,0.8793527193026881,0.8873370666641338,1.0090798006149082
Square,Female,1.1826149178164689,0.8993315473337178,0.8933600961079616,0.9933601225894279
Square,Female,1.1986135175316766,0.8764531144739638,0.9050003760531639,1.0325713504895624
Square,Female,1.1736836031838844,0.8871468980590532,0.9016542580698721,1.0163528272967632
Square,Female,1.1363467609893412,0.8849830365517862,0.8898581984622232,1.005508763116446
Square,Female,1.1479143568353618,0.9202428828876399,0.8788521681081588,0.9550219669728923
Square,Female,1.166622328177051,0.9048263069964927,0.878716982050868,0.9711443790440922
Square,Female,1.0694783704644029,0.8743293471860756,0.8835336132560454,1.0105272299272496
Square,Male,1.067390857408174,0.88354880544407,0.9135552558490208,1.0339612822970992
Square,Male,1.1133801963681733,0.8743526152963572,0.8917867785909456,1.0199395106614728
Square,Female,1.134753612806348,0.8698680772351818,0.8990100510040073,1.0335016016008443
Square,Female,1.1872878988843751,0.8985922383984469,0.8937797445281975,0.9946444074802753
Square,Female,1.1754525868618997,0.8788732021287464,0.8910843148866412,1.0138940551700948
Square,Male,1.2011580878341468,0.8750602904142585,0.9198537565965256,1.0511890056867528
Square,Female,1.159340386035554,0.8657335233463007,0.9003578220995373,1.039994175828382
Square,Male,1.138190589030702,0.8904479075144454,0.8923538338883924,1.0021404131087996
Square,Female,1.1228907766358416,0.8919061799096357,0.8917565532407681,0.999832239452716
Square,Female,1.171182826882043,0.8865200921599792,0.8771630572285619,0.9894452082765332
Square,Female,1.173976208662351,0.9193466463319939,0.8585319758385065,0.9338501198257202
Square,Female,1.2272494971565864,0.9133175203678143,0.8813622438194133,0.9650118651665285
Square,Female,1.1196326799924734,0.8997539599740505,0.8856433085476654,0.9843172110886934
Square,Female,1.1372033885858683,0.9023797784713402,0.8714987623326157,0.9657782489418836
Square,Female,1.1371060521866485,0.8591281095539754,0.9303817769888059,1.0829371855517826
Square,Female,1.1073206572230874,0.8930928986218902,0.8872699105114092,0.9934799749057839
Square,Female,1.2128712317022234,0.8779145331322493,0.9078434767381991,1.034090953591084
Square,Female,1.1995454764572955,0.9076861362796835,0.8933029856518712,0.9841540483511576
Square,Female,1.170305131644379,0.8787990943525269,0.9059103726359116,1.0308503712140935
Square,Male,1.1376186102387957,0.9106880255857547,0.894718794486634,0.9824646523831811
Square,Female,1.118842263548689,0.8832344275229054,0.8878937185879376,1.0052752597949557
Square,Female,1.2370136604955573,0.9065955993433946,0.870929750738383,0.9606595833568542
Square,Female,1.1698055755169152,0.9081021605662815,0.8711617449044344,0.9593212996665359
Square,Female,1.1185097879887151,0.917032661486519,0.8552968684771399,0.9326787413337005
Square,Female,1.141771925153288,0.9025733685447551,0.8686528806320285,0.962418027060318
Square,Female,1.1696592244711552,0.9080598499553583,0.8843465290902152,0.9738857291550673
Square,Female,1.156691445323796,0.9188256432956207,0.8617996108733494,0.9379359589728778
Square,Female,1.116858641291842,0.893977786922634,0.8860651544528905,0.9911489607622339
Square,Female,1.1552670292111937,0.9089076580972957,0.8819723192904766,0.970365153635953
Square,Male,1.18486627806059,0.9084081037639368,0.8850020260241387,0.9742339619794051
Square,Female,1.1839874385273237,0.8672200943733173,0.8915240210887775,1.0280250963661344
Square,Female,1.257718781269679,0.8742415919691101,0.9130129602163486,1.0443485743567877
Square,Female,1.1814404253622908,0.8726430707339222,0.9029918218328011,1.0347779660627507
Square,Female,1.1826056803611507,0.8907988779098326,0.9049660288446907,1.015903871554149
Square,Female,1.2037892690065308,0.8815680540562219,0.9081793087994161,1.030186273902227
Square,Female,1.1487847875039137,0.8896816067296647,0.8984166971963944,1.0098182208114188
Square,Female,1.214914477120126,0.8704357457245004,0.9179373098461028,1.0545721661304992
Square,Female,1.2352999501735444,0.8891947190505757,0.8951284480658548,1.0066731491856078
Square,Female,1.2010537556905183,0.8811446797148187,0.9056992066839943,1.0278666234211646
Square,Female,1.2124775265747418,0.8794450369656167,0.8892799433223707,1.0111830824478671
Square,Female,1.1647913711182922,0.8981480975483255,0.8895485766081226,0.9904252751147867
Square,Female,1.2032277437083434,0.8939963123763575,0.8974863189277752,1.0039038265629316
Square,Female,1.181242485657847,0.8919295439182477,0.8960093245111819,1.0045741063526292
Square,Female,1.1831949882350135,0.8936213360897501,0.8876244246822605,0.9932892029707678
Square,Female,1.1416633101840081,0.9105065878730612,0.8808460462192624,0.967424132841163
Square,Female,1.2172830274286688,0.8715202670312064,0.9084957202111275,1.0424263836179923
Square,Female,1.2117848714584252,0.8628149000464512,0.9223844864542098,1.069040980173791
Square,Female,1.1730824278348249,0.8845220159212986,0.8967615191182892,1.0138374206370004
Square,Female,1.1496504215951031,0.8983225674540489,0.8762456694633379,0.975424308827864
Square,Female,1.1924196816622883,0.8921726559479365,0.8887879608940761,0.9962062331418753
Square,Female,1.2039088864460525,0.8862959635028236,0.9012334829619292,1.0168538728305492
Square,Female,1.1387569386387772,0.879396896594777,0.8737017607018395,0.9935238162483966
Square,Male,1.1487478809859408,0.8854894342204306,0.8846170923376345,0.999014847778998
Square,Female,1.2006526358797465,0.8951699510643951,0.8903502477782435,0.9946158790513233
Square,Female,1.2128476859703814,0.8941282610257262,0.8835875936787055,0.9882112356733602
Square,Female,1.2039226792808895,0.8836485977515923,0.8978408982324508,1.0160610230321987
Square,Male,1.2031299879163155,0.8696984346202071,0.9216607163006586,1.0597474706311771
Square,Female,1.0833159856124233,0.9092459564274763,0.8789728695696039,0.9667052829392625
Square,Female,1.114332561343779,0.8667204287186443,0.9177000917741217,1.0588190394114114
Square,Female,1.1365095225577602,0.9019154217050712,0.8787188066015786,0.9742807201814563
Square,Female,1.1977187778047902,0.8867871744267428,0.8717195988954729,0.9830088030524232
Square,Female,1.0984104525811675,0.8786548522243193,0.886870793216817,1.00935058967887
Square,Female,1.1851453654315467,0.9023326190113587,0.892572155267442,0.9891830755773732
Square,Female,1.137028496167889,0.9256605667916922,0.8578925845066225,0.9267895979192987
Square,Female,1.1930562692208466,0.9092095914550689,0.8858586057109589,0.9743172685774906
Square,Female,1.1236034319424806,0.8974188507356179,0.8993579682157447,1.0021607719500625
Square,Female,1.2420618404838673,0.864657182840794,0.9230745799876037,1.067561339113476
Square,Female,1.1587344768922168,0.8977359351322506,0.8825516028304845,0.9830859702641521
Square,Female,1.172868244409552,0.8633707950856103,0.9227211538308588,1.0687426064016488
Square,Female,1.2047988082348815,0.8778035893330037,0.903982561205324,1.0298232682008197
Square,Female,1.1355778820322044,0.9060758014787337,0.8719876083403162,0.9623782104292103
Square,Female,1.1264494419133377,0.8787427720848306,0.9040223276207833,1.0287678673885152
Square,Female,1.134816279955551,0.8884217582479532,0.8742164148387689,0.9840105858762414
Square,Female,1.15795557602889,0.866234903082912,0.9233498616404142,1.065934723196019
Square,Female,1.1464468965680854,0.8966723034597414,0.8991949944008851,1.002813392285465
Square,Female,1.1360905936735157,0.8768279803210117,0.9082746423817493,1.0358641178959922
Square,Female,1.129049057701898,0.8655196657113323,0.9007642234608705,1.0407206897148573
Square,Female,1.2055665153038273,0.9050373189519105,0.8948182489608038,0.9887086755682726
Square,Male,1.1235500663114009,0.8714187053872674,0.8901314045058137,1.0214738322724324
Square,Female,1.169170965792537,0.895789217403597,0.8997202872877869,1.0043883871426629
Square,Female,1.1479096040025365,0.8643994811491439,0.9101582124400193,1.0529370184605424
Square,Female,1.1432890964562554,0.8872711166613532,0.8964255899427305,1.0103175603369396
Square,Female,1.1356940286700021,0.87213041054903,0.9077614435104977,1.040855166303669
Square,Female,1.160501844117237,0.8733793804601712,0.8987489675855289,1.0290476140070892
Square,Female,1.1761281378605342,0.8701535119807893,0.9143100283612353,1.0507456624290692
Square,Female,1.1287383088591405,0.8928702896198855,0.9037524050300221,1.0121877898017744
Square,Female,1.1271778347951784,0.8644892152725995,0.9254895504286921,1.070562285889081
Square,Female,1.0882210846557199,0.8784704944166437,0.9050984804227306,1.0303117591032689
Square,Female,1.2185460172891596,0.8808131465590328,0.8977436401074933,1.0192214360271539
Square,Female,1.1151370442706883,0.876215382332372,0.895991245108223,1.0225696366151553
Square,Female,1.1482779688245222,0.8671441374696987,0.9119548328448157,1.051676178663761
Square,Female,1.1013582954918175,0.8822006251247274,0.9015111966241267,1.0218890929675652
Square,Male,1.165451089404276,0.8835131914523504,0.890533949631942,1.0079464101357112
Square,Female,1.0739231660922341,0.8746633409791275,0.8979267165190796,1.026596948162833
Square,Female,1.15054855855385,0.8898106762784257,0.8958595491847009,1.0067979324900598
Square,Female,1.1674747589735932,0.90823155589079,0.8761869017545223,0.9647175283346785
Square,Female,1.1974527730369322,0.8930406678469018,0.8702773829548462,0.9745103602650736
Square,Female,1.153924759198972,0.8978233793321069,0.8807315848373907,0.9809630770503761
Square,Female,1.2053842991303472,0.8738763046108333,0.8862965741764216,1.0142128462575941
Square,Female,1.0564738185089144,0.8733506085203226,0.8976075209369112,1.0277745411521335
Square,Female,1.1954961714867671,0.8913573365973444,0.8941591175392175,1.0031432746742945
Square,Female,1.2043729696321572,0.9047679437173687,0.8755338094876787,0.9676888041484124
Square,Female,1.159707436741589,0.902197208255233,0.8736619918390717,0.9683714201783602
Square,Female,1.1612665979650385,0.9031731236872824,0.8753086635271783,0.9691482624656221
Square,Female,1.2114022906719921,0.8855394648853326,0.8745557486777304,0.987596581921931
Square,Female,1.2160498702561813,0.8921558983558651,0.905731991482624,1.01521717577811
Square,Female,1.220937394525641,0.8732331491875266,0.9185163046819711,1.0518568901519336
Square,Female,1.1533361779717841,0.8890933924925626,0.907033671455891,1.0201781715113563
Square,Female,1.165317908266791,0.9159310461933029,0.8815333649694342,0.9624451192403306
Square,Female,1.1474270085353175,0.8860159250544929,0.8687507110571974,0.9805136527357183
Square,Female,1.1399376503455287,0.8879259468779969,0.8979691642900766,1.0113108727674782
Square,Female,1.162145240459377,0.8921724158792282,0.8968947118996848,1.0052930307375652
Square,Male,1.2035160778137894,0.88010995822467,0.9188540242636032,1.0440218471304272
Square,Female,1.1549188495959635,0.8917998371786727,0.8934840985885043,1.0018886092367543
Square,Female,1.1679411824770172,0.8878900866893524,0.8831875526732961,0.9947036980291215
Square,Female,1.1372310652899886,0.8847580632606865,0.9081077371294127,1.0263910269239858
Square,Female,1.125141507139957,0.8709685829917827,0.9087250975162435,1.043350030370518
Square,Female,1.157811331963257,0.9032798045773435,0.8871573603275476,0.9821512180742934
Square,Female,1.1577909978676018,0.8719832627298174,0.9212211781156544,1.056466583121898
Square,Female,1.1844063643705887,0.8846155966375453,0.9106194581616163,1.029395662503479
Square,Female,1.1547561372451693,0.8867099782767216,0.8958407908601086,1.0102974059242373
Square,Female,1.1334324587483484,0.8933718546032922,0.8992068613893173,1.0065314423730265
Square,Female,1.101848611464662,0.9134314379491012,0.8784162062800953,0.9616662726787415
Square,Female,1.159860337154339,0.8936197955957584,0.8941505006944593,1.0005938824333531
Square,Female,1.1325363811863778,0.8825059576999792,0.9122544680731964,1.033709132628123
Square,Female,1.2062644101223559,0.9060895323728603,0.9028282491349063,0.996400705315055
Square,Female,1.1015875580858288,0.8837674591360228,0.8814176814343246,0.9973411810115804
Square,Female,1.1682628238592538,0.8855087154173419,0.910518020829618,1.0282428676046278
Square,Female,1.1582218790844283,0.881323226153295,0.905405917494451,1.027325606118733
Square,Female,1.1889244769889729,0.8915975738765503,0.8570191255267182,0.9612174266025766
Square,Male,1.1131342571266323,0.8630753946459686,0.9197551187573302,1.065671810902003
Square,Female,1.1874601100110156,0.9104843965342813,0.8746995556244197,0.9606969201821854
Square,Female,1.2125602723947775,0.8934975747857347,0.8958428825187427,1.0026248618901628
Square,Female,1.1654517586382747,0.8882812301882815,0.9173611606704799,1.0327373015368506
Square,Female,1.234455858201556,0.8963645711420509,0.8957027836404069,0.9992616982833215
Square,Female,1.2589792663749868,0.8944948880515884,0.8871689657046369,0.991809989699428
Square,Female,1.212385300389034,0.888449265783877,0.8904179657022586,1.0022158833308785
Square,Female,1.26582849347347,0.9202983801098182,0.8567646350654715,0.9309639716667052
Square,Female,1.2457165249209918,0.9012480729188778,0.8786749412588492,0.974953475809473
Square,Female,1.1678986682061236,0.8996211060010592,0.8820905952575736,0.9805134510222742
Square,Female,1.1788775135590963,0.8943680121257463,0.9003943306659256,1.0067380747728845
Square,Female,1.1906911870606733,0.8683779354544039,0.9075136498419903,1.04506760569303
Square,Female,1.106216103311816,0.9337162155638902,0.8760851640573033,0.9382777651860932
Square,Female,1.0913864959843684,0.8749436720030349,0.9074776436514256,1.037184075603301
Square,Male,1.1960432359484414,0.8547667288659236,0.905274401527048,1.0590894228278354
Square,Female,1.1456926289003226,0.9209310103783069,0.8599906749606917,0.9338274694511789
Square,Female,1.1594311231368393,0.8937354605350621,0.885399177904037,0.990672539023981
Square,Female,1.1518856093586007,0.8994311146749228,0.8766614532927854,0.9746843743666052
Square,Female,1.150273103286582,0.9084559310921884,0.8807148579096074,0.969463490486292
Square,Female,1.162165206202486,0.8945594306941119,0.8711085175000153,0.9737849578357242
Square,Female,1.0925033109019862,0.9052878519857903,0.8664601414672777,0.9571100943933554
Square,Female,1.1727005575856897,0.8958000436675401,0.9030701335229994,1.0081157507267968
Square,Female,1.1640668790129525,0.8918341585364236,0.8880100429209681,0.9957120776560844
Square,Female,1.1665383435445245,0.8893710430142866,0.8866156112444001,0.9969018197842964
Square,Female,1.1507620950670767,0.9011761480945604,0.8787323402551009,0.9750949823883883
Square,Female,1.0911679876525031,0.9184623171967691,0.8735368220621733,0.9510861857983325
Square,Female,1.1763945760017636,0.8898122824549762,0.8872764582770346,0.9971501582660273
Square,Male,1.1793281672944924,0.8849974791581482,0.9100676353662874,1.0283279408117492
Square,Female,1.1301393492796932,0.8912439471780199,0.9028392261400058,1.0130102190300427
Square,Female,1.1331536944185652,0.9081499032687166,0.8808595899149249,0.9699495498974725
Square,Female,1.1393746969227725,0.8859743533064033,0.8932629124396426,1.0082266028424398
Square,Female,1.1345253537434805,0.9029810389130462,0.8850150646721286,0.9801037081990738
Square,Male,1.191400046366957,0.8967831164754351,0.8890619896904749,0.9913901960874264
Square,Female,1.1694542171651927,0.885518210112341,0.8830501706168793,0.9972128867963669
Square,Female,1.1676729211091328,0.8964528663131651,0.8766894336404115,0.977953740329891
Square,Female,1.1680496786877315,0.867996849708395,0.8982817499607629,1.0348905647094713
Square,Female,1.172756287513943,0.8747436982743971,0.8885803144826521,1.015817908989285
Square,Female,1.1726071818197001,0.911492378634919,0.8883789898143414,0.9746422577277136
Square,Female,1.1604775095108246,0.8847642319334503,0.9138712785640527,1.0328980824269935
Square,Female,1.2261951650897163,0.8876112674805179,0.8876086635656482,0.9999970663792078
Square,Female,1.1270395420588784,0.9018061969549397,0.8932606641555244,0.9905239808417038
Square,Female,1.1413472964346463,0.8798497984737094,0.8939285176131917,1.0160012756312555
Square,Female,1.1680275325913951,0.8616813073868964,0.913362684407732,1.0599773681728837
Square,Male,1.2066613624239961,0.9000544398520639,0.8935315032272249,0.9927527310171247
Square,Male,1.1816989175261414,0.9047750750928747,0.9004288807985892,0.9951963814942191
Square,Male,1.1034711093157907,0.8934422501090725,0.8893569987447276,0.9954275149134193
Square,Male,1.189730763817721,0.8856873452650225,0.9091758057918794,1.0265200362773936
Square,Female,1.125656144526649,0.886918474150788,0.8953626681131421,1.0095208231742374
Square,Female,1.1673312937960678,0.910722435139258,0.8773414250573109,0.9633466698590304
Square,Female,1.169149848723121,0.8954119056379727,0.9007228246544102,1.0059312579864053
Square,Male,1.1406744766450634,0.9000145019291972,0.8847182587502191,0.9830044480992358
Square,Female,1.1555472316638664,0.9013640658154762,0.8901012664533474,0.9875047166963116
Square,Female,1.1284246465125685,0.9083786495126689,0.860829135539576,0.947654522705259
Square,Female,1.1558593523536185,0.8995525696888053,0.9036759334579604,1.0045837941084217
Square,Female,1.238377672004354,0.8980459386365992,0.8760859617193174,0.9755469336561767
Square,Male,1.1730058994969732,0.8924103869638238,0.8951510344808081,1.0030710618758132
Square,Female,1.233527042928837,0.8853852568587428,0.8971530151702994,1.013291116178405
Square,Female,1.1140452801133123,0.8719858781389943,0.9167864356809066,1.0513776182218986
Square,Female,1.184928542545925,0.8965643418585146,0.8939836239676773,0.9971215474781344
Square,Female,1.1459197715618503,0.8996560877170526,0.8951061539276444,0.9949425854484528
Square,Female,1.1606590970757795,0.8968395274807857,0.8958658806662713,0.9989143578258094
Square,Male,1.2148896005695298,0.8950356289169197,0.8927390783294056,0.9974341238344968
Square,Female,1.2706993181533361,0.9234493138443888,0.8664501685284939,0.9382758268793301
Square,Female,1.2419674580565145,0.8971203498473925,0.8800396968082063,0.9809605778733123
Square,Female,1.1555429857184563,0.8931577587041961,0.8939237371579705,1.0008576071207014
Square,Female,1.1358305202333239,0.884727447440774,0.9238892426532938,1.044264248075271
Square,Female,1.1181096073697077,0.9100867006702699,0.8717920933047366,0.9579220228827323
Square,Female,1.121882990318489,0.8756659303055435,0.9027327014711705,1.0309099283515377
Square,Female,1.1411789053260961,0.8904309879212304,0.8796049086725367,0.9878417537175253
Square,Female,1.198148845116199,0.8969101683956863,0.8943288689500223,0.9971220089406709
Square,Female,1.1563782633880912,0.9123629340657959,0.8824735988309191,0.9672396432177709
Square,Female,1.135050203132645,0.9041301032004038,0.8848031298172796,0.9786236811331562
Square,Female,1.1440367553808113,0.9030036105149988,0.8836048970811962,0.9785175682489917
Square,Female,1.1518142178577357,0.9071702227701705,0.8761463123270815,0.9658014453468797
Square,Female,1.1062795681815722,0.9056665395284096,0.8784323611588638,0.9699291326543575
Square,Male,1.183142092556587,0.9050846169419485,0.8592112755346202,0.9493159638904008
Square,Female,1.1728496639484989,0.8899540067281198,0.9158110992210096,1.0290544143825504
Square,Female,1.138597585816765,0.901967403085603,0.8947029872049527,0.991946032799191
Square,Female,1.1673214568207295,0.8843120151879518,0.8824475680493682,0.9978916410649614
Square,Male,1.1253469603535933,0.8826052821931426,0.9141007166158573,1.0356846203599115
Square,Female,1.212625522485554,0.886723171898115,0.8989738746267758,1.0138157015818556
Square,Male,1.118730064043086,0.8913093815278049,0.8984815151336144,1.0080467386010408
Square,Female,1.1594968961334484,0.9062483500332942,0.8745869386005496,0.9650632065354035
Square,Female,1.166868436149518,0.9155293602416394,0.8575929891896183,0.9367181724934198
Square,Female,1.2050747213706499,0.8896144312180504,0.8908158209496284,1.0013504611542026
Square,Female,1.1175821122469953,0.8822093105422547,0.8949519277764499,1.0144439840771606
Square,Male,1.1237365013673006,0.8860285840447553,0.9130595271208406,1.0305079808516877
Square,Female,1.1338677853810604,0.9041394738026096,0.8803715760192051,0.9737121335014365
Square,Female,1.1437941016004958,0.9003798207661778,0.8894920997228304,0.9879076354309201
Square,Female,1.165616124363592,0.9027055773288984,0.8810492474894223,0.9760095313650801
Square,Female,1.1547744401770277,0.8870787902734195,0.8954858148415823,1.0094772016424511
Square,Female,1.169576156516872,0.8794456002735422,0.8920977960078962,1.0143865586801715
Square,Female,1.1542000015322202,0.9029542341484335,0.88614153528692,0.9813803421860362
Square,Female,1.1699750485120735,0.8872398276117981,0.8841092086853763,0.9964715076701994
Square,Female,1.1885846646764562,0.872325192835362,0.9100738817636694,1.043273642946859
Square,Female,1.203425694035538,0.8730936882737849,0.908031585394147,1.04001620626698
Square,Female,1.2347308185517298,0.8818595692759159,0.9010397226375184,1.0217496685751803
Square,Male,1.1153448606502554,0.8769137203699193,0.8969982465855645,1.0229036514643342
Square,Female,1.1240614937458546,0.8812994538366404,0.8756600036292405,0.9936009829770696
Square,Female,1.1122484759631148,0.9004569393749747,0.8866558767024194,0.984673267461146
Square,Female,1.0627796989464449,0.8795928983898046,0.9016862889044249,1.025117745442312
Square,Male,1.1200214738279055,0.8806655534761798,0.9036067572947509,1.0260498480132634
Square,Female,1.1257387057024864,0.9019836078463705,0.868182465174256,0.9625257683420433
Square,Female,1.0828517680242524,0.9243487878920074,0.8650269446197849,0.9358230961631844
Square,Male,1.0931688335557417,0.8904855908923367,0.8885742053415671,0.9978535469070822
Square,Male,1.11874717034545,0.8923051411569447,0.8872424381917803,0.9943262649382473
Square,Female,1.1216318166566337,0.8845877707004467,0.8978618249305952,1.015005921028772
Square,Female,1.0739650249037902,0.9144413328295502,0.876542984566973,0.9585557357241186
Square,Female,1.1223637977347831,0.8932482414050473,0.8929102974210401,0.9996216684586183
Square,Female,1.124705864884899,0.8933088571774097,0.8925766340698871,0.9991803248096787
Square,Female,1.1051461175085666,0.891650530998666,0.8785829556043909,0.9853445100518932
Square,Male,1.1219870769503957,0.8936149570057644,0.8848903360845685,0.990236711177676
Square,Female,1.1406628447355296,0.8781333832564315,0.8985304786684735,1.0232277872598379
Square,Female,1.2065696826688983,0.8932460045342053,0.8814153810009505,0.9867554699677341
Square,Female,1.1771670168205273,0.9062895358748847,0.8874155844852674,0.9791744794102721
Square,Female,1.0746493925200908,0.880178586222348,0.8836094654871525,1.0038979353945994
Square,Female,1.1435369741815762,0.8910418981850697,0.8949243992673599,1.0043572598440076
Square,Female,1.1094729485182953,0.8788382305359057,0.9078326037308195,1.0329917067640917
Square,Female,1.0154046864115056,0.9009942339373032,0.8789718181487958,0.9755576506940888
Square,Female,1.1452432673395248,0.8916034041982737,0.8763252217938804,0.9828643740788189
Square,Female,1.1348269435631426,0.8989209720151384,0.8760833565119222,0.9745944123964307
Square,Female,1.10353082773974,0.8833622085081283,0.8986429575537682,1.0172983957186112
Square,Female,1.0945936607582363,0.9205499973901179,0.8710111108744368,0.9461855557480524
Square,Female,1.1185703039044201,0.8902938541808458,0.8919514152725588,1.0018618134719552
Square,Female,1.1196995423326046,0.905376427787914,0.8763786525165305,0.9679715813429856
Square,Female,1.1386473727337956,0.8865856585906463,0.8895704141578025,1.003366573255765
Square,Male,1.164179135413167,0.8779073028291821,0.9141167264331674,1.0412451559376432
Square,Female,1.1483206493319467,0.8827234520713892,0.8967192467112576,1.0158552427796337
Square,Female,1.1551044124623966,0.9103336917482349,0.8963441225283956,0.9846324821912575
Square,Male,1.1365046538697066,0.9281683766335915,0.861339388063004,0.9279990675689985
Square,Female,1.1694655595602825,0.8944103061304115,0.8815706522098632,0.9856445595130741
Square,Female,1.0696130828354662,0.8553906914921467,0.9196002336401508,1.0750645790124238
Square,Female,1.0778839520912988,0.8763243780909866,0.8901704465360982,1.0158001634911429
Square,Female,1.1203997933786698,0.8850433356811481,0.8994798013496241,1.0163115918582284
Square,Female,1.144431242672022,0.8907519116280687,0.8881659661019001,0.9970968959006307
Square,Female,1.1611212019532233,0.8972128581420832,0.8686920225237895,0.9682117399907156
Square,Female,1.2398446225358832,0.9251681143806127,0.8716477385567925,0.9421506480909673
Square,Female,1.1590130211986958,0.9014477670515615,0.8851841195970882,0.9819583030221838
Square,Female,1.1694831793853637,0.8798602199494161,0.8909912966451153,1.0126509602813265
Square,Female,1.0694889163926802,0.9015135323205825,0.8880740632811858,0.9850923268951911
Square,Female,1.2053594609175882,0.8909795075781091,0.8955893704962483,1.0051739269858966
Square,Female,1.1725341337955413,0.9035280180297521,0.8706988320546358,0.9636655584331472
Square,Female,1.1001432958615434,0.9025884213906499,0.8697046824913492,0.9635672936634446
Square,Female,1.164450826726408,0.8979399958451644,0.8661623610960244,0.9646105141811507
Square,Female,1.1527865017398948,0.8591887033649747,0.9250718415492762,1.0766806382885077
Square,Female,1.1606583603930738,0.8959633015399535,0.8705501818394069,0.9716359814549688
Square,Female,1.148137023704674,0.8873164340144242,0.8815028266640548,0.9934481013452356
Square,Female,1.1453985883717825,0.8796190413676706,0.8831012422145693,1.0039587601940545
Square,Female,1.167560711993041,0.8965749837278326,0.8820742902461868,0.9838265691717674
Square,Female,1.1586197354428691,0.8973770283239711,0.8760594944273218,0.9762446182331365
Square,Female,1.181375353800899,0.9045546173470919,0.8864835985511027,0.9800221916405795
Square,Male,1.1776134348979737,0.8841803511454597,0.8947694111684554,1.0119761313506659
Square,Female,1.1052022165444315,0.8666341462955407,0.9207507346285237,1.0624445604460733
Square,Female,1.0977620902666625,0.8605736356279445,0.9446121802952289,1.097654100925324
Square,Female,1.126581824688162,0.8700161327624371,0.8943193393089875,1.0279342021732218
Square,Female,1.2160088119929016,0.9160888929001978,0.8697669297286541,0.9494350782652811
Square,Female,1.2253598996911559,0.9015774235655556,0.8781797645137458,0.9740480867862942
Square,Female,1.220820787540352,0.8952791219777698,0.894635159908484,0.9992807136305566
Square,Female,1.1738919486012043,0.885172406152156,0.8919805469391184,1.0076913161093188
Square,Female,1.0882559511899417,0.9016280261158578,0.8896667265568677,0.986733664867852
Square,Female,1.1573619278126144,0.9014814339632349,0.8757039203579889,0.9714053860300608
Square,Female,1.1734513810485199,0.9033204226460008,0.8761402813397544,0.9699108526444797
Square,Female,1.1360306969550533,0.8978855018981867,0.876241235537184,0.9758941799202178
Square,Female,1.1691191201176419,0.9082040020328855,0.8586266446520273,0.9454116506094596
Square,Female,1.147893662808311,0.873560411819931,0.8788458163276796,1.0060504167041373
Square,Female,1.1715232802183124,0.8935224506053453,0.8720305291856343,0.9759469709964751
Square,Female,1.20085430267218,0.894296940051671,0.8932423487559328,0.9988207593602217
Square,Female,1.1510584540387887,0.8902668462077613,0.888695477864184,0.9982349468024437
Square,Female,1.2420492470172053,0.8747711282476617,0.9131798143458467,1.0439071259417594
Square,Female,1.177884795470006,0.9061567018662573,0.8830532525000153,0.9745039138168269
Square,Female,1.101609992196099,0.8734847543065267,0.9122059595168764,1.044329571889427
Square,Female,1.16504034456583,0.9024512177937113,0.8607577065205616,0.9537997063430411
Square,Female,1.257733282056285,0.885742233491979,0.8803851109169868,0.9939518266461427
Square,Female,1.115811930873568,0.8856027278345348,0.8980625258487972,1.0140692859480336
Square,Female,1.1808252501516434,0.8983405421810154,0.8961436497876076,0.9975544993348802
Square,Female,1.1961212747215244,0.8920763501221863,0.8831698912614199,0.9900160352199152
Square,Female,1.208935535144067,0.8864778172838612,0.8962516367506888,1.0110254529512923
Square,Female,1.1732857875681129,0.9007551024774219,0.879227272621815,0.9761002410129046
Square,Female,1.1638828125125953,0.9069920810861062,0.8714343880187365,0.9607960269897947
Square,Female,1.1151919832910138,0.9067358392931254,0.8581348234265833,0.9464000277032939
Square,Male,1.2031961285189545,0.8749076105158332,0.9119906878362339,1.0423851351556275
Square,Female,1.183941030250198,0.8950424803591297,0.87708762798943,0.9799396645816236
Square,Female,1.1847215300142062,0.8835754928090102,0.893940637862517,1.0117309105309773
Square,Female,1.1713522107813479,0.8748346652334493,0.8908686216152754,1.0183279847256022
Square,Male,1.1923207226205703,0.9053379526599324,0.8631145955139148,0.9533617727811331
Square,Female,1.099969345526155,0.8878073524944228,0.9027675340873913,1.0168507070266266
Square,Female,1.0472076328504902,0.8598501038151579,0.942451901038181,1.0960653454090645
Square,Female,1.1072336669772254,0.9184154058116404,0.8904212229550498,0.969519040426101
Square,Female,1.1781121153907435,0.903621117484284,0.871565600137721,0.9645254889175159
Square,Female,1.1612564878901097,0.8753226910446138,0.9093038986019932,1.0388213488637272
Square,Female,1.1266898398759477,0.9171069236482705,0.8470785426075307,0.9236420757111227
Square,Female,1.151554865712664,0.8999163627113096,0.8693229697184656,0.9660041818767793
Square,Male,1.1540016084915978,0.9035922617019423,0.8912146671071832,0.9863017921695727
Square,Female,1.2084457576122314,0.9079518437327826,0.8917445493570642,0.9821496101499317
Square,Female,1.1692649720441703,0.8964139306700564,0.8755535690373939,0.976729096995325
Square,Female,1.1744545911702224,0.9033924416828202,0.8845279502458754,0.9791181655208401
Square,Female,1.2374596345597921,0.8628270717571834,0.9243562260353091,1.0713111077435469
Square,Male,1.2018622413917026,0.8839612022494362,0.9181522186337935,1.038679317935392
Square,Female,1.160767416799192,0.8905776648747313,0.8967193569221618,1.006896301456532
Square,Female,1.1145242323204867,0.8933318498193671,0.9021513178730902,1.0098725552609666
Square,Male,1.1725206063822686,0.8963766011505849,0.8876803820640676,0.9902984760251943
Square,Male,1.241250955849244,0.8677921091347391,0.9228499151150091,1.0634458476871462
Square,Female,1.158102540364895,0.878707542921163,0.9016495707128006,1.0261088322007221
Square,Female,1.1705340396109165,0.8957915876521491,0.8806294256368752,0.9830740071415345
Square,Female,1.1895165501638492,0.926220730123057,0.8776442152608244,0.9475540621340025
Square,Female,1.132615318480771,0.8982745211172407,0.8692824652067381,0.9677247264294624
Square,Male,1.216253608662121,0.8608258968445143,0.9099942362027494,1.057117634981091
Square,Female,1.1993323176832715,0.9094055224895937,0.8814586348403959,0.9692690587883277
Square,Female,1.1482313282756365,0.9100577273444457,0.8809247470764786,0.9679877667178572
Square,Female,1.1363031711597953,0.8878296362890314,0.8975912589776129,1.0109949277311616
Square,Female,1.2572220028857624,0.8915925869241228,0.8982473060590639,1.007463856510852
Square,Male,1.204659922812943,0.8973426610949402,0.8927189697111492,0.9948473514252079
Square,Female,1.1442318712234483,0.8980611392177648,0.8904169529914605,0.9914881226984584
Square,Female,1.204343633135909,0.9120552751111114,0.8893653595441945,0.97512221442483
Square,Female,1.1678894341522659,0.9071700051454387,0.8764836094319088,0.9661734894898667
Square,Female,1.190142466161495,0.8920014481840277,0.8922451439316689,1.0002732010672597
Square,Female,1.1921797919993222,0.8927097725257995,0.8989543338755768,1.006995063280319
Square,Female,1.1460569142426782,0.8804482473837593,0.9052851759281991,1.0282094133508044
Square,Female,1.2013565678496538,0.9018550224287495,0.8773025602602949,0.972775599671959
Square,Female,1.1623917689772318,0.8757530139829396,0.9001569790832721,1.0278662644726084
Square,Female,1.1604184765765673,0.893281361148787,0.8921934694885439,0.9987821399756467
Square,Female,1.1260867352279387,0.8749713983484593,0.9308131912840465,1.0638212780909075
Square,Female,1.1844246205227202,0.8756133494069115,0.9123457480699154,1.0419504781281421
Square,Male,1.1770614119169782,0.8884231246608387,0.9152136152011501,1.0301551026719828
Square,Female,1.1899489362171793,0.88920780291908,0.8947172205072691,1.0061958718424455
Square,Female,1.1585444211957165,0.8717213554860305,0.9139767965925962,1.0484735642193899
Square,Female,1.1950689928175133,0.8770617416438952,0.9075629248776119,1.0347765519637737
Square,Female,1.193396296994222,0.8758757239076124,0.9104235522666949,1.0394437560216325
Square,Female,1.1950738379846824,0.8842609353062248,0.8857971938036738,1.0017373361596225
Square,Female,1.26278494527929,0.8734590291430828,0.9024153042822037,1.0331512688895423
Square,Female,1.186984998918444,0.9009196208575714,0.900469935975589,0.9995008601527023
Square,Female,1.1604938308585757,0.9095159591952551,0.8785532896668622,0.9659569805066545
Square,Female,1.1805586777994375,0.8841033691024677,0.8918779955804743,1.0087937980441126
Square,Female,1.090164800374012,0.91030215776558,0.8802273639311258,0.9669617460775052
Square,Female,1.184882401873676,0.8928782379031405,0.9041785231136238,1.0126560204188886
Square,Female,1.216676969478126,0.8803987227749048,0.9143941395309867,1.038613659784663
Square,Female,1.285476247291056,0.8764582626458485,0.8805073211259791,1.0046197961188787
Square,Female,1.2041453225486405,0.8897605102301834,0.9041793150561376,1.016205264967563
Square,Female,1.163174449396922,0.9134727061055787,0.8735460788554228,0.9562913845336708
Square,Female,1.1385164777836532,0.8966201675638478,0.8909448109617136,0.9936702777748638
Square,Female,1.1719374334562997,0.8942693587887055,0.8979300065606278,1.004093450967481
Square,Female,1.185012690907813,0.891076617120168,0.9102833827450928,1.0215545613653272
Square,Female,1.1132768569015896,0.8932418358761298,0.8689229785005189,0.9727746099668989
Square,Female,1.1721530650930476,0.893438426226618,0.8807947524068718,0.9858482986083933
Square,Female,1.1992395233345647,0.9049134093621275,0.8891490517231647,0.9825791534572628
Square,Female,1.17411006122816,0.8965836788709309,0.8967549510260214,1.0001910275182637
Square,Female,1.1746350902578082,0.8953165846330887,0.8663997466302327,0.9677021083947568
Square,Female,1.1030576213957746,0.9003267439683086,0.877739327125899,0.9749119783526006
Square,Female,1.1802791254618223,0.9078147329229477,0.8727560074846317,0.9613811891712362
Square,Female,1.1672436710909575,0.8877206774102521,0.8951522272388146,1.0083714956941665
Square,Female,1.1793661461591505,0.8832850739189851,0.8832465570055218,0.9999563935646592
Square,Female,1.178202823208667,0.8955672139693833,0.8816873278988959,0.9845015696711716
Square,Male,1.165954938015308,0.8867862892261932,0.9008016859551445,1.0158047061611442
Square,Female,1.1674503052240783,0.8912909270320579,0.8907889641637808,0.9994368136676218
Square,Female,1.1740348313284392,0.8855137203358783,0.9003866675934865,1.0167958405567865
Square,Female,1.1611968621956652,0.9179277183414813,0.8632529315555247,0.9404367188249382
Square,Female,1.134097370189881,0.9070803409693473,0.8838093283968554,0.9743451472582645
Square,Female,1.203031808072286,0.8833175437820103,0.9088796250348231,1.028938722470479
Square,Female,1.207652934127065,0.8972420756160223,0.8923250220865467,0.99451981392413
Square,Female,1.1754807140757058,0.8848272785286255,0.8917420531372853,1.0078148298277583
Square,Female,1.0690660207324083,0.9133384193823333,0.849287713891519,0.9298718808586525
Square,Female,1.0512893452060517,0.8798104110289887,0.8956928879088303,1.0180521583749687
Square,Female,1.1460124054740863,0.9032929734461067,0.8895710037746989,0.9848089489514593
Square,Female,1.1411660909065957,0.8956949198164668,0.8869440400334442,0.9902300665221863
Square,Female,1.0821894164796215,0.8956264823743101,0.888788071874079,0.9923646624627463
Square,Female,1.140138267662285,0.905777632202247,0.8837313361577221,0.9756603660095657
Square,Female,1.2061636530241218,0.9174114815091031,0.8758102705004192,0.9546537057283698
Square,Female,1.2564187800320379,0.8932888684533616,0.9114503640377156,1.020331044330373
Square,Female,1.1711718772672595,0.9043459521583104,0.8549673713656749,0.9453985715590492
Square,Female,1.1729850231044272,0.898546854963592,0.8772889679035635,0.9763419270318521
Square,Female,1.1968769061852,0.8738945875695155,0.8870011958992323,1.0149979282583372
Square,Female,1.218326439653651,0.8975202295462399,0.8727276414720102,0.9723765690643384
Square,Female,1.1830240885441912,0.9033119589858987,0.8864348334605996,0.9813163931270809
Square,Female,1.1649783167890644,0.9010291862136811,0.8775770090719964,0.9739717897039099
Square,Female,1.1732112058517017,0.8702371645572063,0.8999389502277934,1.0341306794058835
Square,Female,1.187313398986303,0.9011161982811275,0.8826595706926338,0.9795180381578984
Square,Female,1.155728610210684,0.9060699640834318,0.8892700864085248,0.9814585204886452
Square,Female,1.20744082077908,0.8837443234468126,0.8967148085612313,1.014676739380719
Square,Female,1.1310920915891336,0.8888804761952654,0.906602971824473,1.0199379962816444
Square,Female,1.2419204752816746,0.8930242206078135,0.8957490768278314,1.0030512679915482
Square,Female,1.1663873093397445,0.8774395535789272,0.8900959052816128,1.0144241864309198
Square,Female,1.0776307414589081,0.9019253721546697,0.8924823039994594,0.9895301003311935
Square,Female,1.2060197042762557,0.8962992440268198,0.9016915435292325,1.0060161821382183
Square,Female,1.2117519308985052,0.8882225580061067,0.8821574614939258,0.9931716477390578
Square,Female,1.1715598374045408,0.8899385672361452,0.8962005442972534,1.0070364149747504
Square,Female,1.1734127021501848,0.9115994219033647,0.8552581965149856,0.9381951940351804
Square,Male,1.2050354345575465,0.8828846422026508,0.901875178047164,1.0215096456963335
Square,Female,1.160776961252846,0.9091681177823098,0.8910849491015097,0.9801102036827803
Square,Female,1.1436354750157733,0.8910430006181731,0.8948495636539283,1.0042720306799047
Square,Female,1.2143600087892539,0.8751948188486384,0.912737755606089,1.0428966624903473
Square,Female,1.1683301931961305,0.9107191868811428,0.8970652922128101,0.9850075688916886
Square,Female,1.1308038763540929,0.8819138751775818,0.8983301793566365,1.0186144074167662
Square,Female,1.1307398938367184,0.9129124092986448,0.881375776799039,0.9654549196851928
Square,Female,1.1629539562954088,0.9150526469036243,0.8779794475812449,0.9594851733964942
Square,Female,1.1435705859882117,0.9089656491939377,0.8700691330151669,0.9572079360608798
Square,Male,1.197762589913023,0.8934003015093767,0.8863791621111129,0.9921411047361393
Square,Female,1.205282305840866,0.8846662322484267,0.9048198877880275,1.0227810837635107
Square,Female,1.1669267002581258,0.8940521014596933,0.8683458925259672,0.9712475269710162
Square,Female,1.1265630709220316,0.8921047431175347,0.9039508623021513,1.0132788434048892
Square,Female,1.1769255107447738,0.8949299411033977,0.8887528232339154,0.9930976520219378
Square,Female,1.1509622920135332,0.9009089711768496,0.8740387941947005,0.9701743707279895
Square,Female,1.1834886702180167,0.8819799353617794,0.9050602858338904,1.0261687931286596
Square,Female,1.1619340861228198,0.8880718184036637,0.8750527391114609,0.9853400603167378
Square,Female,1.174350300083445,0.8954804101387585,0.895459664122307,0.9999768325289793
Square,Female,1.1411101507426014,0.9090342162176246,0.8555012927491321,0.9411101116839846
Square,Female,1.1681716270324565,0.9086586432061493,0.8826002607559584,0.9713221431997331
Square,Female,1.2199152084404428,0.8970973951412654,0.898737666183261,1.0018284202483247
Square,Female,1.2424730997021682,0.8818579513114395,0.9118511662996918,1.0340113903193233
Square,Female,1.0259214057328185,0.8731326998784329,0.8825339293232325,1.010767240129832
Square,Female,1.1352918715833378,0.8979226336382778,0.8842693062882284,0.9847945392636693
Square,Female,1.1911494654648862,0.9015272551746766,0.8772417551037358,0.9730618237756602
Square,Female,1.139048174058946,0.9007513096191666,0.877038345941168,0.9736742390216182
Square,Female,1.1556037812791877,0.9009558979534572,0.881905627870721,0.9788554910112589
Square,Female,1.1912779592568163,0.8841495659582973,0.88860313738251,1.0050371244817449
Square,Male,1.1621772819516114,0.8951793462649897,0.8917728229720475,0.9961945912769822
Square,Female,1.1382804436337826,0.8924749877427491,0.8917261122056226,0.999160900252207
Square,Female,1.184319389419161,0.8985158868240238,0.9022473149550658,1.0041528794156678
Square,Female,1.1586602949294436,0.9042850616070353,0.8886260511168225,0.9826835462012558
Square,Male,1.1840290751804061,0.885761579438432,0.9198647819976027,1.03850155995792
Square,Female,1.2458371069680971,0.8977441897032366,0.8943521789148493,0.9962216288032913
Square,Female,1.180973963154448,0.870205992976528,0.8998526844089828,1.0340685902783187
Square,Female,1.1543793850518207,0.8679599997125119,0.9178519170248771,1.057481816361227
Square,Male,1.224018771834087,0.8809827803426151,0.907492383376532,1.0300909434615821
Square,Female,1.1417500833742882,0.9264545206406056,0.862794620193989,0.9312865348181383
Square,Female,1.1010272488196478,0.9002405855157668,0.8837599496822015,0.9816930761634978
Square,Female,1.2238229344172538,0.8751456366559128,0.9189214539276764,1.050021179833609
Square,Male,1.1604567372597259,0.8857320504835985,0.9241414225148469,1.0433645502725992
Square,Female,1.1951935739685597,0.9116926036387077,0.8952381571130036,0.9819517604288639
Square,Female,1.1518977501893977,0.905771940383034,0.8704723522287434,0.9610281721253552
Square,Female,1.171608388107275,0.8951506577151175,0.9039047321194311,1.009779442520501
Square,Male,1.1263361026834595,0.9037034005089913,0.8744507476651601,0.9676302503372729
Square,Female,1.1383356581701602,0.8814606639521757,0.8719110109954481,0.9891661042321387
Square,Female,1.1342346414350781,0.9122691069478946,0.8801080539313576,0.9647460899732364
Square,Female,1.240164925598841,0.8937308158857907,0.907621153936705,1.0155419705844508
Square,Female,1.0993166721943246,0.8795173453233922,0.9155612836715894,1.040981498022582
Square,Female,1.0882051751211155,0.8872031333791508,0.8786260756504544,0.9903324758378294
Square,Female,1.1398577955794837,0.9278811005990579,0.8629862803770428,0.9300612759758575
Square,Female,1.1280304521034323,0.9032160961714341,0.8692253930925972,0.9623670312974744
Square,Female,1.1775316707347758,0.9036099486841558,0.877520185455829,0.9711271846150887
Square,Female,1.1898656333714037,0.8930216618682443,0.8863197078920357,0.9924951943918272
Square,Female,1.1521516130769731,0.9119239966855207,0.89119525950062,0.9772692271941067
Square,Female,1.1568338381376322,0.8754515249188618,0.9045208689737743,1.0332049727797397
Square,Female,1.1747194500773441,0.8856643560823553,0.8913672919402248,1.0064391615386847
Square,Female,1.1169042306996204,0.9179411174809189,0.886061154580991,0.9652701439201077
Square,Female,1.1424697937038446,0.8935992303248721,0.8815641231249418,0.9865318738070591
Square,Female,1.080820888555562,0.9035751944141677,0.891468113824585,0.986600915270331
Square,Female,1.1428557232808716,0.8949443740802269,0.8812590791559243,0.9847082172695173
Square,Female,1.1810424604423357,0.895855232025874,0.9017662594293591,1.0065981948781142
Square,Female,1.1722214998902043,0.912172141524992,0.8769977051250484,0.9614388175228217
Square,Female,1.1636047794264497,0.9208598475385049,0.8831529816430289,0.9590525463823101
Square,Female,1.1321407807931798,0.9112828865814875,0.8684424830400785,0.9529889080852634
Square,Female,1.18041862326244,0.882374600630879,0.8882815126137787,1.0066943359188676
Square,Female,1.1634187843081776,0.8830658095149772,0.9075369938007183,1.027711620155673
Square,Female,1.1180676681485207,0.8782178195332059,0.8767091494873216,0.9982821231677054
Square,Female,1.1406524070785597,0.8906336834297172,0.8970845707667509,1.0072430309531886
Square,Female,1.1297261001033756,0.9023787160648544,0.8790368268704567,0.9741329346771516
Square,Female,1.140673252418595,0.865189187804933,0.9072545349147991,1.048619825239136
Square,Female,1.1912499657106421,0.8841814272705281,0.8857497236874564,1.0017737269394695
Square,Female,1.1489525812002197,0.8891414608886898,0.9054836915193635,1.018379786962515
Square,Female,1.164530692682157,0.8901019209816976,0.8878382528450351,0.9974568438924771
Square,Female,1.1485276427955458,0.9102730843923362,0.8545791359700277,0.9388162196847908
Square,Female,1.1991597385505148,0.913264581859576,0.8869625930125927,0.9712000340652349
Square,Female,1.157984015862459,0.8901168785380617,0.8873031399311758,0.9968389110747938
Square,Female,1.1771253829515018,0.8806914901978068,0.8958356569465882,1.0171957682313701
Square,Female,1.1630389906552712,0.8955606410886163,0.8822982877167138,0.9851910046473445
Square,Female,1.1996312795516009,0.92854706748994,0.8437615780201894,0.9086901542870155
Square,Female,1.1874668235281232,0.9159558499932707,0.8678062259865348,0.9474323745985249
Square,Female,1.0899158123151431,0.8831474992996736,0.8747348313683767,0.9904742209676548
Square,Male,1.1193137386899021,0.9020169624959825,0.8699422828638038,0.9644411569119228
Square,Female,1.2338282069135627,0.8908344926331844,0.8997560375052693,1.010014817506352
Square,Female,1.0418035878071548,0.8708213795119488,0.8895405015817259,1.0214959376402406
Square,Female,1.1640260208640978,0.900104814138902,0.879108091148844,0.976673024451997
Square,Female,1.1048144988489375,0.9152239573680333,0.8609867033527082,0.9407388174460615
Square,Female,1.2224582348665685,0.9005813826743725,0.888567372862144,0.9866597177741432
Square,Female,1.183390507428262,0.9033504662809777,0.887136655698812,0.9820514726151449
Square,Female,1.1969832932498201,0.9002644386059211,0.8817208027631049,0.9794020122892654
Square,Female,1.1658658110258613,0.9062623613932864,0.8785833858271344,0.9694580987302633
Square,Female,1.1677948220214247,0.8993082831657621,0.8853082639129591,0.9844324582405494
Square,Female,1.2022868009490397,0.9121895888399855,0.8942479089226754,0.9803311941543575
Square,Female,1.0835479880581054,0.882177256278526,0.8849402190150595,1.0031319813754769
Square,Female,1.1672086962889585,0.8908362896342327,0.8930395069686019,1.002473201148186
Square,Female,1.1580322053749068,0.8933039899542435,0.8885141577236603,0.9946380713794544
Square,Female,1.1933289647891232,0.9132773190382774,0.8707478817674812,0.953432066707206
Square,Male,1.130066058998896,0.8868192440747604,0.8963137028996176,1.0107061939490982
Square,Female,1.148038307331925,0.9067002840948536,0.8854569277959355,0.9765706963242821
Square,Female,1.1075910412559349,0.8868611434878236,0.8751691873038528,0.9868164748564934
Square,Female,1.1873335806262735,0.897961709264673,0.8802670854007687,0.9802946788472816
Square,Female,1.1512876973910644,0.8928284703578214,0.8984042756637828,1.0062451024928973
Square,Female,1.1241066878073458,0.900583685417554,0.8652045816240181,0.9607153623073548
Square,Female,1.1387499396495235,0.9097530693306496,0.8868694004736105,0.9748462856257516
Square,Female,1.1667836502692557,0.8950296383370034,0.8898025657985782,0.9941598888857609
Square,Female,1.1896317620865826,0.8885052480779337,0.8920867517318753,1.0040309313441753
Square,Male,1.1209126014016317,0.9037892126221588,0.8687444561448885,0.9612246351385461
Square,Female,1.1524380059053867,0.8794687130575267,0.8835127709859124,1.0045982965264635
Square,Female,1.183750028093438,0.9045469931073321,0.8592194172949085,0.9498891974017705
Square,Male,1.2026419890534372,0.8633143900192518,0.9421936179989483,1.0913679059350991
Square,Female,1.149202472837909,0.8918837547830767,0.891306949733894,0.9993532732869174
Square,Female,1.1641654076760939,0.8857542493709264,0.894541052043501,1.0099201360634906
Square,Female,1.158181693630206,0.8874345735809134,0.904911326795429,1.019693568106091
Square,Female,1.1029774120801132,0.905979742655466,0.8887978129404068,0.9810349736245777
Square,Male,1.165641026104937,0.9045194332389803,0.8904269377547517,0.9844199085543525
Square,Female,1.1962961066355942,0.8977309869537626,0.8830906721348951,0.9836918686871376
Square,Female,1.127865958244663,0.8885654518176934,0.8818601986577904,0.9924538444003349
Square,Female,1.1347778677657663,0.9052872969109503,0.8707911225106495,0.961894776919979
Square,Female,1.2148808615588618,0.8981076623914002,0.8807848141579747,0.9807118356085508
Square,Female,1.1186937222684437,0.8745135587682453,0.9117285410650131,1.0425550660977574
Square,Female,1.1611829958046405,0.9130555407384069,0.8688619270377956,0.9515981101600118
Square,Female,1.1589101558237342,0.8937261088692093,0.90407529313489,1.0115798164146452
Square,Female,1.107973878128511,0.8966903965333977,0.876180291540143,0.9771268822856287
Square,Female,1.1920338859091182,0.8948284139346594,0.8842853469675879,0.9882177780646096
Square,Female,1.164131160122422,0.8996766549638301,0.894261270095846,0.9939807431502135
Square,Female,1.1390694623064723,0.8625717853067973,0.8996943022359369,1.0430370173955272
Square,Female,1.1105792085572634,0.919434578769999,0.8401850368476232,0.9138062198743991
Square,Female,1.0990185370236547,0.8710456306276452,0.9004011950675975,1.0337015230979343
Square,Female,1.1390196362594012,0.8799424507205871,0.8897864906003801,1.011187140558717
Square,Female,1.1780432588767302,0.9193479689782612,0.8712939463895678,0.9477303216951691
Square,Female,1.179966866519958,0.8792628603462355,0.8787556590313512,0.9994231516674268
Square,Female,1.1732480621421624,0.9014558504949202,0.8896446201054282,0.9868976052648532
Square,Male,1.1630389365412153,0.8884904544981628,0.9111234937637358,1.025473587421214
Square,Female,1.1925063370607094,0.8913935530153433,0.9117005725995466,1.0227812053559397
Square,Female,1.1764142687612873,0.8672473811866743,0.8941204581046017,1.030986633688252
Square,Female,1.1721436120986237,0.887802488229836,0.8989957144976359,1.0126077888000942
Square,Female,1.119772741969152,0.8977971108486549,0.8926308197678459,0.9942455917730394
Square,Female,1.1978228822439343,0.8745277258155125,0.9017165617526633,1.031089735790591
Square,Female,1.1315562946021047,0.881904207309378,0.8900808680080405,1.0092715973355075
Square,Male,1.1657200239742105,0.8791670657850038,0.8925651874354346,1.015239562731422
Square,Female,1.1520941454064444,0.8869593100491763,0.8991231264008829,1.0137140635583746
Square,Female,1.1091408178552058,0.901795533180761,0.8673997248371164,0.9618585288149235
Square,Female,1.1933645824289365,0.9181908204419392,0.8543866338168971,0.9305109730956227
Square,Male,1.1017433444656812,0.9073830291052462,0.9100806028967064,1.0029729162932663
Square,Male,1.1701115500838501,0.8834346141313589,0.890777291756638,1.0083115122588884
Square,Female,1.1589220895007892,0.8670947211861263,0.8933185799503721,1.030243361104048
Square,Female,1.1479060031914268,0.8944241350316755,0.8893589264282437,0.9943369052722928
Square,Female,1.2011398873619203,0.8841381898371963,0.9130719377131541,1.0327253682835322
Square,Female,1.1737691166313269,0.8967316443566072,0.8693224440573412,0.9694343335915933
Square,Male,1.2447530713751684,0.8895459677413763,0.9080221018628701,1.0207702971982506
Square,Male,1.167443264134666,0.8986150473672705,0.8933859136351688,0.9941808967617203
Square,Female,1.2042505428140977,0.8820454401763279,0.9108526877141613,1.0326595957823608
Square,Female,1.1150238612352334,0.8858296578827644,0.9147961886097437,1.0326998881435203
Square,Female,1.1412811778176266,0.887781736946016,0.8873275156722605,0.9994883638006363
Square,Female,1.2046250554013203,0.9057246025950026,0.8720376345986827,0.9628066104202061
Square,Female,1.1729265343474735,0.8519921763417067,0.9248651663668773,1.0855324638520434
Square,Female,1.201685731388037,0.85461795201382,0.9267288297552813,1.0843779112895293
Square,Male,1.2128601475538674,0.8778502069107089,0.8907181804723866,1.0146585071808119
Square,Female,1.1438975837465841,0.9102174811349762,0.8794635937829296,0.9662125942541789
Square,Female,1.1460547414351887,0.861008572197797,0.9295145188912248,1.0795647673037223
Square,Female,1.191066052449846,0.8839749678008803,0.8819107671265657,0.9976648652399628
Square,Female,1.181901609179968,0.887399913655366,0.8949584631141164,1.0085176360087926
Square,Female,1.2132243913996195,0.8974497773129156,0.8930401246270103,0.9950864630006278
Square,Female,1.1578052400390646,0.9095923227833383,0.8921453273504953,0.9808188844652345
Square,Female,1.2192485440542258,0.909082308436946,0.8940761749742389,0.9834930970238456
Square,Female,1.1376644152129303,0.9036216456635234,0.8862498326462724,0.9807753465174077
Square,Female,1.1480822185737947,0.898467284383524,0.9030561337090768,1.0051074194968617
Square,Female,1.121599309227314,0.8963812729351505,0.886212563702465,0.9886558214236353
Square,Female,1.1631491642170952,0.8775007175975024,0.9106660793172805,1.0377952531031327
Square,Female,1.114686740812482,0.8999377429358102,0.870378197648968,0.9671537886716342
Square,Female,1.2147267173794145,0.8978237075208416,0.8786126074838151,0.9786025921613564
Square,Female,1.2298241006407467,0.8915273698655781,0.8944504248486842,1.0032787047060001
Square,Male,1.2283133039544183,0.8857071475306619,0.9044653674389427,1.021178806065389
Square,Male,1.1543068764588782,0.893950116970951,0.898019497333438,1.004552133598098
Square,Female,1.1880407121391408,0.8834091697111218,0.9131569637499045,1.0336738569835202
Square,Female,1.1244338101871079,0.9076456343083349,0.866162963148339,0.9542964020406406
Square,Female,1.0747622729647468,0.8914737720929872,0.872845198250592,0.9791036209639019
Square,Female,1.0810040102536123,0.883575588363742,0.863642175333682,0.9774400591272856
Square,Female,1.1434379779033177,0.90097654015251,0.8750187108209249,0.9711892283819163
Square,Female,1.1273574757048972,0.8909416875105629,0.8911508980256758,1.0002348195376258
Square,Male,1.12540102859391,0.8797122215674491,0.9016573506271099,1.0249458044592805
Square,Female,1.0901595939353053,0.8934856320338698,0.8798100206671877,0.9846940892204928
Square,Female,1.1219043135313966,0.8828099354845192,0.9005312412813715,1.0200737498350947
Square,Female,1.1388369708230532,0.8696675866169843,0.9258045285684087,1.064549884134233
Square,Female,1.109198084542133,0.8882661358870848,0.8740664747624652,0.9840141816163701
Square,Female,1.1096212790626316,0.9017014576741973,0.8680087965865648,0.9626343499826011
Square,Female,1.11690753825135,0.9050828161957858,0.8782719205081243,0.9703774116490774
Square,Female,1.0757200533155156,0.8781865139565116,0.8772153536530509,0.9988941297913068
Square,Female,1.0991840635347272,0.8813736707196074,0.8880812053232987,1.0076103187859184
Square,Female,1.188860671850339,0.90309557462815,0.8652923445609907,0.9581403883163475
Square,Female,1.157806700696492,0.9203541351132322,0.8489871647135111,0.9224570546521849
Square,Female,1.163669825510742,0.9091758297427392,0.8816354485174223,0.9697084102718504
Square,Female,1.1699434092665513,0.9116349439301616,0.8729926796077057,0.9576121290876973
Square,Female,1.1739594160197124,0.9157202684086458,0.8539254758091843,0.9325178280624393
Square,Female,1.1261092247111686,0.8955554280540255,0.8974940105182455,1.0021646705535943
Square,Female,1.2236603177266911,0.9077329603800092,0.8572534180643494,0.9443894355290049
Square,Female,1.217023024613481,0.9131453150756761,0.845015916350992,0.9253904087335344
Square,Female,1.172281260818259,0.9006587911866037,0.8666203554772346,0.9622071798527343
Square,Female,1.1901813665606478,0.9079605085239688,0.8600227163387028,0.9472027783860375
Square,Female,1.2526894127270554,0.8983792841180898,0.8602478553169027,0.9575553115757567
Square,Female,1.18081524595767,0.9231468989408108,0.8461433411355568,0.9165858024398874
Square,Female,1.151197717526019,0.882400877529973,0.8833410476817186,1.0010654682873585
Square,Female,1.200407843910064,0.9184889488741177,0.8702711628549636,0.9475031397184916
Square,Female,1.184044789500177,0.907989058049675,0.8778654290556338,0.966823797349777
Square,Female,1.1994633345043637,0.8973292478032802,0.8883268195559367,0.9899675305698752
Square,Female,1.1420138864560645,0.8870975187801002,0.8912758927514517,1.0047101630687656
Square,Female,1.1537470147642366,0.907434571071994,0.8731583401146324,0.9622273251978163
Square,Female,1.1645448457803302,0.9055456263000229,0.8675432533221158,0.9580337291968585
Square,Male,1.1590983375853061,0.9091087608853196,0.8738995813242967,0.9612706630098526
Square,Female,1.1799075964220291,0.8857339463429101,0.8998895054782466,1.0159817281405812
Square,Female,1.1490866484653222,0.9031518809085687,0.8793687556186349,0.9736665274217134
Square,Female,1.1750762358075744,0.8991877623338321,0.8727207155870257,0.9705656061442479
Square,Female,1.2149059199341823,0.909467138207617,0.8982865102471423,0.9877063969760254
Square,Female,1.185272337544887,0.9139308968759013,0.8755847760561585,0.9580426474793424
Square,Female,1.1745809515629364,0.8724841526649096,0.8974713407733024,1.028639131188884
Square,Female,1.160173098295734,0.9043893437377464,0.8758069559573937,0.9683959259601348
Square,Female,1.2069078469650627,0.8970771162764377,0.9009280044794318,1.0042927058701243
Square,Female,1.086706184338306,0.8929066838790681,0.8912228395967831,0.9981141990392882
Square,Female,1.1881938541663395,0.8686864347706187,0.8909323128623826,1.0256086398973618
Square,Female,1.1599759404214935,0.907929285969151,0.88098672755697,0.9703252678060477
Square,Male,1.1884293768600636,0.8974230711063307,0.8808588115239488,0.9815424183802611
Square,Female,1.1589831216263342,0.8988916891790307,0.8895076080251283,0.9895603872336688
Square,Female,1.0914564864210954,0.8772072124052905,0.8825010718839108,1.0060349019065913
Square,Female,1.2031588800919535,0.8963701123749479,0.8585755779546268,0.9578360167317674
Square,Female,1.1982468683469032,0.8882511252923339,0.8810073281384025,0.9918448770312029
Square,Female,1.2183325462917713,0.9084441447907945,0.8767591781604783,0.9651217228797122
Square,Female,1.259202479473065,0.9157076082148249,0.8586250472400462,0.937662895379824
Square,Female,1.1596580323060979,0.9085942455293435,0.8766245983560997,0.9648141650351105
Square,Female,1.2139414651448077,0.910573493791497,0.8588640880408831,0.9432122655632075
Square,Female,1.155374957558638,0.8899295885776666,0.8868897625895176,0.9965841949439984
Square,Female,1.198633825734926,0.88870790855005,0.9092228878342389,1.023084051674143
Square,Female,1.2002666764250416,0.9049926377641054,0.896958622466124,0.991122562811306
Square,Female,1.2176959689783193,0.9026767823729993,0.8825897430895748,0.9777472516456901
Square,Female,1.2387890737677911,0.881823736667778,0.9182566111387737,1.0413153705849059
Square,Female,1.2189147321721794,0.8892244771834813,0.8933394959072722,1.004627648956341
Square,Female,1.213575177070146,0.9137384161275118,0.886279640632818,0.9699489755382443
Square,Female,1.1756731557405806,0.8921113932829038,0.9079177394483038,1.0177179064009414
Square,Female,1.177203628500022,0.8866975997494804,0.9047244019638748,1.0203302706802044
Square,Female,1.1714941447899905,0.8819248142940631,0.9067816160366234,1.028184717494832
Square,Female,1.219290683214146,0.885457968666204,0.9131476810208313,1.031271628168119
Square,Female,1.1468322144703398,0.8964393648036959,0.893499921121045,0.9967209787989458
Square,Female,1.1951753823902245,0.9071912265268889,0.8914939697236778,0.9826968599957621
Square,Female,1.1840615096993863,0.8877422479170832,0.9021945050117068,1.0162797896895557
Square,Female,1.1590385254907263,0.8952950225492171,0.8979780713927163,1.0029968320787261
Square,Female,1.1980341776484138,0.8968214373584903,0.9087142936111398,1.0132611195018697
Square,Female,1.1988810652057682,0.8912178093114324,0.9087656509758527,1.0196897340707072
Square,Female,1.1745404157755468,0.915828865416689,0.8799144033042798,0.9607847454163081
Square,Female,1.1760068738965033,0.8958265925280776,0.8933419785231651,0.9972264565200049
Square,Female,1.1861766430965943,0.9078213423023321,0.8872207546438322,0.9773076631947707
Square,Female,1.1676550607526324,0.88532983621777,0.9001576504725832,1.0167483503302672
Square,Female,1.1633299892989637,0.8815177892561146,0.9008348399944913,1.0219133986560587
Square,Female,1.1778247191851787,0.8675906649400301,0.9093152902437517,1.0480925244932247
Square,Female,1.1434526878495952,0.9023716792068269,0.8902225138994713,0.9865364066855083
Square,Female,1.0956137645015631,0.8931307204997274,0.8846505379085859,0.9905051047998924
Square,Male,1.1678841320274638,0.904492035810048,0.8773352491936963,0.9699756487164307
Square,Female,1.1500420835852843,0.9020591730727543,0.8624342505856731,0.9560728124385636
Square,Female,1.0926941801729582,0.9165914843711361,0.8650508749826741,0.9437692687884577
Square,Male,1.133027277423743,0.8890098953269817,0.8660376459108302,0.9741597370997741
Square,Male,1.1867542870857708,0.9090824680898719,0.8685335050041586,0.9553957264505243
Square,Female,1.1234871921980534,0.8633095342946037,0.9048083152641603,1.0480694111683413
Square,Female,1.0877446413488054,0.8732947086208985,0.9112542403166409,1.0434670350352722
Square,Female,1.148491535370736,0.9081580542908387,0.8529265633510055,0.9391829531446898
Square,Female,1.2004170226163724,0.9004815596335431,0.8851678015845373,0.9829938127159007
Square,Female,1.2089248559845294,0.8857089657624031,0.9094208146425365,1.026771603084906
Square,Female,1.1916641712025522,0.8889305545770292,0.9132273428387024,1.0273326056085834
Square,Female,1.1684539769416167,0.9105813367466382,0.8820678788485403,0.9686865338136933
Square,Female,1.1631027084950218,0.8937138104334212,0.8904885398724687,0.9963911595375388
Square,Female,1.1285111905215237,0.9110003621492658,0.8759630466319046,0.9615397348089962
Square,Female,1.1736305597386374,0.8764139405333334,0.926055997456095,1.0566422493149212
Square,Female,1.1961702390693667,0.900424254675707,0.877549394790839,0.9745954645645275
Square,Female,1.248464455475406,0.8843542291785434,0.9050116788853334,1.0233587956332593
Square,Female,1.1916193093308154,0.8842514211394242,0.8851560471863518,1.0010230416658668
Square,Female,1.1007337678751317,0.884702776818724,0.8889443224153533,1.0047943170381823
Square,Female,1.1580720217650422,0.9196643094367335,0.8837318609380149,0.9609287343979608
Square,Female,1.1510590189071068,0.8884734877496877,0.8949474169179481,1.0072865755225375
Square,Female,1.177364902173987,0.8787148823232809,0.8919853324848518,1.0151021115364343
Square,Female,1.1858943569700136,0.875192716989142,0.9190794785438023,1.0501452545282146
Square,Female,1.1927098118444208,0.903552508222131,0.8798468226205531,0.9737639092516913
Square,Male,1.2663768589226216,0.8927618762328579,0.896772084769096,1.0044919128414844
Square,Female,1.1048689514480274,0.9047159537227308,0.8664746887418122,0.9577311919574722
Square,Female,1.1399396092635874,0.8854061089788491,0.8934353571713571,1.0090684355021768
Square,Female,1.1958152889906977,0.9068318347813633,0.8721971671080317,0.9618069565437323
Square,Female,1.1507408360076565,0.9005471448840864,0.8835239627339705,0.9810968451270733
Square,Female,1.197277869814135,0.8750528870299339,0.9125249828603237,1.0428226640764262
Square,Female,1.1771369555841649,0.9142433586154189,0.8608880133717907,0.9416398875191911
Square,Female,1.2215685051762366,0.9078326016247175,0.8790294106977402,0.9682725748387653
Square,Female,1.231931882868081,0.8956997224588231,0.8884239748850837,0.9918770237488
Square,Female,1.2171394422730955,0.8925698677661424,0.8912790334895228,0.9985538002981769
Square,Female,1.2252647393252611,0.921929586459651,0.8719869978743393,0.9458281962973997
Square,Female,1.254768079174614,0.9045627417879416,0.8829050440617775,0.9760572741661282
Square,Female,1.2193448033119918,0.900046008043822,0.8901407257742999,0.9889946934034514
Square,Female,1.2333678348939412,0.9066606978526135,0.8673571859345398,0.9566502529433972
Square,Female,1.2354571015785052,0.9133265241945,0.8718641173143823,0.9546028656983492
Square,Female,1.2569476104446322,0.8943276964061724,0.9043311674947578,1.011185464935039
Square,Female,1.169130833273858,0.8833365119172749,0.8756035164113386,0.9912456969664348
Square,Female,1.1800524716329728,0.9132798252222393,0.886053201227776,0.9701880811964307
Square,Female,1.0438524493319363,0.9192551914288154,0.869258361089372,0.9456115877227386
Square,Female,1.0913363072259983,0.8762986807111668,0.9303776170407753,1.061712903967538
Square,Female,1.1119206454128039,0.8776457976099273,0.9093167034360372,1.0360862046082355
Square,Female,1.0483628845328115,0.913187312809411,0.8706610082627783,0.9534309073832826
Square,Female,1.1554682123607782,0.886572410844076,0.9046708092640704,1.0204138976113226
Square,Female,1.0469841974983818,0.8753770493691873,0.9028279084552998,1.031358897409858
Square,Female,1.132181301055425,0.8745677647325455,0.9103572484892678,1.0409224821677108
Square,Male,1.1070802614241702,0.8814648673144372,0.9201895390544234,1.0439321783271622
Square,Female,1.17296976363398,0.8636317392918633,0.918036343311365,1.0629951419619095
Square,Male,1.1185331955703017,0.8728405975090332,0.9156693187506788,1.0490682048519202
Square,Female,1.1666774331388863,0.8912757791568999,0.8834642008556826,0.991235509273452
Square,Female,1.1402187534414905,0.9100811528064741,0.8537658716725742,0.9381205940148998
Square,Female,1.130216226280899,0.9064320169001291,0.8706771761950084,0.9605543051894865
Square,Female,1.1253896006042203,0.9025829390636838,0.8623609298399281,0.9554367720871381
Square,Female,1.1517308008097815,0.901661551828844,0.8636763289984251,0.9578719723011663
Square,Female,1.1999237832285612,0.9063039228333782,0.8792088774030611,0.9701037976911653
Square,Female,1.1968614404650035,0.8890613501879581,0.9051538662387517,1.0181005687036013
Square,Female,1.161259564122318,0.9003273311951645,0.8838137350777072,0.9816582307953088
Square,Male,1.1727948485201323,0.8914885905735181,0.8894070471676473,0.997665092489258
Square,Female,1.1393638381256432,0.8779158815656555,0.9042532235358898,1.0299998468227558
Square,Female,1.2657752568456835,0.9210298346691429,0.8720780786760268,0.9468510637218382
Square,Male,1.1289506658984616,0.8806357444995891,0.9043829842575855,1.0269660184773564
Square,Female,1.146422415175439,0.8973674012194137,0.8876309564718197,0.9891499905898482
Square,Female,1.1596174972276456,0.8789841961303728,0.8943992366348775,1.017537335224419
Square,Female,1.151313100190361,0.906797533711157,0.8686211868083359,0.9578998117180791
Square,Female,1.1537570814505103,0.8842056984773268,0.8967390801652768,1.014174735256212
Square,Male,1.147625669820001,0.9032997524851211,0.8792623591442781,0.9733893502409224
Square,Female,1.2070951996422954,0.8884465245267704,0.9022985108510836,1.0155912437517738
Square,Female,1.2144245157325295,0.9151111215757886,0.8643619704360427,0.9445431817587818
Square,Female,1.164503660868149,0.891133939462224,0.8960910310874663,1.0055626785219671
Square,Female,1.2303284169680562,0.910015430150883,0.8891852318643031,0.9771100603391679
Square,Female,1.142166166214546,0.9107388280687282,0.8946807202841374,0.9823680430770225
Square,Male,1.1747244757668058,0.883273942853402,0.9079562380468106,1.0279440997814029
Square,Female,1.1255105025118877,0.8990337750437261,0.885228049865955,0.9846438192190282
Square,Female,1.127796156494225,0.8714912104424716,0.9020468285167863,1.0350613037838914
Square,Male,1.1481759892747545,0.8664148518878008,0.9161265353390422,1.0573763057534464
Square,Female,1.1256601129386694,0.9002900303911312,0.8786836757326794,0.9760006731952091
Square,Female,1.1901682784671994,0.874862507712884,0.9305407077347014,1.0636422289570675
Square,Female,1.1259686432651008,0.8961957511301629,0.8597776804729821,0.9593637097573212
Square,Female,1.1443730278577258,0.8789251135659454,0.8918671937893583,1.0147248952426728
Square,Female,1.1457963784282748,0.8846966604428613,0.8764708601841928,0.9907021235340135
Square,Female,1.1171751995275785,0.8697409688385662,0.9038181086552065,1.039180791796144
Square,Male,1.0886018937652686,0.8728497809012963,0.9042375444869347,1.0359600979142458
Square,Female,1.1748289096054558,0.9008049931010955,0.8751332483339264,0.9715013294067208
Square,Female,1.2412092945295923,0.8955778403053825,0.8861144321278782,0.9894331818501926
Square,Female,1.1539129569087907,0.8980056285986143,0.894618167713034,0.9962277954862415
Square,Female,1.1241522441566334,0.8888146952870701,0.8974247759433673,1.0096871493033948
Square,Female,1.1753038042950417,0.8884396965472231,0.8981203666803694,1.0108962602310192
Square,Female,1.175256324428332,0.8876025169863906,0.8918439145108434,1.00477848749106
Square,Female,1.177469696016245,0.9015887273625145,0.8969475910503618,0.9948522689211857
Square,Male,1.2071305870672935,0.8834561707200377,0.9123079411391447,1.0326578401683382
Square,Female,1.1922153344878863,0.9006378132448946,0.8856584099878556,0.9833680053882372
Square,Male,1.2088742080518589,0.8826082916434297,0.9138379836482148,1.0353834110788092
Square,Female,1.2056587131488885,0.8764457941389934,0.9022763580246441,1.0294719468772469
Square,Female,1.1686166900097283,0.8883198535467539,0.8891561666095348,1.000941454881867
Square,Female,1.1648057643311884,0.8769155368060519,0.8843387418669212,1.0084651311891524
Square,Female,1.197706040922859,0.8811795878791389,0.9156739935840128,1.0391457157875121
Square,Female,1.1795120413416171,0.8604028078493154,0.9033077784292184,1.049866144308791
Square,Female,1.2136897215598872,0.8732226935527926,0.9194963211113248,1.0529917830814308
Square,Female,1.208574971858676,0.8896573717277937,0.9074383311901503,1.0199863003751932
Square,Female,1.2093012532989171,0.8480588485635434,0.9168769758946509,1.0811478206349392
Square,Female,1.2025279404148141,0.9005264364705925,0.8766752612475347,0.9735141865278969
Square,Female,1.0952010886698227,0.8847063613329772,0.9020649924433081,1.0196207825206285
Square,Female,1.1790213436078247,0.870639060264558,0.9017984806049526,1.0357891366956662
Square,Female,1.1423678533819812,0.8811598478787651,0.9120095596331611,1.035010346679619
Square,Female,1.1678095968564723,0.8947973438996717,0.8862309437625502,0.9904264354431499
Square,Female,1.1534186037424095,0.8827524549081347,0.8925122931305919,1.0110561439599426
Square,Female,1.2188009783507825,0.8773620731662582,0.8868081311948454,1.0107664307786839
Square,Female,1.2223929114327894,0.8613562782247887,0.921080740647785,1.0693376990832242
Square,Female,1.164609579744623,0.8783555039015517,0.8986633502883178,1.0231203041326218
Square,Female,1.1357628930142782,0.8769054352642804,0.9038226900322562,1.0306957326132475
Square,Female,1.206689343182704,0.8892672825663023,0.8865658938414893,0.9969622308413089
Square,Female,1.191961287362068,0.8670679097127086,0.9276035062460408,1.069816442120883
Square,Female,1.1325387687470974,0.8812224203543115,0.901018740941352,1.0224646129396946
Square,Male,1.1970697848716094,0.8581066799689393,0.9082437029935119,1.0584274941507126
Square,Female,1.1465910352206896,0.889673449069904,0.9065944240917201,1.0190193098821887
Square,Female,1.2091243925479758,0.8900544367490743,0.9091179091405877,1.0214183218513495
Square,Female,1.1605436446664106,0.8965799343000911,0.8941613920289125,0.9973024800370236
Square,Female,1.168548316173224,0.8902890632400876,0.8691932645494929,0.9763045514522897
Square,Female,1.1595915610665855,0.8852699045563708,0.8903678427551066,1.0057586258975906
Square,Female,1.1916512194715645,0.8830152910635631,0.9084096723903144,1.0287587107310052
Square,Female,1.135323511582117,0.9201923097408685,0.861526257266928,0.9362458783311706
Square,Female,1.1678515334120356,0.9092577833708502,0.8909016214803734,0.9798119276775111
Square,Female,1.1878410588482493,0.8951867445916694,0.8905345359303036,0.994803085848319
Square,Female,1.1755242786906697,0.874968594442383,0.9212287619930069,1.0528706605522289
Square,Female,1.2068744305008774,0.9159712073943528,0.8815803475691999,0.9624542130281759
Square,Female,1.1593501712203944,0.887070023075057,0.9124247432313152,1.0285825464695169
Square,Female,1.0928982755362804,0.9000384979738221,0.8810451919627481,0.9788972293364874
Square,Female,1.1800553759052508,0.8987625265930836,0.8915587491505595,0.9919847821539342
Square,Female,1.1791377407053738,0.9001649429025368,0.8824320727732188,0.9803004213070782
Square,Female,1.194886183630216,0.8883050274752432,0.9032071591158896,1.0167759172578381
Square,Female,1.2249868257340821,0.8919391573723612,0.9047016983212174,1.014308757322029
Square,Female,1.216064417492423,0.8806912244262003,0.909338268705583,1.0325279093112882
Square,Female,1.206314859251154,0.9011083039126236,0.896168123432172,0.9945176617960335
Square,Female,1.2155567314045996,0.8996868133827935,0.8884840498090867,0.9875481518601068
Square,Female,1.189452199538419,0.9117929731985394,0.8782862612944555,0.9632518423710338
Square,Male,1.1060478073279283,0.8636102584209178,0.9053856666583145,1.0483729875022347
Square,Female,1.1477285705939522,0.8898236805767794,0.8837464112740387,0.9931702544724351
Square,Female,1.151421384592787,0.9017897507393839,0.8798529192657834,0.9756741175472282
Square,Female,1.1492884868726525,0.8696445723845451,0.9051491429966547,1.0408265304465214
Square,Female,1.215974931570607,0.881716188278377,0.9038040915581018,1.025051035212196
Square,Female,1.1818575573058652,0.8778977390463131,0.882408120085721,1.0051377066357499
Square,Female,1.1614326274546654,0.8814904753481275,0.9243949083975371,1.0486725997038884
Square,Male,1.0917086620682865,0.8697056291216972,0.9342142519277737,1.074172939263625
Square,Female,1.1520766964260163,0.8542933490804565,0.9272898225151799,1.085446613289563
Square,Female,1.1521504893955883,0.869348854089462,0.9124149286041443,1.049538311705476
Square,Male,1.133551319531167,0.8835528594230662,0.9204579936525675,1.0417690168006466
Square,Female,1.1316234299415047,0.8897351241845866,0.8865455364367785,0.9964151266358837
Square,Female,1.212264291343393,0.8921982271455722,0.8997948327286893,1.0085144818180385
Square,Female,1.0589123027555951,0.9180241471669369,0.8717249837756342,0.9495665080987423
Square,Female,1.0968124961347963,0.8841920967186114,0.8962660879677324,1.0136553937701203
Square,Female,1.1290154897885962,0.8965525085628376,0.8950582869250132,0.9983333696313899
Square,Female,1.1219887445315775,0.924136723300408,0.8618477828330534,0.9325977002137741
Square,Female,1.140329657148221,0.8877291388498856,0.8922549413284959,1.0050981794790175
Square,Female,1.1188504252507239,0.8644656730691325,0.9043556646573132,1.04614410129966
Square,Female,1.1659671638234739,0.9053846976150158,0.8896552876739582,0.9826268215240523
Square,Female,1.1095273619680606,0.8774083078904207,0.9091920038348749,1.0362245213073862
Square,Female,1.131654337754982,0.8777387775865437,0.8848122866985138,1.0080587861589294
Square,Female,1.1610729409972875,0.8626889763963088,0.9082156677571259,1.0527730069659575
Square,Female,1.16526341968801,0.9110553641707544,0.8838940072403153,0.9701869304560197
Square,Male,1.181178007892069,0.8906073261129561,0.9084622980019621,1.02004808557654
Square,Female,1.1827862176678299,0.9012255737122402,0.8902390859291331,0.9878093918952471
Square,Female,1.228224682502408,0.907249273079434,0.8755491444579595,0.9650590752044625
Square,Female,1.12813849004944,0.8720364648846373,0.9042749930458693,1.0369692432133522
Square,Female,1.194544383942495,0.8926591328657808,0.9067034107152943,1.0157330803354085
Square,Female,1.1186877012533238,0.8806197029638678,0.9053663752398936,1.0281014292466282
Square,Female,1.0380704487184969,0.891264489942372,0.8731896909823377,0.9797200503733713
Square,Female,1.184219916229335,0.9181847086272671,0.8716051338218406,0.9492699297126551
Square,Female,1.1903277934307044,0.8821005881770314,0.8810327906240023,0.9987894832320248
Square,Female,1.151697799715058,0.9232259871349161,0.8748628589194183,0.9476150705358879
Square,Female,1.1532336969117558,0.9005092129194614,0.8740573814846544,0.9706256959336932
Square,Female,1.2175382323362938,0.9101362673930453,0.8852538902788485,0.9726608223343645
Square,Male,1.2493283754715026,0.890256911559698,0.9083765453169343,1.020353263784823
Square,Female,1.2310253229607866,0.9063983188833712,0.8799276024670989,0.970795713247921
Square,Female,1.2235513626782406,0.9064006744724323,0.8701099519754322,0.9599617216545839
Square,Female,1.2257919253329188,0.9051131211370418,0.8899134829740004,0.9832069187728193
Square,Female,1.1959939167833389,0.8816710739936577,0.8999992033447646,1.0207879444973587
Square,Female,1.1560522553410504,0.8873992971478984,0.892693850104241,1.0059663704640731
Square,Female,1.1753115186854584,0.9024017914897129,0.889549905889953,0.9857581337703867
Square,Female,1.2194871248526145,0.9137167823060152,0.8639964442249944,0.9455845191378254
Square,Female,1.1612677349615543,0.9033887890512553,0.8692337496718525,0.9621923143242982
Square,Female,1.1854954867193173,0.9136661417863895,0.8900101275071427,0.9741086889429932
Square,Female,1.2051052316008792,0.8687593409740038,0.9251092669483172,1.0648625267282157
Square,Female,1.1823730485725679,0.9178383988839117,0.8585893066565637,0.9354471415671923
Square,Female,1.1811045524759094,0.9020019557393433,0.8865421822657634,0.9828605987213099
Square,Female,1.2008704025205983,0.902723626106139,0.8548350327571641,0.9469509914617608
Square,Female,1.142456986049101,0.9075798989598691,0.8665627938741861,0.9548060670661717
Square,Female,1.2125823176919193,0.9108873548812626,0.8845673535632977,0.9711050974888155
Square,Female,1.1714789650906137,0.9080170622031353,0.8718986655690226,0.9602227775913394
Square,Female,1.2796995461204455,0.8957956048001859,0.8850615134080053,0.9880172537857284
Square,Female,1.2184249712509625,0.8992282914177403,0.8791864578848144,0.9777121852990995
Square,Female,1.1415323575072607,0.9033718088063675,0.8748116280036348,0.9683849102614022
Square,Female,1.0895523972306311,0.8698134033473032,0.8797996258945497,1.0114808791274272
Square,Female,1.1495623915548463,0.8844573605688497,0.8986928112127963,1.016095123720595
Square,Female,1.11612131934642,0.8731924129681192,0.8831279659107019,1.0113784233520882
Square,Female,1.1349526062910507,0.8814326896240755,0.8708107612264282,0.9879492461277135
Square,Female,1.1435432827957757,0.8830809886907701,0.8755146657911861,0.9914319037591313
Square,Female,1.082645477910678,0.8888129743685919,0.8746554915991503,0.9840714715269555
Square,Female,1.1092389426136848,0.8970537712566635,0.8724805662719252,0.9726067647535619
Square,Female,1.0933580185878398,0.8917546841351509,0.880225473413896,0.9870713202561573
Square,Female,1.1243527371703737,0.8976491100370714,0.8731419287302242,0.9726984842598072
Square,Female,1.1177646146086582,0.8890499643920842,0.8786600064806186,0.9883134150749672
Square,Female,1.2141523756731547,0.8944151020288339,0.8826427223203623,0.9868379014601074
Square,Female,1.1576548422855766,0.8960683919141804,0.8902485103518083,0.9935050922285746
Square,Female,1.1861183893145935,0.8939603475306921,0.8864903268951356,0.9916439015934093
Square,Female,1.20842936682839,0.8789261281543327,0.8936444933174228,1.0167458500681932
Square,Male,1.1769451773046105,0.8882522016247986,0.9026752485055125,1.016237558268171
Square,Female,1.19771478859985,0.8745956995406585,0.9143262212760407,1.0454273005872872
Square,Female,1.12887690186965,0.9217544695434984,0.8701503872391381,0.9440153706768383
Square,Female,1.147726242447368,0.9051358479538897,0.8795264214697868,0.9717065382594288
Square,Female,1.1346833827962612,0.8900431255156529,0.8833511742333306,0.9924813179378862
Square,Female,1.1551277498235513,0.880015234301668,0.9016407272660065,1.0245739984052655
Square,Male,1.1244165183241228,0.885360595808285,0.908067145677062,1.0256466686864998
Square,Female,1.1619909154043644,0.9018847048897226,0.8906103368010342,0.9874991026817923
Square,Female,1.1618092290661046,0.8964589301599682,0.8817170721654449,0.9835554563644173
Square,Female,1.1243699098903195,0.8816602475943544,0.8754460336859654,0.9929516909429175
Square,Female,1.2028091385957314,0.8884236175461661,0.9030629787778265,1.0164779064204692
Square,Female,1.14627283092224,0.9037240151623483,0.8801195817735956,0.973880927149521
Square,Female,1.1903979976797228,0.9032982240738998,0.8849182274121385,0.9796523493881488
Square,Female,1.1418839477646616,0.903204092674804,0.878880584124127,0.9730697538375365
Square,Female,1.1887452428167464,0.8994976887865269,0.8910776730337218,0.9906392024595814
Square,Female,1.2411693522700016,0.9056483144063153,0.8853788726161089,0.9776188599175014
Square,Female,1.1174886870638847,0.8974299472551601,0.8790774963390996,0.9795499905344228
Square,Female,1.1184499211803112,0.8746090290021985,0.9001706467665046,1.0292263364734162
Square,Female,1.1649115941588755,0.8759075670996852,0.9075609424676006,1.0361378032989557
Square,Female,1.1847985294666048,0.8993123222167372,0.8925731514963133,0.9925063067035351
Square,Female,1.2174110606892992,0.8860875086549654,0.9006442584944133,1.016428117648949
Square,Female,1.1844852052721278,0.8858120336025178,0.903570194216817,1.0200473237443821
Square,Female,1.1303596262686,0.8879018321928878,0.8851885402585823,0.9969441532431527
Square,Female,1.0696249310386914,0.8953844489755997,0.8567779395257917,0.9568827563467545
Square,Male,1.149174861600445,0.8816871666738345,0.9046181956527917,1.026008123794593
Square,Female,1.123949387677141,0.8985876629173183,0.8805293743114052,0.9799036984913795
Square,Female,1.093666016480746,0.9035789552534188,0.8795329159898828,0.9733880043091618
Square,Female,1.161410024410155,0.9111042056636048,0.8750023162183252,0.96037567468039
Square,Female,1.1301181888078382,0.8940012605916957,0.8982577169847602,1.004761130191525
Square,Female,1.126789432077496,0.8920945072632589,0.8829042832400286,0.989698149749376
Square,Female,1.111818704110157,0.8823344495544543,0.897026412545521,1.0166512403527772
